reference_no,reference_text_joined,source_lines_as_printed,project_text_before_last_location_suffix,last_location_suffix_as_printed,location_split_method,reference_scope,source_pdf_page,source_printed_page,source_column,catalog_text_color,verification_status,verification_note
1,28/2013 – 33/11 KV PSS AT MISFAH -04 / OMAN,28/2013 – 33/11 KV PSS AT MISFAH -04 / OMAN,28/2013 – 33/11 KV PSS AT MISFAH -04,OMAN,last slash suffix only; not externally verified,international_project_references,131,129,single,blue,catalogue_extracted_not_currently_verified,"Catalogue wording retained. Line wraps were reconstructed from the PDF layout; names, locations, project status and customer relationships were not externally verified."
2,33/11 KV PRIMARY SUBSTATION PACKAGE NO9 AL QOAF / OMAN,33/11 KV PRIMARY SUBSTATION PACKAGE NO9 AL QOAF / OMAN,33/11 KV PRIMARY SUBSTATION PACKAGE NO9 AL QOAF,OMAN,last slash suffix only; not externally verified,international_project_references,131,129,single,black,catalogue_extracted_not_currently_verified,"Catalogue wording retained. Line wraps were reconstructed from the PDF layout; names, locations, project status and customer relationships were not externally verified."
3,33/11 KV PSS – SHAKHAKHAIT / OMAN,33/11 KV PSS – SHAKHAKHAIT / OMAN,33/11 KV PSS – SHAKHAKHAIT,OMAN,last slash suffix only; not externally verified,international_project_references,131,129,single,blue,catalogue_extracted_not_currently_verified,"Catalogue wording retained. Line wraps were reconstructed from the PDF layout; names, locations, project status and customer relationships were not externally verified."
4,33/11 KV PSS AT MUSANDAM / OMAN,33/11 KV PSS AT MUSANDAM / OMAN,33/11 KV PSS AT MUSANDAM,OMAN,last slash suffix only; not externally verified,international_project_references,131,129,single,black,catalogue_extracted_not_currently_verified,"Catalogue wording retained. Line wraps were reconstructed from the PDF layout; names, locations, project status and customer relationships were not externally verified."
5,40” GAS PIPELINE FROM BS 131 TO LPG PLANT AT MAA / KUWAIT,40” GAS PIPELINE FROM BS 131 TO LPG PLANT AT MAA / KUWAIT,40” GAS PIPELINE FROM BS 131 TO LPG PLANT AT MAA,KUWAIT,last slash suffix only; not externally verified,international_project_references,131,129,single,blue,catalogue_extracted_not_currently_verified,"Catalogue wording retained. Line wraps were reconstructed from the PDF layout; names, locations, project status and customer relationships were not externally verified."
6,54/2013 – 33/11 PSS AT SHAYH DHA / OMAN,54/2013 – 33/11 PSS AT SHAYH DHA / OMAN,54/2013 – 33/11 PSS AT SHAYH DHA,OMAN,last slash suffix only; not externally verified,international_project_references,131,129,single,black,catalogue_extracted_not_currently_verified,"Catalogue wording retained. Line wraps were reconstructed from the PDF layout; names, locations, project status and customer relationships were not externally verified."
7,ABU DHABI CRUDE OIL & PIPELINE PROJECT HABSHAN TO FUJAIRAH / UAE,ABU DHABI CRUDE OIL & PIPELINE PROJECT HABSHAN TO FUJAIRAH / UAE,ABU DHABI CRUDE OIL & PIPELINE PROJECT HABSHAN TO FUJAIRAH,UAE,last slash suffix only; not externally verified,international_project_references,131,129,single,blue,catalogue_extracted_not_currently_verified,"Catalogue wording retained. Line wraps were reconstructed from the PDF layout; names, locations, project status and customer relationships were not externally verified."
8,ADNAN MENDERES AIRPORT - IZMIR / TURKIYE,ADNAN MENDERES AIRPORT - IZMIR / TURKIYE,ADNAN MENDERES AIRPORT - IZMIR,TURKIYE,last slash suffix only; not externally verified,international_project_references,131,129,single,black,catalogue_extracted_not_currently_verified,"Catalogue wording retained. Line wraps were reconstructed from the PDF layout; names, locations, project status and customer relationships were not externally verified."
9,AIN TSILA DEVELOPMENT PROJECT / ALGERIA,AIN TSILA DEVELOPMENT PROJECT / ALGERIA,AIN TSILA DEVELOPMENT PROJECT,ALGERIA,last slash suffix only; not externally verified,international_project_references,131,129,single,blue,catalogue_extracted_not_currently_verified,"Catalogue wording retained. Line wraps were reconstructed from the PDF layout; names, locations, project status and customer relationships were not externally verified."
10,AL DHAID EMARAT PETROL STATION - AL RASHIDIYA FILLING STATION - AL RUMAILA EMARAT FILLING STATION - AL MAFREQ EMARAT FILLING STATION / UAE,AL DHAID EMARAT PETROL STATION - AL RASHIDIYA FILLING STATION - AL RUMAILA || EMARAT FILLING STATION - AL MAFREQ EMARAT FILLING STATION / UAE,AL DHAID EMARAT PETROL STATION - AL RASHIDIYA FILLING STATION - AL RUMAILA EMARAT FILLING STATION - AL MAFREQ EMARAT FILLING STATION,UAE,last slash suffix only; not externally verified,international_project_references,131,129,single,black,catalogue_extracted_not_currently_verified,"Catalogue wording retained. Line wraps were reconstructed from the PDF layout; names, locations, project status and customer relationships were not externally verified."
11,AL HABBI PSS - AFFI PSS / OMAN,AL HABBI PSS - AFFI PSS / OMAN,AL HABBI PSS - AFFI PSS,OMAN,last slash suffix only; not externally verified,international_project_references,131,129,single,blue,catalogue_extracted_not_currently_verified,"Catalogue wording retained. Line wraps were reconstructed from the PDF layout; names, locations, project status and customer relationships were not externally verified."
12,AL HAMERIYA PETROL STATION - AL BARSHA STATION - ENOC FILLING STATION / UAE,AL HAMERIYA PETROL STATION - AL BARSHA STATION - ENOC FILLING STATION / UAE,AL HAMERIYA PETROL STATION - AL BARSHA STATION - ENOC FILLING STATION,UAE,last slash suffix only; not externally verified,international_project_references,131,129,single,black,catalogue_extracted_not_currently_verified,"Catalogue wording retained. Line wraps were reconstructed from the PDF layout; names, locations, project status and customer relationships were not externally verified."
13,"AL HILAL PROPERTIES, B+G+3P+31 OFFICE BLDG - DUBAI / UAE","AL HILAL PROPERTIES, B+G+3P+31 OFFICE BLDG - DUBAI / UAE","AL HILAL PROPERTIES, B+G+3P+31 OFFICE BLDG - DUBAI",UAE,last slash suffix only; not externally verified,international_project_references,131,129,single,blue,catalogue_extracted_not_currently_verified,"Catalogue wording retained. Line wraps were reconstructed from the PDF layout; names, locations, project status and customer relationships were not externally verified."
14,AL TALLAH PETROL STATION / UAE,AL TALLAH PETROL STATION / UAE,AL TALLAH PETROL STATION,UAE,last slash suffix only; not externally verified,international_project_references,131,129,single,black,catalogue_extracted_not_currently_verified,"Catalogue wording retained. Line wraps were reconstructed from the PDF layout; names, locations, project status and customer relationships were not externally verified."
15,AL-AMARA GAS TURBINES POWER PLANT PROJECT / IRAQ,AL-AMARA GAS TURBINES POWER PLANT PROJECT / IRAQ,AL-AMARA GAS TURBINES POWER PLANT PROJECT,IRAQ,last slash suffix only; not externally verified,international_project_references,131,129,single,blue,catalogue_extracted_not_currently_verified,"Catalogue wording retained. Line wraps were reconstructed from the PDF layout; names, locations, project status and customer relationships were not externally verified."
16,ALMONDHILL ACIBADEM - ISTANBUL / TURKIYE,ALMONDHILL ACIBADEM - ISTANBUL / TURKIYE,ALMONDHILL ACIBADEM - ISTANBUL,TURKIYE,last slash suffix only; not externally verified,international_project_references,131,129,single,black,catalogue_extracted_not_currently_verified,"Catalogue wording retained. Line wraps were reconstructed from the PDF layout; names, locations, project status and customer relationships were not externally verified."
17,ANTALYA AIRPORT - ANTALYA / TURKIYE,ANTALYA AIRPORT - ANTALYA / TURKIYE,ANTALYA AIRPORT - ANTALYA,TURKIYE,last slash suffix only; not externally verified,international_project_references,131,129,single,blue,catalogue_extracted_not_currently_verified,"Catalogue wording retained. Line wraps were reconstructed from the PDF layout; names, locations, project status and customer relationships were not externally verified."
18,ARABIAN CENTER - DUBAI / UAE,ARABIAN CENTER - DUBAI / UAE,ARABIAN CENTER - DUBAI,UAE,last slash suffix only; not externally verified,international_project_references,131,129,single,black,catalogue_extracted_not_currently_verified,"Catalogue wording retained. Line wraps were reconstructed from the PDF layout; names, locations, project status and customer relationships were not externally verified."
19,ARABIAN RANCHES 2 DEVELOPMENT CAMELIA 1 & 2 PROJECT - DUBAI / UAE,ARABIAN RANCHES 2 DEVELOPMENT CAMELIA 1 & 2 PROJECT - DUBAI / UAE,ARABIAN RANCHES 2 DEVELOPMENT CAMELIA 1 & 2 PROJECT - DUBAI,UAE,last slash suffix only; not externally verified,international_project_references,131,129,single,blue,catalogue_extracted_not_currently_verified,"Catalogue wording retained. Line wraps were reconstructed from the PDF layout; names, locations, project status and customer relationships were not externally verified."
20,"ARABIAN RANCHES II - CAMELIA 258 & 168 HOUSE, WADI AL SAFA - DUBAI / UAE","ARABIAN RANCHES II - CAMELIA 258 & 168 HOUSE, WADI AL SAFA - DUBAI / UAE","ARABIAN RANCHES II - CAMELIA 258 & 168 HOUSE, WADI AL SAFA - DUBAI",UAE,last slash suffix only; not externally verified,international_project_references,131,129,single,black,catalogue_extracted_not_currently_verified,"Catalogue wording retained. Line wraps were reconstructed from the PDF layout; names, locations, project status and customer relationships were not externally verified."
21,"ARABIAN RANCHES III DEVELOPMENT PHASE 2B & 2C (CAYA), MAIN WORKS - DUBAI / UAE","ARABIAN RANCHES III DEVELOPMENT PHASE 2B & 2C (CAYA), MAIN WORKS - DUBAI / UAE","ARABIAN RANCHES III DEVELOPMENT PHASE 2B & 2C (CAYA), MAIN WORKS - DUBAI",UAE,last slash suffix only; not externally verified,international_project_references,131,129,single,blue,catalogue_extracted_not_currently_verified,"Catalogue wording retained. Line wraps were reconstructed from the PDF layout; names, locations, project status and customer relationships were not externally verified."
22,AVON FACTORY - ISTANBUL / TURKIYE,AVON FACTORY - ISTANBUL / TURKIYE,AVON FACTORY - ISTANBUL,TURKIYE,last slash suffix only; not externally verified,international_project_references,131,129,single,black,catalogue_extracted_not_currently_verified,"Catalogue wording retained. Line wraps were reconstructed from the PDF layout; names, locations, project status and customer relationships were not externally verified."
23,AWALI FIELD DEVELOPMENT FITOUT OF 3X220KV ELECTRICAL SUBSTATION AND 220KV DISTRIBUTION SYSTEM / BAHRAIN,AWALI FIELD DEVELOPMENT FITOUT OF 3X220KV ELECTRICAL SUBSTATION AND || 220KV DISTRIBUTION SYSTEM / BAHRAIN,AWALI FIELD DEVELOPMENT FITOUT OF 3X220KV ELECTRICAL SUBSTATION AND 220KV DISTRIBUTION SYSTEM,BAHRAIN,last slash suffix only; not externally verified,international_project_references,131,129,single,blue,catalogue_extracted_not_currently_verified,"Catalogue wording retained. Line wraps were reconstructed from the PDF layout; names, locations, project status and customer relationships were not externally verified."
24,BAB HABSHAN 1 DEVELOPMENT PROJECT (PHASE-1) - ABU DHABI / UAE,BAB HABSHAN 1 DEVELOPMENT PROJECT (PHASE-1) - ABU DHABI / UAE,BAB HABSHAN 1 DEVELOPMENT PROJECT (PHASE-1) - ABU DHABI,UAE,last slash suffix only; not externally verified,international_project_references,131,129,single,black,catalogue_extracted_not_currently_verified,"Catalogue wording retained. Line wraps were reconstructed from the PDF layout; names, locations, project status and customer relationships were not externally verified."
25,"BAKU-TBILISI-CEYHAN CRUDE OIL PIPELINE PROJECT (NORTH) / AZERBAIJAN, GEORGIA, TURKIYE","BAKU-TBILISI-CEYHAN CRUDE OIL PIPELINE PROJECT (NORTH) / || AZERBAIJAN, GEORGIA, TURKIYE",BAKU-TBILISI-CEYHAN CRUDE OIL PIPELINE PROJECT (NORTH),"AZERBAIJAN, GEORGIA, TURKIYE",last slash suffix only; not externally verified,international_project_references,131,129,single,blue,catalogue_extracted_not_currently_verified,"Catalogue wording retained. Line wraps were reconstructed from the PDF layout; names, locations, project status and customer relationships were not externally verified."
26,"BAKU-TBILISI-CEYHAN CRUDE OIL PIPELINE PROJECT (SOUTH)) / AZERBAIJAN, GEORGIA, TURKIYE","BAKU-TBILISI-CEYHAN CRUDE OIL PIPELINE PROJECT (SOUTH)) / || AZERBAIJAN, GEORGIA, TURKIYE",BAKU-TBILISI-CEYHAN CRUDE OIL PIPELINE PROJECT (SOUTH)),"AZERBAIJAN, GEORGIA, TURKIYE",last slash suffix only; not externally verified,international_project_references,131,129,single,black,catalogue_extracted_not_currently_verified,"Catalogue wording retained. Line wraps were reconstructed from the PDF layout; names, locations, project status and customer relationships were not externally verified."
27,BERMUDA VIEWS TOWER - DUBAI / UAE,BERMUDA VIEWS TOWER - DUBAI / UAE,BERMUDA VIEWS TOWER - DUBAI,UAE,last slash suffix only; not externally verified,international_project_references,131,129,single,blue,catalogue_extracted_not_currently_verified,"Catalogue wording retained. Line wraps were reconstructed from the PDF layout; names, locations, project status and customer relationships were not externally verified."
28,BORWIN 3-EPIC OF OFFSHORE CONVERTOR PLATFORM / GERMANY BTR4128 UREA - GEMLIK GUBRE EPC / TURKIYE,BORWIN 3-EPIC OF OFFSHORE CONVERTOR PLATFORM / GERMANY || BTR4128 UREA - GEMLIK GUBRE EPC / TURKIYE,BORWIN 3-EPIC OF OFFSHORE CONVERTOR PLATFORM / GERMANY BTR4128 UREA - GEMLIK GUBRE EPC,TURKIYE,last slash suffix only; not externally verified,international_project_references,131,129,single,black,catalogue_extracted_not_currently_verified,"Catalogue wording retained. Line wraps were reconstructed from the PDF layout; names, locations, project status and customer relationships were not externally verified."
29,BU HASA INTEGRATED FIELD DEVELOPMENT PROJECT - ABU DHABI / UAE,BU HASA INTEGRATED FIELD DEVELOPMENT PROJECT - ABU DHABI / UAE,BU HASA INTEGRATED FIELD DEVELOPMENT PROJECT - ABU DHABI,UAE,last slash suffix only; not externally verified,international_project_references,131,129,single,blue,catalogue_extracted_not_currently_verified,"Catalogue wording retained. Line wraps were reconstructed from the PDF layout; names, locations, project status and customer relationships were not externally verified."
30,BU HASA OIL FIELD EXPANSION PROJECT - ABU DHABI / UAE,BU HASA OIL FIELD EXPANSION PROJECT - ABU DHABI / UAE,BU HASA OIL FIELD EXPANSION PROJECT - ABU DHABI,UAE,last slash suffix only; not externally verified,international_project_references,131,129,single,black,catalogue_extracted_not_currently_verified,"Catalogue wording retained. Line wraps were reconstructed from the PDF layout; names, locations, project status and customer relationships were not externally verified."
31,BU HASA OVER PRESSURE PROT & WELL HEAD - ABU DHABI / UAE CAIRO AIRPORT / EGYPT,BU HASA OVER PRESSURE PROT & WELL HEAD - ABU DHABI / UAE || CAIRO AIRPORT / EGYPT,BU HASA OVER PRESSURE PROT & WELL HEAD - ABU DHABI / UAE CAIRO AIRPORT,EGYPT,last slash suffix only; not externally verified,international_project_references,131,129,single,blue,catalogue_extracted_not_currently_verified,"Catalogue wording retained. Line wraps were reconstructed from the PDF layout; names, locations, project status and customer relationships were not externally verified."
32,CARTAGENA LUBE BASE OIL COMPLEX-PHASE 2 IN - CARTAGENA / SPAIN,CARTAGENA LUBE BASE OIL COMPLEX-PHASE 2 IN - CARTAGENA / SPAIN,CARTAGENA LUBE BASE OIL COMPLEX-PHASE 2 IN - CARTAGENA,SPAIN,last slash suffix only; not externally verified,international_project_references,131,129,single,black,catalogue_extracted_not_currently_verified,"Catalogue wording retained. Line wraps were reconstructed from the PDF layout; names, locations, project status and customer relationships were not externally verified."
33,CE/448B/2007 - INVESTMENT RESIDENCES & JEBEL ALI HORSE RACE COURSE 132/11 KV SUBSTATIONS AND ASSOCIATE WORKS / BAHRAIN,CE/448B/2007 - INVESTMENT RESIDENCES & JEBEL ALI HORSE RACE COURSE || 132/11 KV SUBSTATIONS AND ASSOCIATE WORKS / BAHRAIN,CE/448B/2007 - INVESTMENT RESIDENCES & JEBEL ALI HORSE RACE COURSE 132/11 KV SUBSTATIONS AND ASSOCIATE WORKS,BAHRAIN,last slash suffix only; not externally verified,international_project_references,131,129,single,blue,catalogue_extracted_not_currently_verified,"Catalogue wording retained. Line wraps were reconstructed from the PDF layout; names, locations, project status and customer relationships were not externally verified."
34,"CENTRAL PROCESSING FACILITY (CPF), KHAZZAN PROJECT / OMAN","CENTRAL PROCESSING FACILITY (CPF), KHAZZAN PROJECT / OMAN","CENTRAL PROCESSING FACILITY (CPF), KHAZZAN PROJECT",OMAN,last slash suffix only; not externally verified,international_project_references,131,129,single,black,catalogue_extracted_not_currently_verified,"Catalogue wording retained. Line wraps were reconstructed from the PDF layout; names, locations, project status and customer relationships were not externally verified."
35,CHEMICAL AND REFINING INTEGRATED SINGAPORE PLANT (CRISP),CHEMICAL AND REFINING INTEGRATED SINGAPORE PLANT (CRISP),CHEMICAL AND REFINING INTEGRATED SINGAPORE PLANT (CRISP),,no slash suffix,international_project_references,131,129,single,blue,catalogue_extracted_not_currently_verified,"Catalogue wording retained. Line wraps were reconstructed from the PDF layout; names, locations, project status and customer relationships were not externally verified."
36,CITY OF ARABIA - MM17 WADI WALK - DUBAI / UAE,CITY OF ARABIA - MM17 WADI WALK - DUBAI / UAE,CITY OF ARABIA - MM17 WADI WALK - DUBAI,UAE,last slash suffix only; not externally verified,international_project_references,131,129,single,black,catalogue_extracted_not_currently_verified,"Catalogue wording retained. Line wraps were reconstructed from the PDF layout; names, locations, project status and customer relationships were not externally verified."
37,CLEAN FUEL PROJECT / THAILAND,CLEAN FUEL PROJECT / THAILAND,CLEAN FUEL PROJECT,THAILAND,last slash suffix only; not externally verified,international_project_references,131,129,single,blue,catalogue_extracted_not_currently_verified,"Catalogue wording retained. Line wraps were reconstructed from the PDF layout; names, locations, project status and customer relationships were not externally verified."
38,"CLEAN FUELS, MAB-1 / KUWAIT","CLEAN FUELS, MAB-1 / KUWAIT","CLEAN FUELS, MAB-1",KUWAIT,last slash suffix only; not externally verified,international_project_references,131,129,single,black,catalogue_extracted_not_currently_verified,"Catalogue wording retained. Line wraps were reconstructed from the PDF layout; names, locations, project status and customer relationships were not externally verified."
39,COMPRESSION STATION AND GAS REINJECTION OF ZCINA-HMD / NORTH ALGERIA,COMPRESSION STATION AND GAS REINJECTION OF ZCINA-HMD / NORTH ALGERIA,COMPRESSION STATION AND GAS REINJECTION OF ZCINA-HMD,NORTH ALGERIA,last slash suffix only; not externally verified,international_project_references,131,129,single,blue,catalogue_extracted_not_currently_verified,"Catalogue wording retained. Line wraps were reconstructed from the PDF layout; names, locations, project status and customer relationships were not externally verified."
40,"COMPRESSION STATION AT HASSI R’ MEL GR5 GAS PIPELINE, ALGERIA FOR COMPANY","COMPRESSION STATION AT HASSI R’ MEL GR5 GAS PIPELINE, || ALGERIA FOR COMPANY","COMPRESSION STATION AT HASSI R’ MEL GR5 GAS PIPELINE, ALGERIA FOR COMPANY",,no slash suffix,international_project_references,132,130,single,blue,catalogue_extracted_not_currently_verified,"Catalogue wording retained. Line wraps were reconstructed from the PDF layout; names, locations, project status and customer relationships were not externally verified."
41,COMPRESSION STATION OF THE OFFSHORE PROCESSING FACILITY IN THE SAKHALIN ISLAND OF THE RUSSIAN FEDERATION,COMPRESSION STATION OF THE OFFSHORE PROCESSING FACILITY IN THE || SAKHALIN ISLAND OF THE RUSSIAN FEDERATION,COMPRESSION STATION OF THE OFFSHORE PROCESSING FACILITY IN THE SAKHALIN ISLAND OF THE RUSSIAN FEDERATION,,no slash suffix,international_project_references,132,130,single,black,catalogue_extracted_not_currently_verified,"Catalogue wording retained. Line wraps were reconstructed from the PDF layout; names, locations, project status and customer relationships were not externally verified."
42,CONSTRUCTION OF DUJA TOWER 4B+G+50 FLOORS+MECH+HC+ROOF COMMERCIAL/RESIDENTIAL TOWER PLOT NO(335-107) - DUBAI /UAE,CONSTRUCTION OF DUJA TOWER 4B+G+50 FLOORS+MECH+HC+ROOF COM- || MERCIAL/RESIDENTIAL TOWER PLOT NO(335-107) - DUBAI /UAE,CONSTRUCTION OF DUJA TOWER 4B+G+50 FLOORS+MECH+HC+ROOF COMMERCIAL/RESIDENTIAL TOWER PLOT NO(335-107) - DUBAI,UAE,last slash suffix only; not externally verified,international_project_references,132,130,single,blue,catalogue_extracted_not_currently_verified,"Catalogue wording retained. Line wraps were reconstructed from the PDF layout; names, locations, project status and customer relationships were not externally verified."
43,CONSTRUCTION OF NEW BLDG FOR 11KV SWITCH GEARS / OMAN,CONSTRUCTION OF NEW BLDG FOR 11KV SWITCH GEARS / OMAN,CONSTRUCTION OF NEW BLDG FOR 11KV SWITCH GEARS,OMAN,last slash suffix only; not externally verified,international_project_references,132,130,single,black,catalogue_extracted_not_currently_verified,"Catalogue wording retained. Line wraps were reconstructed from the PDF layout; names, locations, project status and customer relationships were not externally verified."
44,"CPF PHASE 1, BADRA OIL FIELD PROJECT / IRAQ","CPF PHASE 1, BADRA OIL FIELD PROJECT / IRAQ","CPF PHASE 1, BADRA OIL FIELD PROJECT",IRAQ,last slash suffix only; not externally verified,international_project_references,132,130,single,blue,catalogue_extracted_not_currently_verified,"Catalogue wording retained. Line wraps were reconstructed from the PDF layout; names, locations, project status and customer relationships were not externally verified."
45,DALMA GAS DEVELOPMENT / UAE,DALMA GAS DEVELOPMENT / UAE,DALMA GAS DEVELOPMENT,UAE,last slash suffix only; not externally verified,international_project_references,132,130,single,black,catalogue_extracted_not_currently_verified,"Catalogue wording retained. Line wraps were reconstructed from the PDF layout; names, locations, project status and customer relationships were not externally verified."
46,DHE - B095 - PALM HILLS VILLA (PA03B) - MAIN CONTRACT WORKS / EGYPT,DHE - B095 - PALM HILLS VILLA (PA03B) - MAIN CONTRACT WORKS / EGYPT,DHE - B095 - PALM HILLS VILLA (PA03B) - MAIN CONTRACT WORKS,EGYPT,last slash suffix only; not externally verified,international_project_references,132,130,single,blue,catalogue_extracted_not_currently_verified,"Catalogue wording retained. Line wraps were reconstructed from the PDF layout; names, locations, project status and customer relationships were not externally verified."
47,DNO MIDDLE EAST HAWLER 2 / IRAQ,DNO MIDDLE EAST HAWLER 2 / IRAQ,DNO MIDDLE EAST HAWLER 2,IRAQ,last slash suffix only; not externally verified,international_project_references,132,130,single,black,catalogue_extracted_not_currently_verified,"Catalogue wording retained. Line wraps were reconstructed from the PDF layout; names, locations, project status and customer relationships were not externally verified."
48,DNO MIDDLE EAST TAWKE / IRAQ,DNO MIDDLE EAST TAWKE / IRAQ,DNO MIDDLE EAST TAWKE,IRAQ,last slash suffix only; not externally verified,international_project_references,132,130,single,blue,catalogue_extracted_not_currently_verified,"Catalogue wording retained. Line wraps were reconstructed from the PDF layout; names, locations, project status and customer relationships were not externally verified."
49,DOHA NORTH PUMPING & SEWAGE TREATMENT PLANT / QATAR,DOHA NORTH PUMPING & SEWAGE TREATMENT PLANT / QATAR,DOHA NORTH PUMPING & SEWAGE TREATMENT PLANT,QATAR,last slash suffix only; not externally verified,international_project_references,132,130,single,black,catalogue_extracted_not_currently_verified,"Catalogue wording retained. Line wraps were reconstructed from the PDF layout; names, locations, project status and customer relationships were not externally verified."
50,DOLPHIN ENERGY / QATAR,DOLPHIN ENERGY / QATAR,DOLPHIN ENERGY,QATAR,last slash suffix only; not externally verified,international_project_references,132,130,single,blue,catalogue_extracted_not_currently_verified,"Catalogue wording retained. Line wraps were reconstructed from the PDF layout; names, locations, project status and customer relationships were not externally verified."
51,DOST BILIM MEDICINE FACTORY - ISTANBUL / TURKIYE,DOST BILIM MEDICINE FACTORY - ISTANBUL / TURKIYE,DOST BILIM MEDICINE FACTORY - ISTANBUL,TURKIYE,last slash suffix only; not externally verified,international_project_references,132,130,single,black,catalogue_extracted_not_currently_verified,"Catalogue wording retained. Line wraps were reconstructed from the PDF layout; names, locations, project status and customer relationships were not externally verified."
52,DUBAI METRO AL QUSAIS CAR PARK - DUBAI / UAE,DUBAI METRO AL QUSAIS CAR PARK - DUBAI / UAE,DUBAI METRO AL QUSAIS CAR PARK - DUBAI,UAE,last slash suffix only; not externally verified,international_project_references,132,130,single,blue,catalogue_extracted_not_currently_verified,"Catalogue wording retained. Line wraps were reconstructed from the PDF layout; names, locations, project status and customer relationships were not externally verified."
53,EBLA GAA PROJECT / SYRIA,EBLA GAA PROJECT / SYRIA,EBLA GAA PROJECT,SYRIA,last slash suffix only; not externally verified,international_project_references,132,130,single,black,catalogue_extracted_not_currently_verified,"Catalogue wording retained. Line wraps were reconstructed from the PDF layout; names, locations, project status and customer relationships were not externally verified."
54,EFFLUENT WATER INJECTION PHASE-01 & SEA WATER INJECTION PHASE 2 / KUWAIT,EFFLUENT WATER INJECTION PHASE-01 & SEA WATER INJECTION PHASE 2 || / KUWAIT,EFFLUENT WATER INJECTION PHASE-01 & SEA WATER INJECTION PHASE 2,KUWAIT,last slash suffix only; not externally verified,international_project_references,132,130,single,blue,catalogue_extracted_not_currently_verified,"Catalogue wording retained. Line wraps were reconstructed from the PDF layout; names, locations, project status and customer relationships were not externally verified."
55,EL MERK CENTRAL PROCESSING FACILITY / ALGERIA,EL MERK CENTRAL PROCESSING FACILITY / ALGERIA,EL MERK CENTRAL PROCESSING FACILITY,ALGERIA,last slash suffix only; not externally verified,international_project_references,132,130,single,black,catalogue_extracted_not_currently_verified,"Catalogue wording retained. Line wraps were reconstructed from the PDF layout; names, locations, project status and customer relationships were not externally verified."
56,"EMAAR SOUTH GREENVIEW TOWNHOMES, COMMUNITY CENTRE AND GUARD HOUSE / UAE","EMAAR SOUTH GREENVIEW TOWNHOMES, COMMUNITY CENTRE AND GUARD || HOUSE / UAE","EMAAR SOUTH GREENVIEW TOWNHOMES, COMMUNITY CENTRE AND GUARD HOUSE",UAE,last slash suffix only; not externally verified,international_project_references,132,130,single,blue,catalogue_extracted_not_currently_verified,"Catalogue wording retained. Line wraps were reconstructed from the PDF layout; names, locations, project status and customer relationships were not externally verified."
57,"EMERK PROJECT , CENTRAL PROCESSING FACILITY & TELECOM - ALGERIA","EMERK PROJECT , CENTRAL PROCESSING FACILITY & TELECOM - ALGERIA","EMERK PROJECT , CENTRAL PROCESSING FACILITY & TELECOM - ALGERIA",,no slash suffix,international_project_references,132,130,single,black,catalogue_extracted_not_currently_verified,"Catalogue wording retained. Line wraps were reconstructed from the PDF layout; names, locations, project status and customer relationships were not externally verified."
58,EPC & C FOR 33 & 11 KV DISTRIBUTION SYSTEM / BAHRAIN,EPC & C FOR 33 & 11 KV DISTRIBUTION SYSTEM / BAHRAIN,EPC & C FOR 33 & 11 KV DISTRIBUTION SYSTEM,BAHRAIN,last slash suffix only; not externally verified,international_project_references,132,130,single,blue,catalogue_extracted_not_currently_verified,"Catalogue wording retained. Line wraps were reconstructed from the PDF layout; names, locations, project status and customer relationships were not externally verified."
59,"EPC FOR AL DABBIYA THAMAMA TRANSITION ZONE B DEVELOPMENT, PHASE II PROJECT - ABU DHABI / UAE","EPC FOR AL DABBIYA THAMAMA TRANSITION ZONE B DEVELOPMENT, PHASE || II PROJECT - ABU DHABI / UAE","EPC FOR AL DABBIYA THAMAMA TRANSITION ZONE B DEVELOPMENT, PHASE II PROJECT - ABU DHABI",UAE,last slash suffix only; not externally verified,international_project_references,132,130,single,black,catalogue_extracted_not_currently_verified,"Catalogue wording retained. Line wraps were reconstructed from the PDF layout; names, locations, project status and customer relationships were not externally verified."
60,EPC FOR BAB FACILITIES - ABU DHABI / UAE,EPC FOR BAB FACILITIES - ABU DHABI / UAE,EPC FOR BAB FACILITIES - ABU DHABI,UAE,last slash suffix only; not externally verified,international_project_references,132,130,single,blue,catalogue_extracted_not_currently_verified,"Catalogue wording retained. Line wraps were reconstructed from the PDF layout; names, locations, project status and customer relationships were not externally verified."
61,EPC FOR DALMA GAS DEVELOPMENT PROJECT - ABU DHABI / UAE,EPC FOR DALMA GAS DEVELOPMENT PROJECT - ABU DHABI / UAE,EPC FOR DALMA GAS DEVELOPMENT PROJECT - ABU DHABI,UAE,last slash suffix only; not externally verified,international_project_references,132,130,single,black,catalogue_extracted_not_currently_verified,"Catalogue wording retained. Line wraps were reconstructed from the PDF layout; names, locations, project status and customer relationships were not externally verified."
62,EPC FOR RHCU ISBL AND FEED OSBL / LITHUANIA,EPC FOR RHCU ISBL AND FEED OSBL / LITHUANIA,EPC FOR RHCU ISBL AND FEED OSBL,LITHUANIA,last slash suffix only; not externally verified,international_project_references,132,130,single,blue,catalogue_extracted_not_currently_verified,"Catalogue wording retained. Line wraps were reconstructed from the PDF layout; names, locations, project status and customer relationships were not externally verified."
63,EPC FOR THE PROVISION AND INSTALLATION OF NEW BYPASS SYSTEM AT MP-21 AND REMOVAL OF REDUNDANT LINES AT OLD MP-21-ABU DHABI / UAE,EPC FOR THE PROVISION AND INSTALLATION OF NEW BYPASS SYSTEM AT || MP-21 AND REMOVAL OF REDUNDANT LINES AT OLD MP-21-ABU DHABI / || UAE,EPC FOR THE PROVISION AND INSTALLATION OF NEW BYPASS SYSTEM AT MP-21 AND REMOVAL OF REDUNDANT LINES AT OLD MP-21-ABU DHABI,UAE,last slash suffix only; not externally verified,international_project_references,132,130,single,black,catalogue_extracted_not_currently_verified,"Catalogue wording retained. Line wraps were reconstructed from the PDF layout; names, locations, project status and customer relationships were not externally verified."
64,EPC OF FLOWLINE & WELLHEAD PKG - ABU DHABI / UAE,EPC OF FLOWLINE & WELLHEAD PKG - ABU DHABI / UAE,EPC OF FLOWLINE & WELLHEAD PKG - ABU DHABI,UAE,last slash suffix only; not externally verified,international_project_references,132,130,single,blue,catalogue_extracted_not_currently_verified,"Catalogue wording retained. Line wraps were reconstructed from the PDF layout; names, locations, project status and customer relationships were not externally verified."
65,EPCC OF THE NEW WATER TREATING FACILITIES (BROWNFIELD & GREENFIELD) / KAZAKHSTAN,EPCC OF THE NEW WATER TREATING FACILITIES (BROWNFIELD & GREENFI- || ELD) / KAZAKHSTAN,EPCC OF THE NEW WATER TREATING FACILITIES (BROWNFIELD & GREENFIELD),KAZAKHSTAN,last slash suffix only; not externally verified,international_project_references,132,130,single,black,catalogue_extracted_not_currently_verified,"Catalogue wording retained. Line wraps were reconstructed from the PDF layout; names, locations, project status and customer relationships were not externally verified."
66,EPIC FOR AUTOMATION UPGRADE FOR NGL STORAGE AND LOADING FACILITIES - MESAIEED / QATAR,EPIC FOR AUTOMATION UPGRADE FOR NGL STORAGE AND LOADING FACILITI- || ES - MESAIEED / QATAR,EPIC FOR AUTOMATION UPGRADE FOR NGL STORAGE AND LOADING FACILITIES - MESAIEED,QATAR,last slash suffix only; not externally verified,international_project_references,132,130,single,blue,catalogue_extracted_not_currently_verified,"Catalogue wording retained. Line wraps were reconstructed from the PDF layout; names, locations, project status and customer relationships were not externally verified."
67,ESENBOGA AIRPORT - ANKARA / TURKIYE,ESENBOGA AIRPORT - ANKARA / TURKIYE,ESENBOGA AIRPORT - ANKARA,TURKIYE,last slash suffix only; not externally verified,international_project_references,132,130,single,black,catalogue_extracted_not_currently_verified,"Catalogue wording retained. Line wraps were reconstructed from the PDF layout; names, locations, project status and customer relationships were not externally verified."
68,EXECUTION OF A SEPARATION AND COMPRESSION CENTRE (CSC) AT THE PERIPHERY SOUTH HGA - HASSI MESSAOUD / ALGERIA,EXECUTION OF A SEPARATION AND COMPRESSION CENTRE (CSC) AT THE || PERIPHERY SOUTH HGA - HASSI MESSAOUD / ALGERIA,EXECUTION OF A SEPARATION AND COMPRESSION CENTRE (CSC) AT THE PERIPHERY SOUTH HGA - HASSI MESSAOUD,ALGERIA,last slash suffix only; not externally verified,international_project_references,132,130,single,blue,catalogue_extracted_not_currently_verified,"Catalogue wording retained. Line wraps were reconstructed from the PDF layout; names, locations, project status and customer relationships were not externally verified."
69,EXPANSION OF BAB GAS COMPRESSION PROJECT -EBGCP (PHASE-2) ABU DHABI / UAE,EXPANSION OF BAB GAS COMPRESSION PROJECT -EBGCP (PHASE-2) - || ABU DHABI / UAE,EXPANSION OF BAB GAS COMPRESSION PROJECT -EBGCP (PHASE-2) ABU DHABI,UAE,last slash suffix only; not externally verified,international_project_references,132,130,single,black,catalogue_extracted_not_currently_verified,"Catalogue wording retained. Line wraps were reconstructed from the PDF layout; names, locations, project status and customer relationships were not externally verified."
70,"G+2P+H.C+20 COMMERCIAL, OFFICE BLDG / UAE","G+2P+H.C+20 COMMERCIAL, OFFICE BLDG / UAE","G+2P+H.C+20 COMMERCIAL, OFFICE BLDG",UAE,last slash suffix only; not externally verified,international_project_references,132,130,single,blue,catalogue_extracted_not_currently_verified,"Catalogue wording retained. Line wraps were reconstructed from the PDF layout; names, locations, project status and customer relationships were not externally verified."
71,GARY PLAYER GOLF COURSE BUILDING / UAE,GARY PLAYER GOLF COURSE BUILDING / UAE,GARY PLAYER GOLF COURSE BUILDING,UAE,last slash suffix only; not externally verified,international_project_references,132,130,single,black,catalogue_extracted_not_currently_verified,"Catalogue wording retained. Line wraps were reconstructed from the PDF layout; names, locations, project status and customer relationships were not externally verified."
72,GASTECH INTERNATIONAL FZCO. PJ/9113 / IRAN,GASTECH INTERNATIONAL FZCO. PJ/9113 / IRAN,GASTECH INTERNATIONAL FZCO. PJ/9113,IRAN,last slash suffix only; not externally verified,international_project_references,132,130,single,blue,catalogue_extracted_not_currently_verified,"Catalogue wording retained. Line wraps were reconstructed from the PDF layout; names, locations, project status and customer relationships were not externally verified."
73,GHAZEER PROJECT - KHAZAAN CENTRAL PROCESSING FACILITY / OMAN,GHAZEER PROJECT - KHAZAAN CENTRAL PROCESSING FACILITY / OMAN,GHAZEER PROJECT - KHAZAAN CENTRAL PROCESSING FACILITY,OMAN,last slash suffix only; not externally verified,international_project_references,132,130,single,black,catalogue_extracted_not_currently_verified,"Catalogue wording retained. Line wraps were reconstructed from the PDF layout; names, locations, project status and customer relationships were not externally verified."
74,"GOLF GROVE DUBAI HILLS ESTATE, DUBAI - 166 VILLAS - DUBAI / UAE","GOLF GROVE DUBAI HILLS ESTATE, DUBAI - 166 VILLAS - DUBAI / UAE","GOLF GROVE DUBAI HILLS ESTATE, DUBAI - 166 VILLAS - DUBAI",UAE,last slash suffix only; not externally verified,international_project_references,132,130,single,blue,catalogue_extracted_not_currently_verified,"Catalogue wording retained. Line wraps were reconstructed from the PDF layout; names, locations, project status and customer relationships were not externally verified."
75,GOLF PLACE II MBR DUBAI ESTATE DEVELOPMENT - DUBAI / UAE,GOLF PLACE II MBR DUBAI ESTATE DEVELOPMENT - DUBAI / UAE,GOLF PLACE II MBR DUBAI ESTATE DEVELOPMENT - DUBAI,UAE,last slash suffix only; not externally verified,international_project_references,132,130,single,black,catalogue_extracted_not_currently_verified,"Catalogue wording retained. Line wraps were reconstructed from the PDF layout; names, locations, project status and customer relationships were not externally verified."
76,"GTC/371A/2010 -QATAR POWER TRANSMISSION SYSTEM EXPANSION - PHASE X SUBSTATION, PACKAGE S1,S2 &S6 / QATAR","GTC/371A/2010 -QATAR POWER TRANSMISSION SYSTEM EXPANSION - PHA- || SE X SUBSTATION, PACKAGE S1,S2 &S6 / QATAR","GTC/371A/2010 -QATAR POWER TRANSMISSION SYSTEM EXPANSION - PHASE X SUBSTATION, PACKAGE S1,S2 &S6",QATAR,last slash suffix only; not externally verified,international_project_references,132,130,single,blue,catalogue_extracted_not_currently_verified,"Catalogue wording retained. Line wraps were reconstructed from the PDF layout; names, locations, project status and customer relationships were not externally verified."
77,GTC-371/2010 (KAHRAMAA PHASE-10) / QATAR,GTC-371/2010 (KAHRAMAA PHASE-10) / QATAR,GTC-371/2010 (KAHRAMAA PHASE-10),QATAR,last slash suffix only; not externally verified,international_project_references,132,130,single,black,catalogue_extracted_not_currently_verified,"Catalogue wording retained. Line wraps were reconstructed from the PDF layout; names, locations, project status and customer relationships were not externally verified."
78,HALIBA OIL FIELD DEVELOPMENT PROJECT - ABU DHABI / UAE,HALIBA OIL FIELD DEVELOPMENT PROJECT - ABU DHABI / UAE,HALIBA OIL FIELD DEVELOPMENT PROJECT - ABU DHABI,UAE,last slash suffix only; not externally verified,international_project_references,132,130,single,blue,catalogue_extracted_not_currently_verified,"Catalogue wording retained. Line wraps were reconstructed from the PDF layout; names, locations, project status and customer relationships were not externally verified."
79,HASDARBUL PROJECT ONSHORE TERMINAL / TUNISIA,HASDARBUL PROJECT ONSHORE TERMINAL / TUNISIA,HASDARBUL PROJECT ONSHORE TERMINAL,TUNISIA,last slash suffix only; not externally verified,international_project_references,133,131,single,blue,catalogue_extracted_not_currently_verified,"Catalogue wording retained. Line wraps were reconstructed from the PDF layout; names, locations, project status and customer relationships were not externally verified."
80,HAWLER 2 / IRAQ,HAWLER 2 / IRAQ,HAWLER 2,IRAQ,last slash suffix only; not externally verified,international_project_references,133,131,single,black,catalogue_extracted_not_currently_verified,"Catalogue wording retained. Line wraps were reconstructed from the PDF layout; names, locations, project status and customer relationships were not externally verified."
81,HAYA WATER / UAE,HAYA WATER / UAE,HAYA WATER,UAE,last slash suffix only; not externally verified,international_project_references,133,131,single,blue,catalogue_extracted_not_currently_verified,"Catalogue wording retained. Line wraps were reconstructed from the PDF layout; names, locations, project status and customer relationships were not externally verified."
82,HIGLEIG PETROLEUM SERVICES & INVESTMENT PROJECTS / SUDAN,HIGLEIG PETROLEUM SERVICES & INVESTMENT PROJECTS / SUDAN,HIGLEIG PETROLEUM SERVICES & INVESTMENT PROJECTS,SUDAN,last slash suffix only; not externally verified,international_project_references,133,131,single,black,catalogue_extracted_not_currently_verified,"Catalogue wording retained. Line wraps were reconstructed from the PDF layout; names, locations, project status and customer relationships were not externally verified."
83,HOLLANDSE KUST ALPHA & BETA PLATFORM,HOLLANDSE KUST ALPHA & BETA PLATFORM,HOLLANDSE KUST ALPHA & BETA PLATFORM,,no slash suffix,international_project_references,133,131,single,blue,catalogue_extracted_not_currently_verified,"Catalogue wording retained. Line wraps were reconstructed from the PDF layout; names, locations, project status and customer relationships were not externally verified."
84,IN SALAH GAS COMPRESSION PROJECT / ALGERIA,IN SALAH GAS COMPRESSION PROJECT / ALGERIA,IN SALAH GAS COMPRESSION PROJECT,ALGERIA,last slash suffix only; not externally verified,international_project_references,133,131,single,black,catalogue_extracted_not_currently_verified,"Catalogue wording retained. Line wraps were reconstructed from the PDF layout; names, locations, project status and customer relationships were not externally verified."
85,INSTALLATION OF FG AND GAS OIL PIPELINES FROM MAA TO AZZOUR AND SHUAIBA POWER STATIONS FOR KOC / KUWAIT,INSTALLATION OF FG AND GAS OIL PIPELINES FROM MAA TO AZZOUR AND SHUAI- || BA POWER STATIONS FOR KOC / KUWAIT,INSTALLATION OF FG AND GAS OIL PIPELINES FROM MAA TO AZZOUR AND SHUAIBA POWER STATIONS FOR KOC,KUWAIT,last slash suffix only; not externally verified,international_project_references,133,131,single,blue,catalogue_extracted_not_currently_verified,"Catalogue wording retained. Line wraps were reconstructed from the PDF layout; names, locations, project status and customer relationships were not externally verified."
86,"INSTALLATION OF NEW COMPRESSORS AT GC -7, 8 & 21 / KUWAIT","INSTALLATION OF NEW COMPRESSORS AT GC -7, 8 & 21 / KUWAIT","INSTALLATION OF NEW COMPRESSORS AT GC -7, 8 & 21",KUWAIT,last slash suffix only; not externally verified,international_project_references,133,131,single,black,catalogue_extracted_not_currently_verified,"Catalogue wording retained. Line wraps were reconstructed from the PDF layout; names, locations, project status and customer relationships were not externally verified."
87,INVESTMENT RESIDENCES & JEBEL ALI HORSE RACE COURSE - DUBAI / UAE,INVESTMENT RESIDENCES & JEBEL ALI HORSE RACE COURSE - DUBAI / UAE,INVESTMENT RESIDENCES & JEBEL ALI HORSE RACE COURSE - DUBAI,UAE,last slash suffix only; not externally verified,international_project_references,133,131,single,blue,catalogue_extracted_not_currently_verified,"Catalogue wording retained. Line wraps were reconstructed from the PDF layout; names, locations, project status and customer relationships were not externally verified."
88,"KAHRAMAA PHASE-X : DIF, UMM AL GHABAB, SHERATON PARK, AL KHISSA WEST, PSS-3 AND ABU SIDRA / QATAR","KAHRAMAA PHASE-X : DIF, UMM AL GHABAB, SHERATON PARK, AL KHISSA WEST, || PSS-3 AND ABU SIDRA / QATAR","KAHRAMAA PHASE-X : DIF, UMM AL GHABAB, SHERATON PARK, AL KHISSA WEST, PSS-3 AND ABU SIDRA",QATAR,last slash suffix only; not externally verified,international_project_references,133,131,single,black,catalogue_extracted_not_currently_verified,"Catalogue wording retained. Line wraps were reconstructed from the PDF layout; names, locations, project status and customer relationships were not externally verified."
89,KAHRAMAA PHASE-X1 AW GTC-679 PROJECT / QATAR,KAHRAMAA PHASE-X1 AW GTC-679 PROJECT / QATAR,KAHRAMAA PHASE-X1 AW GTC-679 PROJECT,QATAR,last slash suffix only; not externally verified,international_project_references,133,131,single,blue,catalogue_extracted_not_currently_verified,"Catalogue wording retained. Line wraps were reconstructed from the PDF layout; names, locations, project status and customer relationships were not externally verified."
90,KAHRAMAA PHASE-X11 GTC-63A PROJECT / QATAR,KAHRAMAA PHASE-X11 GTC-63A PROJECT / QATAR,KAHRAMAA PHASE-X11 GTC-63A PROJECT,QATAR,last slash suffix only; not externally verified,international_project_references,133,131,single,black,catalogue_extracted_not_currently_verified,"Catalogue wording retained. Line wraps were reconstructed from the PDF layout; names, locations, project status and customer relationships were not externally verified."
91,KALBA FILLING STATION / UAE,KALBA FILLING STATION / UAE,KALBA FILLING STATION,UAE,last slash suffix only; not externally verified,international_project_references,133,131,single,blue,catalogue_extracted_not_currently_verified,"Catalogue wording retained. Line wraps were reconstructed from the PDF layout; names, locations, project status and customer relationships were not externally verified."
92,KARAN UTILITIES & CO-GENERATION PROJECT / SAUDI ARABIA,KARAN UTILITIES & CO-GENERATION PROJECT / SAUDI ARABIA,KARAN UTILITIES & CO-GENERATION PROJECT,SAUDI ARABIA,last slash suffix only; not externally verified,international_project_references,133,131,single,black,catalogue_extracted_not_currently_verified,"Catalogue wording retained. Line wraps were reconstructed from the PDF layout; names, locations, project status and customer relationships were not externally verified."
93,KASHAGAN OIL FIELD DEVELOPMENT - KDPC - AGIP KCO / KAZAKHSTAN,KASHAGAN OIL FIELD DEVELOPMENT - KDPC - AGIP KCO / KAZAKHSTAN,KASHAGAN OIL FIELD DEVELOPMENT - KDPC - AGIP KCO,KAZAKHSTAN,last slash suffix only; not externally verified,international_project_references,133,131,single,blue,catalogue_extracted_not_currently_verified,"Catalogue wording retained. Line wraps were reconstructed from the PDF layout; names, locations, project status and customer relationships were not externally verified."
94,KAUTHER DEPLETION COMPRESSION PROJECT / OMAN,KAUTHER DEPLETION COMPRESSION PROJECT / OMAN,KAUTHER DEPLETION COMPRESSION PROJECT,OMAN,last slash suffix only; not externally verified,international_project_references,133,131,single,black,catalogue_extracted_not_currently_verified,"Catalogue wording retained. Line wraps were reconstructed from the PDF layout; names, locations, project status and customer relationships were not externally verified."
95,"KHAWALED, THUQAIBAH, HARIFA, MADAM & MELIHA KHADEIRAH PET-ROL STATION / SAUDI ARABIA","KHAWALED, THUQAIBAH, HARIFA, MADAM & MELIHA KHADEIRAH PET-ROL STATI- || ON / SAUDI ARABIA","KHAWALED, THUQAIBAH, HARIFA, MADAM & MELIHA KHADEIRAH PET-ROL STATION",SAUDI ARABIA,last slash suffix only; not externally verified,international_project_references,133,131,single,blue,catalogue_extracted_not_currently_verified,"Catalogue wording retained. Line wraps were reconstructed from the PDF layout; names, locations, project status and customer relationships were not externally verified."
96,KHAZZAN CENTRAL PROCESSING FACILITY PROJECT / OMAN,KHAZZAN CENTRAL PROCESSING FACILITY PROJECT / OMAN,KHAZZAN CENTRAL PROCESSING FACILITY PROJECT,OMAN,last slash suffix only; not externally verified,international_project_references,133,131,single,black,catalogue_extracted_not_currently_verified,"Catalogue wording retained. Line wraps were reconstructed from the PDF layout; names, locations, project status and customer relationships were not externally verified."
97,KOC FACILITY UPGRADE AND RELOCATION OF UNDERGROUND PROCESS PIPING,KOC FACILITY UPGRADE AND RELOCATION OF UNDERGROUND PROCESS PIPING,KOC FACILITY UPGRADE AND RELOCATION OF UNDERGROUND PROCESS PIPING,,no slash suffix,international_project_references,133,131,single,blue,catalogue_extracted_not_currently_verified,"Catalogue wording retained. Line wraps were reconstructed from the PDF layout; names, locations, project status and customer relationships were not externally verified."
98,"FOR GC’S 3, 4, 6, 7, 8, 21, 23, BS 140 AND BS 150 / KUWAIT LINEADECOR - ISTANBUL / TURKIYE","FOR GC’S 3, 4, 6, 7, 8, 21, 23, BS 140 AND BS 150 / || KUWAIT LINEADECOR - ISTANBUL / TURKIYE","FOR GC’S 3, 4, 6, 7, 8, 21, 23, BS 140 AND BS 150 / KUWAIT LINEADECOR - ISTANBUL",TURKIYE,last slash suffix only; not externally verified,international_project_references,133,131,single,black,catalogue_extracted_not_currently_verified,"Catalogue wording retained. Line wraps were reconstructed from the PDF layout; names, locations, project status and customer relationships were not externally verified."
99,"LPG IMPORT, BACKFLOW & LOADING LINES REPLACEMENT PROJECT / UAE","LPG IMPORT, BACKFLOW & LOADING LINES REPLACEMENT PROJECT / UAE","LPG IMPORT, BACKFLOW & LOADING LINES REPLACEMENT PROJECT",UAE,last slash suffix only; not externally verified,international_project_references,133,131,single,blue,catalogue_extracted_not_currently_verified,"Catalogue wording retained. Line wraps were reconstructed from the PDF layout; names, locations, project status and customer relationships were not externally verified."
100,"LUKOIL, VGO PROJECT / RUSSIA","LUKOIL, VGO PROJECT / RUSSIA","LUKOIL, VGO PROJECT",RUSSIA,last slash suffix only; not externally verified,international_project_references,133,131,single,black,catalogue_extracted_not_currently_verified,"Catalogue wording retained. Line wraps were reconstructed from the PDF layout; names, locations, project status and customer relationships were not externally verified."
101,LUSAIL NORTH 66kV CABLE WORKS PROJECT CP24 / QATAR,LUSAIL NORTH 66kV CABLE WORKS PROJECT CP24 / QATAR,LUSAIL NORTH 66kV CABLE WORKS PROJECT CP24,QATAR,last slash suffix only; not externally verified,international_project_references,133,131,single,blue,catalogue_extracted_not_currently_verified,"Catalogue wording retained. Line wraps were reconstructed from the PDF layout; names, locations, project status and customer relationships were not externally verified."
102,LUSAIL PROJECT-CP24 / QATAR,LUSAIL PROJECT-CP24 / QATAR,LUSAIL PROJECT-CP24,QATAR,last slash suffix only; not externally verified,international_project_references,133,131,single,black,catalogue_extracted_not_currently_verified,"Catalogue wording retained. Line wraps were reconstructed from the PDF layout; names, locations, project status and customer relationships were not externally verified."
103,LYONDELLBASELL WASTE WATER TREATMENT PROJECT,LYONDELLBASELL WASTE WATER TREATMENT PROJECT,LYONDELLBASELL WASTE WATER TREATMENT PROJECT,,no slash suffix,international_project_references,133,131,single,blue,catalogue_extracted_not_currently_verified,"Catalogue wording retained. Line wraps were reconstructed from the PDF layout; names, locations, project status and customer relationships were not externally verified."
104,MADINAT AL RIYADH CITY NORTH PHASE 6 (6A & 6B) INFRASTRUCTURE / UAE,MADINAT AL RIYADH CITY NORTH PHASE 6 (6A & 6B) INFRASTRUCTURE / UAE,MADINAT AL RIYADH CITY NORTH PHASE 6 (6A & 6B) INFRASTRUCTURE,UAE,last slash suffix only; not externally verified,international_project_references,133,131,single,black,catalogue_extracted_not_currently_verified,"Catalogue wording retained. Line wraps were reconstructed from the PDF layout; names, locations, project status and customer relationships were not externally verified."
105,MAIN CONSTRUCTION WORKS FOR PRECINCTS E&F IN YAS ACRES DEVELOPMENT (PHASE-3) / UAE,MAIN CONSTRUCTION WORKS FOR PRECINCTS E&F || IN YAS ACRES DEVELOPMENT (PHASE-3) / UAE,MAIN CONSTRUCTION WORKS FOR PRECINCTS E&F IN YAS ACRES DEVELOPMENT (PHASE-3),UAE,last slash suffix only; not externally verified,international_project_references,133,131,single,blue,catalogue_extracted_not_currently_verified,"Catalogue wording retained. Line wraps were reconstructed from the PDF layout; names, locations, project status and customer relationships were not externally verified."
106,"MAJNOON CPF2-PROJECT, THE REPUBLIC OF IRAQ","MAJNOON CPF2-PROJECT, THE REPUBLIC OF IRAQ","MAJNOON CPF2-PROJECT, THE REPUBLIC OF IRAQ",,no slash suffix,international_project_references,133,131,single,black,catalogue_extracted_not_currently_verified,"Catalogue wording retained. Line wraps were reconstructed from the PDF layout; names, locations, project status and customer relationships were not externally verified."
107,MASHATTEN KONUTLARI MASLAK- ISTANBUL / TURKIYE,MASHATTEN KONUTLARI MASLAK- ISTANBUL / TURKIYE,MASHATTEN KONUTLARI MASLAK- ISTANBUL,TURKIYE,last slash suffix only; not externally verified,international_project_references,133,131,single,blue,catalogue_extracted_not_currently_verified,"Catalogue wording retained. Line wraps were reconstructed from the PDF layout; names, locations, project status and customer relationships were not externally verified."
108,MBR GARDENS - DUBAI HILLS ESTATE - SIDRA 3 (PA 22) 339 NO. VILLAS - DUBAI / UAE,MBR GARDENS - DUBAI HILLS ESTATE - SIDRA 3 (PA 22) - || 339 NO. VILLAS - DUBAI / UAE,MBR GARDENS - DUBAI HILLS ESTATE - SIDRA 3 (PA 22) 339 NO. VILLAS - DUBAI,UAE,last slash suffix only; not externally verified,international_project_references,133,131,single,black,catalogue_extracted_not_currently_verified,"Catalogue wording retained. Line wraps were reconstructed from the PDF layout; names, locations, project status and customer relationships were not externally verified."
109,MMPS GAS COMPRESSION PROJECT (MGCP) / SULTANATE OF OMAN,MMPS GAS COMPRESSION PROJECT (MGCP) / SULTANATE OF OMAN,MMPS GAS COMPRESSION PROJECT (MGCP),SULTANATE OF OMAN,last slash suffix only; not externally verified,international_project_references,133,131,single,blue,catalogue_extracted_not_currently_verified,"Catalogue wording retained. Line wraps were reconstructed from the PDF layout; names, locations, project status and customer relationships were not externally verified."
110,MUGLAD BASIN FIELD SURFACE FACILITIES - PHASE 4 / SUDAN,MUGLAD BASIN FIELD SURFACE FACILITIES - PHASE 4 / SUDAN,MUGLAD BASIN FIELD SURFACE FACILITIES - PHASE 4,SUDAN,last slash suffix only; not externally verified,international_project_references,133,131,single,black,catalogue_extracted_not_currently_verified,"Catalogue wording retained. Line wraps were reconstructed from the PDF layout; names, locations, project status and customer relationships were not externally verified."
111,MZEC 11/022 SAQSOOQ / OMAN,MZEC 11/022 SAQSOOQ / OMAN,MZEC 11/022 SAQSOOQ,OMAN,last slash suffix only; not externally verified,international_project_references,133,131,single,blue,catalogue_extracted_not_currently_verified,"Catalogue wording retained. Line wraps were reconstructed from the PDF layout; names, locations, project status and customer relationships were not externally verified."
112,"MZEC, 57/13 SUMAIL PSS / OMAN","MZEC, 57/13 SUMAIL PSS / OMAN","MZEC, 57/13 SUMAIL PSS",OMAN,last slash suffix only; not externally verified,international_project_references,133,131,single,black,catalogue_extracted_not_currently_verified,"Catalogue wording retained. Line wraps were reconstructed from the PDF layout; names, locations, project status and customer relationships were not externally verified."
113,"MZEC, 58/13 MANAH PSS / OMAN","MZEC, 58/13 MANAH PSS / OMAN","MZEC, 58/13 MANAH PSS",OMAN,last slash suffix only; not externally verified,international_project_references,133,131,single,blue,catalogue_extracted_not_currently_verified,"Catalogue wording retained. Line wraps were reconstructed from the PDF layout; names, locations, project status and customer relationships were not externally verified."
114,"MZEC, 60/13 MADINAT NIZWA / OMAN","MZEC, 60/13 MADINAT NIZWA / OMAN","MZEC, 60/13 MADINAT NIZWA",OMAN,last slash suffix only; not externally verified,international_project_references,133,131,single,black,catalogue_extracted_not_currently_verified,"Catalogue wording retained. Line wraps were reconstructed from the PDF layout; names, locations, project status and customer relationships were not externally verified."
115,"MZEC, 74/14 KHABAH PSS / OMAN","MZEC, 74/14 KHABAH PSS / OMAN","MZEC, 74/14 KHABAH PSS",OMAN,last slash suffix only; not externally verified,international_project_references,133,131,single,blue,catalogue_extracted_not_currently_verified,"Catalogue wording retained. Line wraps were reconstructed from the PDF layout; names, locations, project status and customer relationships were not externally verified."
116,"MZEC, SOHAR PSS / OMAN","MZEC, SOHAR PSS / OMAN","MZEC, SOHAR PSS",OMAN,last slash suffix only; not externally verified,international_project_references,133,131,single,black,catalogue_extracted_not_currently_verified,"Catalogue wording retained. Line wraps were reconstructed from the PDF layout; names, locations, project status and customer relationships were not externally verified."
117,"MZEC, V59/13 SUR PSS / OMAN","MZEC, V59/13 SUR PSS / OMAN","MZEC, V59/13 SUR PSS",OMAN,last slash suffix only; not externally verified,international_project_references,133,131,single,blue,catalogue_extracted_not_currently_verified,"Catalogue wording retained. Line wraps were reconstructed from the PDF layout; names, locations, project status and customer relationships were not externally verified."
118,"NC200 ERAWIN FIELD DEVELOPMENT PROJECT PHASE I, ERAWIN EARLY PRODUCTION / LIBYA","NC200 ERAWIN FIELD DEVELOPMENT PROJECT PHASE I, || ERAWIN EARLY PRODUCTION / LIBYA","NC200 ERAWIN FIELD DEVELOPMENT PROJECT PHASE I, ERAWIN EARLY PRODUCTION",LIBYA,last slash suffix only; not externally verified,international_project_references,133,131,single,black,catalogue_extracted_not_currently_verified,"Catalogue wording retained. Line wraps were reconstructed from the PDF layout; names, locations, project status and customer relationships were not externally verified."
119,"NEW GATHERING CENTRE, GC-29 / IN NORTH KUWAIT","NEW GATHERING CENTRE, GC-29 / IN NORTH KUWAIT","NEW GATHERING CENTRE, GC-29",IN NORTH KUWAIT,last slash suffix only; not externally verified,international_project_references,133,131,single,blue,catalogue_extracted_not_currently_verified,"Catalogue wording retained. Line wraps were reconstructed from the PDF layout; names, locations, project status and customer relationships were not externally verified."
120,"NEW GATHERING CENTRE, GC-32 / KUWAIT","NEW GATHERING CENTRE, GC-32 / KUWAIT","NEW GATHERING CENTRE, GC-32",KUWAIT,last slash suffix only; not externally verified,international_project_references,133,131,single,black,catalogue_extracted_not_currently_verified,"Catalogue wording retained. Line wraps were reconstructed from the PDF layout; names, locations, project status and customer relationships were not externally verified."
121,NEW PTA COMPLEX PROJECT - SASA POLYESTER SANAYI A.S. / TURKIYE,NEW PTA COMPLEX PROJECT - SASA POLYESTER SANAYI A.S. / TURKIYE,NEW PTA COMPLEX PROJECT - SASA POLYESTER SANAYI A.S.,TURKIYE,last slash suffix only; not externally verified,international_project_references,133,131,single,blue,catalogue_extracted_not_currently_verified,"Catalogue wording retained. Line wraps were reconstructed from the PDF layout; names, locations, project status and customer relationships were not externally verified."
122,OYAK RENAULT FACTORY - BURSA / TURKIYE,OYAK RENAULT FACTORY - BURSA / TURKIYE,OYAK RENAULT FACTORY - BURSA,TURKIYE,last slash suffix only; not externally verified,international_project_references,133,131,single,black,catalogue_extracted_not_currently_verified,"Catalogue wording retained. Line wraps were reconstructed from the PDF layout; names, locations, project status and customer relationships were not externally verified."
123,"PARKING BUIDLING ON PLOT NO(335-339) WORLD TRADE CENTER 1ST, DUBAI / UAE","PARKING BUIDLING ON PLOT NO(335-339) WORLD TRADE CENTER 1ST, DUBAI / UAE","PARKING BUIDLING ON PLOT NO(335-339) WORLD TRADE CENTER 1ST, DUBAI",UAE,last slash suffix only; not externally verified,international_project_references,134,132,single,blue,catalogue_extracted_not_currently_verified,"Catalogue wording retained. Line wraps were reconstructed from the PDF layout; names, locations, project status and customer relationships were not externally verified."
124,PETRONAS - IRAQ WC2 / IRAQ,PETRONAS - IRAQ WC2 / IRAQ,PETRONAS - IRAQ WC2,IRAQ,last slash suffix only; not externally verified,international_project_references,134,132,single,black,catalogue_extracted_not_currently_verified,"Catalogue wording retained. Line wraps were reconstructed from the PDF layout; names, locations, project status and customer relationships were not externally verified."
125,"PJ/9113 - DAELIM INDUSTRIAL CO., LTD/ IRAN","PJ/9113 - DAELIM INDUSTRIAL CO., LTD/ IRAN","PJ/9113 - DAELIM INDUSTRIAL CO., LTD",IRAN,last slash suffix only; not externally verified,international_project_references,134,132,single,blue,catalogue_extracted_not_currently_verified,"Catalogue wording retained. Line wraps were reconstructed from the PDF layout; names, locations, project status and customer relationships were not externally verified."
126,PLANT: POLYPROPYLENE-5(PP5) - ABU DHABI / UAE,PLANT: POLYPROPYLENE-5(PP5) - ABU DHABI / UAE,PLANT: POLYPROPYLENE-5(PP5) - ABU DHABI,UAE,last slash suffix only; not externally verified,international_project_references,134,132,single,black,catalogue_extracted_not_currently_verified,"Catalogue wording retained. Line wraps were reconstructed from the PDF layout; names, locations, project status and customer relationships were not externally verified."
127,PN1601-MULTI STOREY CAR PARK PROJECT(DWTC) G+5+R / QATAR,PN1601-MULTI STOREY CAR PARK PROJECT(DWTC) G+5+R / QATAR,PN1601-MULTI STOREY CAR PARK PROJECT(DWTC) G+5+R,QATAR,last slash suffix only; not externally verified,international_project_references,134,132,single,blue,catalogue_extracted_not_currently_verified,"Catalogue wording retained. Line wraps were reconstructed from the PDF layout; names, locations, project status and customer relationships were not externally verified."
128,"PROPOSED 2B+G+14 TYP.+HC BUILDING, JADDAF - DUBAI / UAE","PROPOSED 2B+G+14 TYP.+HC BUILDING, JADDAF - DUBAI / UAE","PROPOSED 2B+G+14 TYP.+HC BUILDING, JADDAF - DUBAI",UAE,last slash suffix only; not externally verified,international_project_references,134,132,single,black,catalogue_extracted_not_currently_verified,"Catalogue wording retained. Line wraps were reconstructed from the PDF layout; names, locations, project status and customer relationships were not externally verified."
129,"PROPOSED 3 FILLING GAS STATION IN DUBAI FOR EMIRATES GENERAL PETROLEUM CORPORATION (EMARAT) - AL GHANAYEM, AL GREYTEESAH & WADI AL SHABAK - DUBAI / UAE","PROPOSED 3 FILLING GAS STATION IN DUBAI FOR EMIRATES GENERAL PETROLEUM || CORPORATION (EMARAT) - AL GHANAYEM, AL GREYTEESAH & || WADI AL SHABAK - DUBAI / UAE","PROPOSED 3 FILLING GAS STATION IN DUBAI FOR EMIRATES GENERAL PETROLEUM CORPORATION (EMARAT) - AL GHANAYEM, AL GREYTEESAH & WADI AL SHABAK - DUBAI",UAE,last slash suffix only; not externally verified,international_project_references,134,132,single,blue,catalogue_extracted_not_currently_verified,"Catalogue wording retained. Line wraps were reconstructed from the PDF layout; names, locations, project status and customer relationships were not externally verified."
130,"QATAR DOLPHIN PROJECT, QATAR PETROLEUM","QATAR DOLPHIN PROJECT, QATAR PETROLEUM","QATAR DOLPHIN PROJECT, QATAR PETROLEUM",,no slash suffix,international_project_references,134,132,single,black,catalogue_extracted_not_currently_verified,"Catalogue wording retained. Line wraps were reconstructed from the PDF layout; names, locations, project status and customer relationships were not externally verified."
131,QATAR POWER TRANSMISSION SYSTEM EXPANSION - PHASE-13,QATAR POWER TRANSMISSION SYSTEM EXPANSION - PHASE-13,QATAR POWER TRANSMISSION SYSTEM EXPANSION - PHASE-13,,no slash suffix,international_project_references,134,132,single,blue,catalogue_extracted_not_currently_verified,"Catalogue wording retained. Line wraps were reconstructed from the PDF layout; names, locations, project status and customer relationships were not externally verified."
132,"QATAR POWER TRANSMISSION SYSTEM EXPANSION PHASE-X SUBSTATION,PACKAGE S1, S2 & S6","QATAR POWER TRANSMISSION SYSTEM EXPANSION || PHASE-X SUBSTATION,PACKAGE S1, S2 & S6","QATAR POWER TRANSMISSION SYSTEM EXPANSION PHASE-X SUBSTATION,PACKAGE S1, S2 & S6",,no slash suffix,international_project_references,134,132,single,black,catalogue_extracted_not_currently_verified,"Catalogue wording retained. Line wraps were reconstructed from the PDF layout; names, locations, project status and customer relationships were not externally verified."
133,"QATAR POWER TRANSMISSION SYSTEM EXPANSION PHASE-XI -66/11kV AL MASHAAF S/S, 66kV KHORE SOUTH EAST S/S & 66/11kV RAYYAN SOUTH S/S","QATAR POWER TRANSMISSION SYSTEM EXPANSION PHASE-XI -66/11kV AL || MASHAAF S/S, 66kV KHORE SOUTH EAST S/S & 66/11kV RAYYAN SOUTH S/S","QATAR POWER TRANSMISSION SYSTEM EXPANSION PHASE-XI -66/11kV AL MASHAAF S/S, 66kV KHORE SOUTH EAST S/S & 66/11kV RAYYAN SOUTH S",S,last slash suffix only; not externally verified,international_project_references,134,132,single,blue,catalogue_extracted_not_currently_verified,"Catalogue wording retained. Line wraps were reconstructed from the PDF layout; names, locations, project status and customer relationships were not externally verified."
134,"QATAR POWER TRANSMISSION SYSTEM EXPANSION PHASE-XI -66/11kV AL MASHAAF S/S, 66kV KHORE SOUTH EAST S/S & 66/11kV RAYYAN SOUTH S/S","QATAR POWER TRANSMISSION SYSTEM EXPANSION PHASE-XI -66/11kV AL || MASHAAF S/S, 66kV KHORE SOUTH EAST S/S & 66/11kV RAYYAN SOUTH S/S","QATAR POWER TRANSMISSION SYSTEM EXPANSION PHASE-XI -66/11kV AL MASHAAF S/S, 66kV KHORE SOUTH EAST S/S & 66/11kV RAYYAN SOUTH S",S,last slash suffix only; not externally verified,international_project_references,134,132,single,black,catalogue_extracted_not_currently_verified,"Catalogue wording retained. Line wraps were reconstructed from the PDF layout; names, locations, project status and customer relationships were not externally verified."
135,QATAR POWER TRANSMISSION SYSTEM EXPANSION PHASE-XIII,QATAR POWER TRANSMISSION SYSTEM EXPANSION PHASE-XIII,QATAR POWER TRANSMISSION SYSTEM EXPANSION PHASE-XIII,,no slash suffix,international_project_references,134,132,single,blue,catalogue_extracted_not_currently_verified,"Catalogue wording retained. Line wraps were reconstructed from the PDF layout; names, locations, project status and customer relationships were not externally verified."
136,R MOVEYEID GAS STORAGE SURFACE FACILITY PROJECT - DUBAI / UAE,R MOVEYEID GAS STORAGE SURFACE FACILITY PROJECT - DUBAI / UAE,R MOVEYEID GAS STORAGE SURFACE FACILITY PROJECT - DUBAI,UAE,last slash suffix only; not externally verified,international_project_references,134,132,single,black,catalogue_extracted_not_currently_verified,"Catalogue wording retained. Line wraps were reconstructed from the PDF layout; names, locations, project status and customer relationships were not externally verified."
137,RABIGH PHASE II PETROCHEMICAL PROJECT / SAUDI ARABIA,RABIGH PHASE II PETROCHEMICAL PROJECT / SAUDI ARABIA,RABIGH PHASE II PETROCHEMICAL PROJECT,SAUDI ARABIA,last slash suffix only; not externally verified,international_project_references,134,132,single,blue,catalogue_extracted_not_currently_verified,"Catalogue wording retained. Line wraps were reconstructed from the PDF layout; names, locations, project status and customer relationships were not externally verified."
138,REGGANE NORD DEVELOPMENT PROJECT / ALGERIA,REGGANE NORD DEVELOPMENT PROJECT / ALGERIA,REGGANE NORD DEVELOPMENT PROJECT,ALGERIA,last slash suffix only; not externally verified,international_project_references,134,132,single,black,catalogue_extracted_not_currently_verified,"Catalogue wording retained. Line wraps were reconstructed from the PDF layout; names, locations, project status and customer relationships were not externally verified."
139,REHABILITATION AND UPGRADING OF THE ELECTRICITY GRID BERKINE BASIN,REHABILITATION AND UPGRADING OF THE ELECTRICITY GRID BERKINE BASIN,REHABILITATION AND UPGRADING OF THE ELECTRICITY GRID BERKINE BASIN,,no slash suffix,international_project_references,134,132,single,blue,catalogue_extracted_not_currently_verified,"Catalogue wording retained. Line wraps were reconstructed from the PDF layout; names, locations, project status and customer relationships were not externally verified."
140,SAJAA PETROL STATION / UAE,SAJAA PETROL STATION / UAE,SAJAA PETROL STATION,UAE,last slash suffix only; not externally verified,international_project_references,134,132,single,black,catalogue_extracted_not_currently_verified,"Catalogue wording retained. Line wraps were reconstructed from the PDF layout; names, locations, project status and customer relationships were not externally verified."
141,SAJJA & MUWAFJAH PETROL STATION / UAE,SAJJA & MUWAFJAH PETROL STATION / UAE,SAJJA & MUWAFJAH PETROL STATION,UAE,last slash suffix only; not externally verified,international_project_references,134,132,single,blue,catalogue_extracted_not_currently_verified,"Catalogue wording retained. Line wraps were reconstructed from the PDF layout; names, locations, project status and customer relationships were not externally verified."
142,SALALAH LPG PROJECT / OMAN,SALALAH LPG PROJECT / OMAN,SALALAH LPG PROJECT,OMAN,last slash suffix only; not externally verified,international_project_references,134,132,single,black,catalogue_extracted_not_currently_verified,"Catalogue wording retained. Line wraps were reconstructed from the PDF layout; names, locations, project status and customer relationships were not externally verified."
143,"SALAM GAS TREATMENT UNIT TRAIN - 3/4, (SGT 3/4) / EGYPT","SALAM GAS TREATMENT UNIT TRAIN - 3/4, (SGT 3/4) / EGYPT","SALAM GAS TREATMENT UNIT TRAIN - 3/4, (SGT 3/4)",EGYPT,last slash suffix only; not externally verified,international_project_references,134,132,single,blue,catalogue_extracted_not_currently_verified,"Catalogue wording retained. Line wraps were reconstructed from the PDF layout; names, locations, project status and customer relationships were not externally verified."
144,SAMRA COMBINED CYCLE PLANT / JORDAN,SAMRA COMBINED CYCLE PLANT / JORDAN,SAMRA COMBINED CYCLE PLANT,JORDAN,last slash suffix only; not externally verified,international_project_references,134,132,single,black,catalogue_extracted_not_currently_verified,"Catalogue wording retained. Line wraps were reconstructed from the PDF layout; names, locations, project status and customer relationships were not externally verified."
145,SEAGREEN OFFSHORE WINDFARM,SEAGREEN OFFSHORE WINDFARM,SEAGREEN OFFSHORE WINDFARM,,no slash suffix,international_project_references,134,132,single,blue,catalogue_extracted_not_currently_verified,"Catalogue wording retained. Line wraps were reconstructed from the PDF layout; names, locations, project status and customer relationships were not externally verified."
146,SHAH GAS - GASCO / UAE,SHAH GAS - GASCO / UAE,SHAH GAS - GASCO,UAE,last slash suffix only; not externally verified,international_project_references,134,132,single,black,catalogue_extracted_not_currently_verified,"Catalogue wording retained. Line wraps were reconstructed from the PDF layout; names, locations, project status and customer relationships were not externally verified."
147,SHAH GAS - HOSN GAS / UAE,SHAH GAS - HOSN GAS / UAE,SHAH GAS - HOSN GAS,UAE,last slash suffix only; not externally verified,international_project_references,134,132,single,blue,catalogue_extracted_not_currently_verified,"Catalogue wording retained. Line wraps were reconstructed from the PDF layout; names, locations, project status and customer relationships were not externally verified."
148,SIDDHIRGANJ 335 / BANGLADESH,SIDDHIRGANJ 335 / BANGLADESH,SIDDHIRGANJ 335,BANGLADESH,last slash suffix only; not externally verified,international_project_references,134,132,single,black,catalogue_extracted_not_currently_verified,"Catalogue wording retained. Line wraps were reconstructed from the PDF layout; names, locations, project status and customer relationships were not externally verified."
149,SOFIA AIRPORT / BULGARIA,SOFIA AIRPORT / BULGARIA,SOFIA AIRPORT,BULGARIA,last slash suffix only; not externally verified,international_project_references,134,132,single,blue,catalogue_extracted_not_currently_verified,"Catalogue wording retained. Line wraps were reconstructed from the PDF layout; names, locations, project status and customer relationships were not externally verified."
150,SOHAR REFINERY IMPROVEMENT PROJECT (SRIP) / OMAN,SOHAR REFINERY IMPROVEMENT PROJECT (SRIP) / OMAN,SOHAR REFINERY IMPROVEMENT PROJECT (SRIP),OMAN,last slash suffix only; not externally verified,international_project_references,134,132,single,black,catalogue_extracted_not_currently_verified,"Catalogue wording retained. Line wraps were reconstructed from the PDF layout; names, locations, project status and customer relationships were not externally verified."
151,"SOUTH PARS GAS FIELD DEVELOPMENT PHASE 14, ONSHORE FACILITIES MEG GENERATION / IRAN","SOUTH PARS GAS FIELD DEVELOPMENT PHASE 14, ONSHORE FACILITIES MEG || GENERATION / IRAN","SOUTH PARS GAS FIELD DEVELOPMENT PHASE 14, ONSHORE FACILITIES MEG GENERATION",IRAN,last slash suffix only; not externally verified,international_project_references,134,132,single,blue,catalogue_extracted_not_currently_verified,"Catalogue wording retained. Line wraps were reconstructed from the PDF layout; names, locations, project status and customer relationships were not externally verified."
152,SOUTH WEST GAS FIELD DEVELOPMENT (SWGFD) OF GAS TREATMENT PROJECT / ALGERIA,SOUTH WEST GAS FIELD DEVELOPMENT (SWGFD) OF GAS TREATMENT PROJECT / || ALGERIA,SOUTH WEST GAS FIELD DEVELOPMENT (SWGFD) OF GAS TREATMENT PROJECT,ALGERIA,last slash suffix only; not externally verified,international_project_references,134,132,single,black,catalogue_extracted_not_currently_verified,"Catalogue wording retained. Line wraps were reconstructed from the PDF layout; names, locations, project status and customer relationships were not externally verified."
153,SOUTH YOLOTEN GAS FIELD DEVELOPMENT / TURKMENISTAN,SOUTH YOLOTEN GAS FIELD DEVELOPMENT / TURKMENISTAN,SOUTH YOLOTEN GAS FIELD DEVELOPMENT,TURKMENISTAN,last slash suffix only; not externally verified,international_project_references,134,132,single,blue,catalogue_extracted_not_currently_verified,"Catalogue wording retained. Line wraps were reconstructed from the PDF layout; names, locations, project status and customer relationships were not externally verified."
154,SVC PLUS-SHADEED IRON & STEEL / OMAN,SVC PLUS-SHADEED IRON & STEEL / OMAN,SVC PLUS-SHADEED IRON & STEEL,OMAN,last slash suffix only; not externally verified,international_project_references,134,132,single,black,catalogue_extracted_not_currently_verified,"Catalogue wording retained. Line wraps were reconstructed from the PDF layout; names, locations, project status and customer relationships were not externally verified."
155,TAWKE / IRAQ,TAWKE / IRAQ,TAWKE,IRAQ,last slash suffix only; not externally verified,international_project_references,134,132,single,blue,catalogue_extracted_not_currently_verified,"Catalogue wording retained. Line wraps were reconstructed from the PDF layout; names, locations, project status and customer relationships were not externally verified."
156,"THE VALLEY DEVELOPMENT , EDEN- NH01 (362 TOWNHOUSES) PLOT NO. 9150119 AT AL YUFRAH 1 - DUBAI / UAE","THE VALLEY DEVELOPMENT , EDEN- NH01 (362 TOWNHOUSES) PLOT NO. 9150119 || AT AL YUFRAH 1 - DUBAI / UAE","THE VALLEY DEVELOPMENT , EDEN- NH01 (362 TOWNHOUSES) PLOT NO. 9150119 AT AL YUFRAH 1 - DUBAI",UAE,last slash suffix only; not externally verified,international_project_references,134,132,single,black,catalogue_extracted_not_currently_verified,"Catalogue wording retained. Line wraps were reconstructed from the PDF layout; names, locations, project status and customer relationships were not externally verified."
157,THE VALLEY DEVELOPMENT TALIA NH03 MAIN WORKS - DUBAI / UAE,THE VALLEY DEVELOPMENT TALIA NH03 MAIN WORKS - DUBAI / UAE,THE VALLEY DEVELOPMENT TALIA NH03 MAIN WORKS - DUBAI,UAE,last slash suffix only; not externally verified,international_project_references,134,132,single,blue,catalogue_extracted_not_currently_verified,"Catalogue wording retained. Line wraps were reconstructed from the PDF layout; names, locations, project status and customer relationships were not externally verified."
158,"THE VALLEY DEVELOPMENT, 362 TOWNHOUSES - DUBAI / UAE","THE VALLEY DEVELOPMENT, 362 TOWNHOUSES - DUBAI / UAE","THE VALLEY DEVELOPMENT, 362 TOWNHOUSES - DUBAI",UAE,last slash suffix only; not externally verified,international_project_references,134,132,single,black,catalogue_extracted_not_currently_verified,"Catalogue wording retained. Line wraps were reconstructed from the PDF layout; names, locations, project status and customer relationships were not externally verified."
159,TINHERT FIELD DEVELOPMENT EPC-OHANET / ALGERIA,TINHERT FIELD DEVELOPMENT EPC-OHANET / ALGERIA,TINHERT FIELD DEVELOPMENT EPC-OHANET,ALGERIA,last slash suffix only; not externally verified,international_project_references,134,132,single,blue,catalogue_extracted_not_currently_verified,"Catalogue wording retained. Line wraps were reconstructed from the PDF layout; names, locations, project status and customer relationships were not externally verified."
160,TUPRAS IZMIT REFINERY-RESID UPGRADING PROJECT / TURKIYE,TUPRAS IZMIT REFINERY-RESID UPGRADING PROJECT / TURKIYE,TUPRAS IZMIT REFINERY-RESID UPGRADING PROJECT,TURKIYE,last slash suffix only; not externally verified,international_project_references,134,132,single,black,catalogue_extracted_not_currently_verified,"Catalogue wording retained. Line wraps were reconstructed from the PDF layout; names, locations, project status and customer relationships were not externally verified."
161,TURKSTREAM ONSHORE RECEIVEING TERMINAL / TURKIYE,TURKSTREAM ONSHORE RECEIVEING TERMINAL / TURKIYE,TURKSTREAM ONSHORE RECEIVEING TERMINAL,TURKIYE,last slash suffix only; not externally verified,international_project_references,134,132,single,blue,catalogue_extracted_not_currently_verified,"Catalogue wording retained. Line wraps were reconstructed from the PDF layout; names, locations, project status and customer relationships were not externally verified."
162,UPHILL COURT ATAŞEHİR- ISTANBUL / TURKIYE,UPHILL COURT ATAŞEHİR- ISTANBUL / TURKIYE,UPHILL COURT ATAŞEHİR- ISTANBUL,TURKIYE,last slash suffix only; not externally verified,international_project_references,134,132,single,black,catalogue_extracted_not_currently_verified,"Catalogue wording retained. Line wraps were reconstructed from the PDF layout; names, locations, project status and customer relationships were not externally verified."
163,UPPER ZAKUM 750 ISLANDS SURFACE FACILITIES PROJECT -ABU DHABI / UAE,UPPER ZAKUM 750 ISLANDS SURFACE FACILITIES PROJECT -ABU DHABI / UAE,UPPER ZAKUM 750 ISLANDS SURFACE FACILITIES PROJECT -ABU DHABI,UAE,last slash suffix only; not externally verified,international_project_references,134,132,single,blue,catalogue_extracted_not_currently_verified,"Catalogue wording retained. Line wraps were reconstructed from the PDF layout; names, locations, project status and customer relationships were not externally verified."
164,UQUO GAS PLANT PROJECT / NIGERIA,UQUO GAS PLANT PROJECT / NIGERIA,UQUO GAS PLANT PROJECT,NIGERIA,last slash suffix only; not externally verified,international_project_references,134,132,single,black,catalogue_extracted_not_currently_verified,"Catalogue wording retained. Line wraps were reconstructed from the PDF layout; names, locations, project status and customer relationships were not externally verified."
165,VOLVOGRADO VGO DEEP CONVERSION COMPLEX (1ST STAGE) / RUSSIA,VOLVOGRADO VGO DEEP CONVERSION COMPLEX (1ST STAGE) / RUSSIA,VOLVOGRADO VGO DEEP CONVERSION COMPLEX (1ST STAGE),RUSSIA,last slash suffix only; not externally verified,international_project_references,134,132,single,blue,catalogue_extracted_not_currently_verified,"Catalogue wording retained. Line wraps were reconstructed from the PDF layout; names, locations, project status and customer relationships were not externally verified."
166,"WASCO, ZUBAIR RENTAL COMPRESSOR SITE","WASCO, ZUBAIR RENTAL COMPRESSOR SITE","WASCO, ZUBAIR RENTAL COMPRESSOR SITE",,no slash suffix,international_project_references,134,132,single,black,catalogue_extracted_not_currently_verified,"Catalogue wording retained. Line wraps were reconstructed from the PDF layout; names, locations, project status and customer relationships were not externally verified."
167,01 BURDA AVM / ADANA,01 BURDA AVM / ADANA,01 BURDA AVM,ADANA,last slash suffix only; not externally verified,domestic_and_regional_project_references,135,133,left,black,catalogue_extracted_not_currently_verified,"Catalogue wording retained. Line wraps were reconstructed from the PDF layout; names, locations, project status and customer relationships were not externally verified."
168,1. DIŞ HATLAR TERMİNALİ / ANTALYA,1. DIŞ HATLAR TERMİNALİ / ANTALYA,1. DIŞ HATLAR TERMİNALİ,ANTALYA,last slash suffix only; not externally verified,domestic_and_regional_project_references,135,133,left,black,catalogue_extracted_not_currently_verified,"Catalogue wording retained. Line wraps were reconstructed from the PDF layout; names, locations, project status and customer relationships were not externally verified."
169,1915 ÇANAKKALE KÖPRÜSÜ,1915 ÇANAKKALE KÖPRÜSÜ,1915 ÇANAKKALE KÖPRÜSÜ,,no slash suffix,domestic_and_regional_project_references,135,133,left,black,catalogue_extracted_not_currently_verified,"Catalogue wording retained. Line wraps were reconstructed from the PDF layout; names, locations, project status and customer relationships were not externally verified."
170,2.KARA HAVACILIK PİST VE HANGAR / MALATYA,2.KARA HAVACILIK PİST VE HANGAR / MALATYA,2.KARA HAVACILIK PİST VE HANGAR,MALATYA,last slash suffix only; not externally verified,domestic_and_regional_project_references,135,133,left,black,catalogue_extracted_not_currently_verified,"Catalogue wording retained. Line wraps were reconstructed from the PDF layout; names, locations, project status and customer relationships were not externally verified."
171,3S KALE JES / AYDIN,3S KALE JES / AYDIN,3S KALE JES,AYDIN,last slash suffix only; not externally verified,domestic_and_regional_project_references,135,133,left,black,catalogue_extracted_not_currently_verified,"Catalogue wording retained. Line wraps were reconstructed from the PDF layout; names, locations, project status and customer relationships were not externally verified."
172,4 NCÜ ANA JET ÜS KOMUTANLIĞI AKINCILAR / ANKARA,4 NCÜ ANA JET ÜS KOMUTANLIĞI AKINCILAR / ANKARA,4 NCÜ ANA JET ÜS KOMUTANLIĞI AKINCILAR,ANKARA,last slash suffix only; not externally verified,domestic_and_regional_project_references,135,133,left,black,catalogue_extracted_not_currently_verified,"Catalogue wording retained. Line wraps were reconstructed from the PDF layout; names, locations, project status and customer relationships were not externally verified."
173,42 MASLAK KONUT-OFİS-AVM / İSTANBUL,42 MASLAK KONUT-OFİS-AVM / İSTANBUL,42 MASLAK KONUT-OFİS-AVM,İSTANBUL,last slash suffix only; not externally verified,domestic_and_regional_project_references,135,133,left,black,catalogue_extracted_not_currently_verified,"Catalogue wording retained. Line wraps were reconstructed from the PDF layout; names, locations, project status and customer relationships were not externally verified."
174,54’ÜNCÜ MKNZ.P.TUG.K.YRD.LIĞI / EDİRNE,54’ÜNCÜ MKNZ.P.TUG.K.YRD.LIĞI / EDİRNE,54’ÜNCÜ MKNZ.P.TUG.K.YRD.LIĞI,EDİRNE,last slash suffix only; not externally verified,domestic_and_regional_project_references,135,133,left,black,catalogue_extracted_not_currently_verified,"Catalogue wording retained. Line wraps were reconstructed from the PDF layout; names, locations, project status and customer relationships were not externally verified."
175,5LEVENT TORUNLAR GYO A.Ş. / İSTANBUL,5LEVENT TORUNLAR GYO A.Ş. / İSTANBUL,5LEVENT TORUNLAR GYO A.Ş.,İSTANBUL,last slash suffix only; not externally verified,domestic_and_regional_project_references,135,133,left,black,catalogue_extracted_not_currently_verified,"Catalogue wording retained. Line wraps were reconstructed from the PDF layout; names, locations, project status and customer relationships were not externally verified."
176,A.KEKİLOV ÖĞRETMENLER OKULU / TÜRKMENİSTAN,A.KEKİLOV ÖĞRETMENLER OKULU / TÜRKMENİSTAN,A.KEKİLOV ÖĞRETMENLER OKULU,TÜRKMENİSTAN,last slash suffix only; not externally verified,domestic_and_regional_project_references,135,133,left,black,catalogue_extracted_not_currently_verified,"Catalogue wording retained. Line wraps were reconstructed from the PDF layout; names, locations, project status and customer relationships were not externally verified."
177,A1 AVM / ANKARA,A1 AVM / ANKARA,A1 AVM,ANKARA,last slash suffix only; not externally verified,domestic_and_regional_project_references,135,133,left,black,catalogue_extracted_not_currently_verified,"Catalogue wording retained. Line wraps were reconstructed from the PDF layout; names, locations, project status and customer relationships were not externally verified."
178,ABADAN HALI / TÜRKMENİSTAN,ABADAN HALI / TÜRKMENİSTAN,ABADAN HALI,TÜRKMENİSTAN,last slash suffix only; not externally verified,domestic_and_regional_project_references,135,133,left,black,catalogue_extracted_not_currently_verified,"Catalogue wording retained. Line wraps were reconstructed from the PDF layout; names, locations, project status and customer relationships were not externally verified."
179,ADA RES KUŞADASI / AYDIN,ADA RES KUŞADASI / AYDIN,ADA RES KUŞADASI,AYDIN,last slash suffix only; not externally verified,domestic_and_regional_project_references,135,133,left,black,catalogue_extracted_not_currently_verified,"Catalogue wording retained. Line wraps were reconstructed from the PDF layout; names, locations, project status and customer relationships were not externally verified."
180,ADANA SAİMBEYLİ DEVLET HASTANESİ,ADANA SAİMBEYLİ DEVLET HASTANESİ,ADANA SAİMBEYLİ DEVLET HASTANESİ,,no slash suffix,domestic_and_regional_project_references,135,133,left,black,catalogue_extracted_not_currently_verified,"Catalogue wording retained. Line wraps were reconstructed from the PDF layout; names, locations, project status and customer relationships were not externally verified."
181,ADANUS TOWERS KARTAL / İSTANBUL,ADANUS TOWERS KARTAL / İSTANBUL,ADANUS TOWERS KARTAL,İSTANBUL,last slash suffix only; not externally verified,domestic_and_regional_project_references,135,133,left,black,catalogue_extracted_not_currently_verified,"Catalogue wording retained. Line wraps were reconstructed from the PDF layout; names, locations, project status and customer relationships were not externally verified."
182,AFYON SPOR KOMPLEKSİ / AFYON,AFYON SPOR KOMPLEKSİ / AFYON,AFYON SPOR KOMPLEKSİ,AFYON,last slash suffix only; not externally verified,domestic_and_regional_project_references,135,133,left,black,catalogue_extracted_not_currently_verified,"Catalogue wording retained. Line wraps were reconstructed from the PDF layout; names, locations, project status and customer relationships were not externally verified."
183,AGT AĞAÇ FABRİKASI / DENİZLİ,AGT AĞAÇ FABRİKASI / DENİZLİ,AGT AĞAÇ FABRİKASI,DENİZLİ,last slash suffix only; not externally verified,domestic_and_regional_project_references,135,133,left,black,catalogue_extracted_not_currently_verified,"Catalogue wording retained. Line wraps were reconstructed from the PDF layout; names, locations, project status and customer relationships were not externally verified."
184,AĞAOĞLU MASLAK 1453 / İSTANBUL,AĞAOĞLU MASLAK 1453 / İSTANBUL,AĞAOĞLU MASLAK 1453,İSTANBUL,last slash suffix only; not externally verified,domestic_and_regional_project_references,135,133,left,black,catalogue_extracted_not_currently_verified,"Catalogue wording retained. Line wraps were reconstructed from the PDF layout; names, locations, project status and customer relationships were not externally verified."
185,AĞIR HADDECİLİK DİLOVASI / KOCAELİ,AĞIR HADDECİLİK DİLOVASI / KOCAELİ,AĞIR HADDECİLİK DİLOVASI,KOCAELİ,last slash suffix only; not externally verified,domestic_and_regional_project_references,135,133,left,black,catalogue_extracted_not_currently_verified,"Catalogue wording retained. Line wraps were reconstructed from the PDF layout; names, locations, project status and customer relationships were not externally verified."
186,AKASYA ACIBADEM KONUT+AVM / İSTANBUL,AKASYA ACIBADEM KONUT+AVM / İSTANBUL,AKASYA ACIBADEM KONUT+AVM,İSTANBUL,last slash suffix only; not externally verified,domestic_and_regional_project_references,135,133,left,black,catalogue_extracted_not_currently_verified,"Catalogue wording retained. Line wraps were reconstructed from the PDF layout; names, locations, project status and customer relationships were not externally verified."
187,AKBANK OPERASYON MERKEZİ / İSTANBUL,AKBANK OPERASYON MERKEZİ / İSTANBUL,AKBANK OPERASYON MERKEZİ,İSTANBUL,last slash suffix only; not externally verified,domestic_and_regional_project_references,135,133,left,black,catalogue_extracted_not_currently_verified,"Catalogue wording retained. Line wraps were reconstructed from the PDF layout; names, locations, project status and customer relationships were not externally verified."
188,AKBANK T.A.Ş. ŞUBELERİ (TÜRKİYE GENELİ),AKBANK T.A.Ş. ŞUBELERİ (TÜRKİYE GENELİ),AKBANK T.A.Ş. ŞUBELERİ (TÜRKİYE GENELİ),,no slash suffix,domestic_and_regional_project_references,135,133,left,black,catalogue_extracted_not_currently_verified,"Catalogue wording retained. Line wraps were reconstructed from the PDF layout; names, locations, project status and customer relationships were not externally verified."
189,AKÇAABAT ATIKSU ARITMA TESİSİ / TRABZON,AKÇAABAT ATIKSU ARITMA TESİSİ / TRABZON,AKÇAABAT ATIKSU ARITMA TESİSİ,TRABZON,last slash suffix only; not externally verified,domestic_and_regional_project_references,135,133,left,black,catalogue_extracted_not_currently_verified,"Catalogue wording retained. Line wraps were reconstructed from the PDF layout; names, locations, project status and customer relationships were not externally verified."
190,AKÇALI KONUTLARI BEYTEPE / ANKARA,AKÇALI KONUTLARI BEYTEPE / ANKARA,AKÇALI KONUTLARI BEYTEPE,ANKARA,last slash suffix only; not externally verified,domestic_and_regional_project_references,135,133,left,black,catalogue_extracted_not_currently_verified,"Catalogue wording retained. Line wraps were reconstructed from the PDF layout; names, locations, project status and customer relationships were not externally verified."
191,AKINAL SENTETİK TEKSTİL FABRİKASI / GAZİANTEP,AKINAL SENTETİK TEKSTİL FABRİKASI / GAZİANTEP,AKINAL SENTETİK TEKSTİL FABRİKASI,GAZİANTEP,last slash suffix only; not externally verified,domestic_and_regional_project_references,135,133,left,black,catalogue_extracted_not_currently_verified,"Catalogue wording retained. Line wraps were reconstructed from the PDF layout; names, locations, project status and customer relationships were not externally verified."
192,AKKİM KİMYA FABRİKASI / YALOVA,AKKİM KİMYA FABRİKASI / YALOVA,AKKİM KİMYA FABRİKASI,YALOVA,last slash suffix only; not externally verified,domestic_and_regional_project_references,135,133,left,black,catalogue_extracted_not_currently_verified,"Catalogue wording retained. Line wraps were reconstructed from the PDF layout; names, locations, project status and customer relationships were not externally verified."
193,AKKOZA-2 KONUTLARI / İSTANBUL,AKKOZA-2 KONUTLARI / İSTANBUL,AKKOZA-2 KONUTLARI,İSTANBUL,last slash suffix only; not externally verified,domestic_and_regional_project_references,135,133,left,black,catalogue_extracted_not_currently_verified,"Catalogue wording retained. Line wraps were reconstructed from the PDF layout; names, locations, project status and customer relationships were not externally verified."
194,AKPLAS PLASTİK KALIP GEBZE / KOCAELİ,AKPLAS PLASTİK KALIP GEBZE / KOCAELİ,AKPLAS PLASTİK KALIP GEBZE,KOCAELİ,last slash suffix only; not externally verified,domestic_and_regional_project_references,135,133,left,black,catalogue_extracted_not_currently_verified,"Catalogue wording retained. Line wraps were reconstructed from the PDF layout; names, locations, project status and customer relationships were not externally verified."
195,AKSA AKRİLİK KİMYA A.Ş. / YALOVA,AKSA AKRİLİK KİMYA A.Ş. / YALOVA,AKSA AKRİLİK KİMYA A.Ş.,YALOVA,last slash suffix only; not externally verified,domestic_and_regional_project_references,135,133,left,black,catalogue_extracted_not_currently_verified,"Catalogue wording retained. Line wraps were reconstructed from the PDF layout; names, locations, project status and customer relationships were not externally verified."
196,AKSA ENERJİ BOLU GÖYNÜK TERMİK SANTRALİ,AKSA ENERJİ BOLU GÖYNÜK TERMİK SANTRALİ,AKSA ENERJİ BOLU GÖYNÜK TERMİK SANTRALİ,,no slash suffix,domestic_and_regional_project_references,135,133,left,black,catalogue_extracted_not_currently_verified,"Catalogue wording retained. Line wraps were reconstructed from the PDF layout; names, locations, project status and customer relationships were not externally verified."
197,AKSA ENERJİ DOĞALGAZ ÇEVRİM SANTRALİ / ANTALYA,AKSA ENERJİ DOĞALGAZ ÇEVRİM SANTRALİ / ANTALYA,AKSA ENERJİ DOĞALGAZ ÇEVRİM SANTRALİ,ANTALYA,last slash suffix only; not externally verified,domestic_and_regional_project_references,135,133,left,black,catalogue_extracted_not_currently_verified,"Catalogue wording retained. Line wraps were reconstructed from the PDF layout; names, locations, project status and customer relationships were not externally verified."
198,AKSU RES / KAYSERİ,AKSU RES / KAYSERİ,AKSU RES,KAYSERİ,last slash suffix only; not externally verified,domestic_and_regional_project_references,135,133,left,black,catalogue_extracted_not_currently_verified,"Catalogue wording retained. Line wraps were reconstructed from the PDF layout; names, locations, project status and customer relationships were not externally verified."
199,AKYURT GES / ANKARA,AKYURT GES / ANKARA,AKYURT GES,ANKARA,last slash suffix only; not externally verified,domestic_and_regional_project_references,135,133,left,black,catalogue_extracted_not_currently_verified,"Catalogue wording retained. Line wraps were reconstructed from the PDF layout; names, locations, project status and customer relationships were not externally verified."
200,AL FATEH ÜNİVERSİTESİ / LİBYA,AL FATEH ÜNİVERSİTESİ / LİBYA,AL FATEH ÜNİVERSİTESİ,LİBYA,last slash suffix only; not externally verified,domestic_and_regional_project_references,135,133,left,black,catalogue_extracted_not_currently_verified,"Catalogue wording retained. Line wraps were reconstructed from the PDF layout; names, locations, project status and customer relationships were not externally verified."
201,ALBARAKA ŞUBELERİ (TÜRKİYE GENELİ),ALBARAKA ŞUBELERİ (TÜRKİYE GENELİ),ALBARAKA ŞUBELERİ (TÜRKİYE GENELİ),,no slash suffix,domestic_and_regional_project_references,135,133,left,black,catalogue_extracted_not_currently_verified,"Catalogue wording retained. Line wraps were reconstructed from the PDF layout; names, locations, project status and customer relationships were not externally verified."
202,ALİAĞA ATIKSU ARITMA TESİSİ / İZMİR,ALİAĞA ATIKSU ARITMA TESİSİ / İZMİR,ALİAĞA ATIKSU ARITMA TESİSİ,İZMİR,last slash suffix only; not externally verified,domestic_and_regional_project_references,135,133,left,black,catalogue_extracted_not_currently_verified,"Catalogue wording retained. Line wraps were reconstructed from the PDF layout; names, locations, project status and customer relationships were not externally verified."
203,ALİBEYKÖY ANADOLU LİSESİ / İSTANBUL,ALİBEYKÖY ANADOLU LİSESİ / İSTANBUL,ALİBEYKÖY ANADOLU LİSESİ,İSTANBUL,last slash suffix only; not externally verified,domestic_and_regional_project_references,135,133,left,black,catalogue_extracted_not_currently_verified,"Catalogue wording retained. Line wraps were reconstructed from the PDF layout; names, locations, project status and customer relationships were not externally verified."
204,ALMAATA HAVAALANI / TÜRKMENİSTAN,ALMAATA HAVAALANI / TÜRKMENİSTAN,ALMAATA HAVAALANI,TÜRKMENİSTAN,last slash suffix only; not externally verified,domestic_and_regional_project_references,135,133,left,black,catalogue_extracted_not_currently_verified,"Catalogue wording retained. Line wraps were reconstructed from the PDF layout; names, locations, project status and customer relationships were not externally verified."
205,ALMONDHİLL KONUTLARI / İSTANBUL,ALMONDHİLL KONUTLARI / İSTANBUL,ALMONDHİLL KONUTLARI,İSTANBUL,last slash suffix only; not externally verified,domestic_and_regional_project_references,135,133,left,black,catalogue_extracted_not_currently_verified,"Catalogue wording retained. Line wraps were reconstructed from the PDF layout; names, locations, project status and customer relationships were not externally verified."
206,AMASYA-TURHAL TÜNEL KAVŞAK YOL,AMASYA-TURHAL TÜNEL KAVŞAK YOL,AMASYA-TURHAL TÜNEL KAVŞAK YOL,,no slash suffix,domestic_and_regional_project_references,135,133,left,black,catalogue_extracted_not_currently_verified,"Catalogue wording retained. Line wraps were reconstructed from the PDF layout; names, locations, project status and customer relationships were not externally verified."
207,AMBARLI TERMİK SANTRALİ / İSTANBUL,AMBARLI TERMİK SANTRALİ / İSTANBUL,AMBARLI TERMİK SANTRALİ,İSTANBUL,last slash suffix only; not externally verified,domestic_and_regional_project_references,135,133,left,black,catalogue_extracted_not_currently_verified,"Catalogue wording retained. Line wraps were reconstructed from the PDF layout; names, locations, project status and customer relationships were not externally verified."
208,ANADOLU CAM ESKİŞEHİR FABRİKASI / ESKİŞEHİR,ANADOLU CAM ESKİŞEHİR FABRİKASI / ESKİŞEHİR,ANADOLU CAM ESKİŞEHİR FABRİKASI,ESKİŞEHİR,last slash suffix only; not externally verified,domestic_and_regional_project_references,135,133,left,black,catalogue_extracted_not_currently_verified,"Catalogue wording retained. Line wraps were reconstructed from the PDF layout; names, locations, project status and customer relationships were not externally verified."
209,ANADOLU CAM YENİŞEHİR FABRİKASI / BURSA,ANADOLU CAM YENİŞEHİR FABRİKASI / BURSA,ANADOLU CAM YENİŞEHİR FABRİKASI,BURSA,last slash suffix only; not externally verified,domestic_and_regional_project_references,135,133,left,black,catalogue_extracted_not_currently_verified,"Catalogue wording retained. Line wraps were reconstructed from the PDF layout; names, locations, project status and customer relationships were not externally verified."
210,ANAGOLD MADENCİLİK / ERZİNCAN,ANAGOLD MADENCİLİK / ERZİNCAN,ANAGOLD MADENCİLİK,ERZİNCAN,last slash suffix only; not externally verified,domestic_and_regional_project_references,135,133,left,black,catalogue_extracted_not_currently_verified,"Catalogue wording retained. Line wraps were reconstructed from the PDF layout; names, locations, project status and customer relationships were not externally verified."
211,ANKA SAĞMAL ÇİFTLİĞİ ÇATALCA / İSTANBUL,ANKA SAĞMAL ÇİFTLİĞİ ÇATALCA / İSTANBUL,ANKA SAĞMAL ÇİFTLİĞİ ÇATALCA,İSTANBUL,last slash suffix only; not externally verified,domestic_and_regional_project_references,135,133,left,black,catalogue_extracted_not_currently_verified,"Catalogue wording retained. Line wraps were reconstructed from the PDF layout; names, locations, project status and customer relationships were not externally verified."
212,ANTALYA HAVAALANI,ANTALYA HAVAALANI,ANTALYA HAVAALANI,,no slash suffix,domestic_and_regional_project_references,135,133,left,black,catalogue_extracted_not_currently_verified,"Catalogue wording retained. Line wraps were reconstructed from the PDF layout; names, locations, project status and customer relationships were not externally verified."
213,ANTALYA HAVALİMANI GENİŞLETME,ANTALYA HAVALİMANI GENİŞLETME,ANTALYA HAVALİMANI GENİŞLETME,,no slash suffix,domestic_and_regional_project_references,135,133,left,black,catalogue_extracted_not_currently_verified,"Catalogue wording retained. Line wraps were reconstructed from the PDF layout; names, locations, project status and customer relationships were not externally verified."
214,ANYALYA GES,ANYALYA GES,ANYALYA GES,,no slash suffix,domestic_and_regional_project_references,135,133,left,black,catalogue_extracted_not_currently_verified,"Catalogue wording retained. Line wraps were reconstructed from the PDF layout; names, locations, project status and customer relationships were not externally verified."
215,ARÇELİK ÇERKEZKÖY TV FABRİKASI / İSTANBUL,ARÇELİK ÇERKEZKÖY TV FABRİKASI / İSTANBUL,ARÇELİK ÇERKEZKÖY TV FABRİKASI,İSTANBUL,last slash suffix only; not externally verified,domestic_and_regional_project_references,135,133,left,black,catalogue_extracted_not_currently_verified,"Catalogue wording retained. Line wraps were reconstructed from the PDF layout; names, locations, project status and customer relationships were not externally verified."
216,ARDAHAN ATIKSU ARITMA TESİSİ,ARDAHAN ATIKSU ARITMA TESİSİ,ARDAHAN ATIKSU ARITMA TESİSİ,,no slash suffix,domestic_and_regional_project_references,135,133,left,black,catalogue_extracted_not_currently_verified,"Catalogue wording retained. Line wraps were reconstructed from the PDF layout; names, locations, project status and customer relationships were not externally verified."
217,AREVA GEBZE / KOCAELİ,AREVA GEBZE / KOCAELİ,AREVA GEBZE,KOCAELİ,last slash suffix only; not externally verified,domestic_and_regional_project_references,135,133,left,black,catalogue_extracted_not_currently_verified,"Catalogue wording retained. Line wraps were reconstructed from the PDF layout; names, locations, project status and customer relationships were not externally verified."
218,ARI-3 TEKNOKENT (İTÜ MASLAK KAMPÜSÜ) / İSTANBUL,ARI-3 TEKNOKENT (İTÜ MASLAK KAMPÜSÜ) / İSTANBUL,ARI-3 TEKNOKENT (İTÜ MASLAK KAMPÜSÜ),İSTANBUL,last slash suffix only; not externally verified,domestic_and_regional_project_references,135,133,left,black,catalogue_extracted_not_currently_verified,"Catalogue wording retained. Line wraps were reconstructed from the PDF layout; names, locations, project status and customer relationships were not externally verified."
219,ARİFİYE YURT / SAKARYA,ARİFİYE YURT / SAKARYA,ARİFİYE YURT,SAKARYA,last slash suffix only; not externally verified,domestic_and_regional_project_references,135,133,left,black,catalogue_extracted_not_currently_verified,"Catalogue wording retained. Line wraps were reconstructed from the PDF layout; names, locations, project status and customer relationships were not externally verified."
220,ARİSTA BOMONTİ / İSTANBUL,ARİSTA BOMONTİ / İSTANBUL,ARİSTA BOMONTİ,İSTANBUL,last slash suffix only; not externally verified,domestic_and_regional_project_references,135,133,right,black,catalogue_extracted_not_currently_verified,"Catalogue wording retained. Line wraps were reconstructed from the PDF layout; names, locations, project status and customer relationships were not externally verified."
221,ARMUTLU ATIKSU ARITMA TESİSİ / YALOVA,ARMUTLU ATIKSU ARITMA TESİSİ / YALOVA,ARMUTLU ATIKSU ARITMA TESİSİ,YALOVA,last slash suffix only; not externally verified,domestic_and_regional_project_references,135,133,right,black,catalogue_extracted_not_currently_verified,"Catalogue wording retained. Line wraps were reconstructed from the PDF layout; names, locations, project status and customer relationships were not externally verified."
222,ARSLAN BEY KÜLTÜR MERKEZİ / KOCAELİ,ARSLAN BEY KÜLTÜR MERKEZİ / KOCAELİ,ARSLAN BEY KÜLTÜR MERKEZİ,KOCAELİ,last slash suffix only; not externally verified,domestic_and_regional_project_references,135,133,right,black,catalogue_extracted_not_currently_verified,"Catalogue wording retained. Line wraps were reconstructed from the PDF layout; names, locations, project status and customer relationships were not externally verified."
223,ARTUR TOWER BORNOVA / İZMİR,ARTUR TOWER BORNOVA / İZMİR,ARTUR TOWER BORNOVA,İZMİR,last slash suffix only; not externally verified,domestic_and_regional_project_references,135,133,right,black,catalogue_extracted_not_currently_verified,"Catalogue wording retained. Line wraps were reconstructed from the PDF layout; names, locations, project status and customer relationships were not externally verified."
224,ASELSAN DEPOSU BANDIRMA / BALIKESİR,ASELSAN DEPOSU BANDIRMA / BALIKESİR,ASELSAN DEPOSU BANDIRMA,BALIKESİR,last slash suffix only; not externally verified,domestic_and_regional_project_references,135,133,right,black,catalogue_extracted_not_currently_verified,"Catalogue wording retained. Line wraps were reconstructed from the PDF layout; names, locations, project status and customer relationships were not externally verified."
225,ASTRILA SKI RESORT HOTEL / ERZURUM,ASTRILA SKI RESORT HOTEL / ERZURUM,ASTRILA SKI RESORT HOTEL,ERZURUM,last slash suffix only; not externally verified,domestic_and_regional_project_references,135,133,right,black,catalogue_extracted_not_currently_verified,"Catalogue wording retained. Line wraps were reconstructed from the PDF layout; names, locations, project status and customer relationships were not externally verified."
226,AŞKABAT HAVAALANI ANA TERMİNAL BÖLGESİ / TÜRKMENİSTAN,AŞKABAT HAVAALANI ANA TERMİNAL BÖLGESİ / TÜRKMENİSTAN,AŞKABAT HAVAALANI ANA TERMİNAL BÖLGESİ,TÜRKMENİSTAN,last slash suffix only; not externally verified,domestic_and_regional_project_references,135,133,right,black,catalogue_extracted_not_currently_verified,"Catalogue wording retained. Line wraps were reconstructed from the PDF layout; names, locations, project status and customer relationships were not externally verified."
227,ATABAY İLAÇ FABRİKASI DİLOVASI / KOCAELİ,ATABAY İLAÇ FABRİKASI DİLOVASI / KOCAELİ,ATABAY İLAÇ FABRİKASI DİLOVASI,KOCAELİ,last slash suffix only; not externally verified,domestic_and_regional_project_references,135,133,right,black,catalogue_extracted_not_currently_verified,"Catalogue wording retained. Line wraps were reconstructed from the PDF layout; names, locations, project status and customer relationships were not externally verified."
228,ATAŞEHİR DELUXIA KONUTLARI / İSTANBUL,ATAŞEHİR DELUXIA KONUTLARI / İSTANBUL,ATAŞEHİR DELUXIA KONUTLARI,İSTANBUL,last slash suffix only; not externally verified,domestic_and_regional_project_references,135,133,right,black,catalogue_extracted_not_currently_verified,"Catalogue wording retained. Line wraps were reconstructed from the PDF layout; names, locations, project status and customer relationships were not externally verified."
229,ATAŞEHİR METROPOL İSTANBUL,ATAŞEHİR METROPOL İSTANBUL,ATAŞEHİR METROPOL İSTANBUL,,no slash suffix,domestic_and_regional_project_references,135,133,right,black,catalogue_extracted_not_currently_verified,"Catalogue wording retained. Line wraps were reconstructed from the PDF layout; names, locations, project status and customer relationships were not externally verified."
230,ATATÜRK HAVALİMANI İÇ VE DIŞ HATLAR TERMİNALİ / İSTANBUL,ATATÜRK HAVALİMANI İÇ VE DIŞ HATLAR TERMİNALİ / İSTANBUL,ATATÜRK HAVALİMANI İÇ VE DIŞ HATLAR TERMİNALİ,İSTANBUL,last slash suffix only; not externally verified,domestic_and_regional_project_references,135,133,right,black,catalogue_extracted_not_currently_verified,"Catalogue wording retained. Line wraps were reconstructed from the PDF layout; names, locations, project status and customer relationships were not externally verified."
231,ATATÜRK KÜLTÜR MERKEZİ / İSTANBUL,ATATÜRK KÜLTÜR MERKEZİ / İSTANBUL,ATATÜRK KÜLTÜR MERKEZİ,İSTANBUL,last slash suffix only; not externally verified,domestic_and_regional_project_references,135,133,right,black,catalogue_extracted_not_currently_verified,"Catalogue wording retained. Line wraps were reconstructed from the PDF layout; names, locations, project status and customer relationships were not externally verified."
232,ATAY İŞ MERKEZİ / İSKENDERUN,ATAY İŞ MERKEZİ / İSKENDERUN,ATAY İŞ MERKEZİ,İSKENDERUN,last slash suffix only; not externally verified,domestic_and_regional_project_references,135,133,right,black,catalogue_extracted_not_currently_verified,"Catalogue wording retained. Line wraps were reconstructed from the PDF layout; names, locations, project status and customer relationships were not externally verified."
233,ATİK PAŞA YALISI / İSTANBUL,ATİK PAŞA YALISI / İSTANBUL,ATİK PAŞA YALISI,İSTANBUL,last slash suffix only; not externally verified,domestic_and_regional_project_references,135,133,right,black,catalogue_extracted_not_currently_verified,"Catalogue wording retained. Line wraps were reconstructed from the PDF layout; names, locations, project status and customer relationships were not externally verified."
234,AUTOPORT LİMAN VE PDI BİNASI / KOCAELİ,AUTOPORT LİMAN VE PDI BİNASI / KOCAELİ,AUTOPORT LİMAN VE PDI BİNASI,KOCAELİ,last slash suffix only; not externally verified,domestic_and_regional_project_references,135,133,right,black,catalogue_extracted_not_currently_verified,"Catalogue wording retained. Line wraps were reconstructed from the PDF layout; names, locations, project status and customer relationships were not externally verified."
235,AVİS İLAÇ TUZLA / İSTANBUL,AVİS İLAÇ TUZLA / İSTANBUL,AVİS İLAÇ TUZLA,İSTANBUL,last slash suffix only; not externally verified,domestic_and_regional_project_references,135,133,right,black,catalogue_extracted_not_currently_verified,"Catalogue wording retained. Line wraps were reconstructed from the PDF layout; names, locations, project status and customer relationships were not externally verified."
236,AVRUPA KOLEJİ ANAOKULU / İSTANBUL,AVRUPA KOLEJİ ANAOKULU / İSTANBUL,AVRUPA KOLEJİ ANAOKULU,İSTANBUL,last slash suffix only; not externally verified,domestic_and_regional_project_references,135,133,right,black,catalogue_extracted_not_currently_verified,"Catalogue wording retained. Line wraps were reconstructed from the PDF layout; names, locations, project status and customer relationships were not externally verified."
237,AVRUPA KONUTLARI ISPARTAKULE / İSTANBUL,AVRUPA KONUTLARI ISPARTAKULE / İSTANBUL,AVRUPA KONUTLARI ISPARTAKULE,İSTANBUL,last slash suffix only; not externally verified,domestic_and_regional_project_references,135,133,right,black,catalogue_extracted_not_currently_verified,"Catalogue wording retained. Line wraps were reconstructed from the PDF layout; names, locations, project status and customer relationships were not externally verified."
238,AVRUPA KONUTLARI TEM-2 / İSTANBUL,AVRUPA KONUTLARI TEM-2 / İSTANBUL,AVRUPA KONUTLARI TEM-2,İSTANBUL,last slash suffix only; not externally verified,domestic_and_regional_project_references,135,133,right,black,catalogue_extracted_not_currently_verified,"Catalogue wording retained. Line wraps were reconstructed from the PDF layout; names, locations, project status and customer relationships were not externally verified."
239,AVRUPA KONUTLARI YENİMAHALLE BAĞCILAR / İSTANBUL,AVRUPA KONUTLARI YENİMAHALLE BAĞCILAR / İSTANBUL,AVRUPA KONUTLARI YENİMAHALLE BAĞCILAR,İSTANBUL,last slash suffix only; not externally verified,domestic_and_regional_project_references,135,133,right,black,catalogue_extracted_not_currently_verified,"Catalogue wording retained. Line wraps were reconstructed from the PDF layout; names, locations, project status and customer relationships were not externally verified."
240,AWAZA KONGRE MERKEZİ / TÜRKMENİSTAN,AWAZA KONGRE MERKEZİ / TÜRKMENİSTAN,AWAZA KONGRE MERKEZİ,TÜRKMENİSTAN,last slash suffix only; not externally verified,domestic_and_regional_project_references,135,133,right,black,catalogue_extracted_not_currently_verified,"Catalogue wording retained. Line wraps were reconstructed from the PDF layout; names, locations, project status and customer relationships were not externally verified."
241,AXİS İSTANBUL OFİS+AVM,AXİS İSTANBUL OFİS+AVM,AXİS İSTANBUL OFİS+AVM,,no slash suffix,domestic_and_regional_project_references,135,133,right,black,catalogue_extracted_not_currently_verified,"Catalogue wording retained. Line wraps were reconstructed from the PDF layout; names, locations, project status and customer relationships were not externally verified."
242,AYDIN GERİ GÖNDERME MERKEZİ,AYDIN GERİ GÖNDERME MERKEZİ,AYDIN GERİ GÖNDERME MERKEZİ,,no slash suffix,domestic_and_regional_project_references,135,133,right,black,catalogue_extracted_not_currently_verified,"Catalogue wording retained. Line wraps were reconstructed from the PDF layout; names, locations, project status and customer relationships were not externally verified."
243,AYDIN SÖKE BİYOKÜTLE ENERJİ TESİSİ,AYDIN SÖKE BİYOKÜTLE ENERJİ TESİSİ,AYDIN SÖKE BİYOKÜTLE ENERJİ TESİSİ,,no slash suffix,domestic_and_regional_project_references,135,133,right,black,catalogue_extracted_not_currently_verified,"Catalogue wording retained. Line wraps were reconstructed from the PDF layout; names, locations, project status and customer relationships were not externally verified."
244,AYPAŞ TEKSTİL / BURSA,AYPAŞ TEKSTİL / BURSA,AYPAŞ TEKSTİL,BURSA,last slash suffix only; not externally verified,domestic_and_regional_project_references,135,133,right,black,catalogue_extracted_not_currently_verified,"Catalogue wording retained. Line wraps were reconstructed from the PDF layout; names, locations, project status and customer relationships were not externally verified."
245,BABY GİZ PLAZA MASLAK / İSTANBUL,BABY GİZ PLAZA MASLAK / İSTANBUL,BABY GİZ PLAZA MASLAK,İSTANBUL,last slash suffix only; not externally verified,domestic_and_regional_project_references,135,133,right,black,catalogue_extracted_not_currently_verified,"Catalogue wording retained. Line wraps were reconstructed from the PDF layout; names, locations, project status and customer relationships were not externally verified."
246,BAĞCILAR BELEDİYESİ / İSTANBUL,BAĞCILAR BELEDİYESİ / İSTANBUL,BAĞCILAR BELEDİYESİ,İSTANBUL,last slash suffix only; not externally verified,domestic_and_regional_project_references,135,133,right,black,catalogue_extracted_not_currently_verified,"Catalogue wording retained. Line wraps were reconstructed from the PDF layout; names, locations, project status and customer relationships were not externally verified."
247,BAHÇEKENT FLOARA EVLERİ / İSTANBUL,BAHÇEKENT FLOARA EVLERİ / İSTANBUL,BAHÇEKENT FLOARA EVLERİ,İSTANBUL,last slash suffix only; not externally verified,domestic_and_regional_project_references,135,133,right,black,catalogue_extracted_not_currently_verified,"Catalogue wording retained. Line wraps were reconstructed from the PDF layout; names, locations, project status and customer relationships were not externally verified."
248,BAHÇEKENT HADIMKÖY KONUTLARI / İSTANBUL,BAHÇEKENT HADIMKÖY KONUTLARI / İSTANBUL,BAHÇEKENT HADIMKÖY KONUTLARI,İSTANBUL,last slash suffix only; not externally verified,domestic_and_regional_project_references,135,133,right,black,catalogue_extracted_not_currently_verified,"Catalogue wording retained. Line wraps were reconstructed from the PDF layout; names, locations, project status and customer relationships were not externally verified."
249,BAHÇETEPE KULE / İSTANBUL,BAHÇETEPE KULE / İSTANBUL,BAHÇETEPE KULE,İSTANBUL,last slash suffix only; not externally verified,domestic_and_regional_project_references,135,133,right,black,catalogue_extracted_not_currently_verified,"Catalogue wording retained. Line wraps were reconstructed from the PDF layout; names, locations, project status and customer relationships were not externally verified."
250,BAHÇETEPE MAKRO / İSTANBUL,BAHÇETEPE MAKRO / İSTANBUL,BAHÇETEPE MAKRO,İSTANBUL,last slash suffix only; not externally verified,domestic_and_regional_project_references,135,133,right,black,catalogue_extracted_not_currently_verified,"Catalogue wording retained. Line wraps were reconstructed from the PDF layout; names, locations, project status and customer relationships were not externally verified."
251,BAK KADIN DOĞUM HASTANESİ / IRAK,BAK KADIN DOĞUM HASTANESİ / IRAK,BAK KADIN DOĞUM HASTANESİ,IRAK,last slash suffix only; not externally verified,domestic_and_regional_project_references,135,133,right,black,catalogue_extracted_not_currently_verified,"Catalogue wording retained. Line wraps were reconstructed from the PDF layout; names, locations, project status and customer relationships were not externally verified."
252,BAKÜ HAVAALANI YENİ TERMİNALİ / AZERBAYCAN,BAKÜ HAVAALANI YENİ TERMİNALİ / AZERBAYCAN,BAKÜ HAVAALANI YENİ TERMİNALİ,AZERBAYCAN,last slash suffix only; not externally verified,domestic_and_regional_project_references,135,133,right,black,catalogue_extracted_not_currently_verified,"Catalogue wording retained. Line wraps were reconstructed from the PDF layout; names, locations, project status and customer relationships were not externally verified."
253,BAKÜ-TİFLİS-CEYHAN BORU HATTI,BAKÜ-TİFLİS-CEYHAN BORU HATTI,BAKÜ-TİFLİS-CEYHAN BORU HATTI,,no slash suffix,domestic_and_regional_project_references,135,133,right,black,catalogue_extracted_not_currently_verified,"Catalogue wording retained. Line wraps were reconstructed from the PDF layout; names, locations, project status and customer relationships were not externally verified."
254,BALIKESİR ÜNİ. KÜLTÜR MER. VE KÜTÜPHANE BİNASI,BALIKESİR ÜNİ. KÜLTÜR MER. VE KÜTÜPHANE BİNASI,BALIKESİR ÜNİ. KÜLTÜR MER. VE KÜTÜPHANE BİNASI,,no slash suffix,domestic_and_regional_project_references,135,133,right,black,catalogue_extracted_not_currently_verified,"Catalogue wording retained. Line wraps were reconstructed from the PDF layout; names, locations, project status and customer relationships were not externally verified."
255,BALTALİMANI ATIKSU ARITMA TESİSİ / İSTANBUL,BALTALİMANI ATIKSU ARITMA TESİSİ / İSTANBUL,BALTALİMANI ATIKSU ARITMA TESİSİ,İSTANBUL,last slash suffix only; not externally verified,domestic_and_regional_project_references,135,133,right,black,catalogue_extracted_not_currently_verified,"Catalogue wording retained. Line wraps were reconstructed from the PDF layout; names, locations, project status and customer relationships were not externally verified."
256,BAMAKO HOLLANDA BÜYÜKELÇİLİĞİ / MALİ,BAMAKO HOLLANDA BÜYÜKELÇİLİĞİ / MALİ,BAMAKO HOLLANDA BÜYÜKELÇİLİĞİ,MALİ,last slash suffix only; not externally verified,domestic_and_regional_project_references,135,133,right,black,catalogue_extracted_not_currently_verified,"Catalogue wording retained. Line wraps were reconstructed from the PDF layout; names, locations, project status and customer relationships were not externally verified."
257,BAQUBA HASTANESİ / IRAK,BAQUBA HASTANESİ / IRAK,BAQUBA HASTANESİ,IRAK,last slash suffix only; not externally verified,domestic_and_regional_project_references,135,133,right,black,catalogue_extracted_not_currently_verified,"Catalogue wording retained. Line wraps were reconstructed from the PDF layout; names, locations, project status and customer relationships were not externally verified."
258,BARTIN ÇİMENTO FABRİKASI,BARTIN ÇİMENTO FABRİKASI,BARTIN ÇİMENTO FABRİKASI,,no slash suffix,domestic_and_regional_project_references,135,133,right,black,catalogue_extracted_not_currently_verified,"Catalogue wording retained. Line wraps were reconstructed from the PDF layout; names, locations, project status and customer relationships were not externally verified."
259,BARZAN HASTANESİ / IRAK,BARZAN HASTANESİ / IRAK,BARZAN HASTANESİ,IRAK,last slash suffix only; not externally verified,domestic_and_regional_project_references,135,133,right,black,catalogue_extracted_not_currently_verified,"Catalogue wording retained. Line wraps were reconstructed from the PDF layout; names, locations, project status and customer relationships were not externally verified."
260,BASF KİMYA ÇAYIROVA FABRİKA / KOCAELİ,BASF KİMYA ÇAYIROVA FABRİKA / KOCAELİ,BASF KİMYA ÇAYIROVA FABRİKA,KOCAELİ,last slash suffix only; not externally verified,domestic_and_regional_project_references,135,133,right,black,catalogue_extracted_not_currently_verified,"Catalogue wording retained. Line wraps were reconstructed from the PDF layout; names, locations, project status and customer relationships were not externally verified."
261,BASRA HASTANESİ / IRAK,BASRA HASTANESİ / IRAK,BASRA HASTANESİ,IRAK,last slash suffix only; not externally verified,domestic_and_regional_project_references,135,133,right,black,catalogue_extracted_not_currently_verified,"Catalogue wording retained. Line wraps were reconstructed from the PDF layout; names, locations, project status and customer relationships were not externally verified."
262,BAŞAKŞEHİR FENERTEPE KAPALI PAZAR YERİ,BAŞAKŞEHİR FENERTEPE KAPALI PAZAR YERİ,BAŞAKŞEHİR FENERTEPE KAPALI PAZAR YERİ,,no slash suffix,domestic_and_regional_project_references,135,133,right,black,catalogue_extracted_not_currently_verified,"Catalogue wording retained. Line wraps were reconstructed from the PDF layout; names, locations, project status and customer relationships were not externally verified."
263,BAŞAKŞEHİR KÜLTÜR VE YAŞAM MERKEZİ / İSTANBUL,BAŞAKŞEHİR KÜLTÜR VE YAŞAM MERKEZİ / İSTANBUL,BAŞAKŞEHİR KÜLTÜR VE YAŞAM MERKEZİ,İSTANBUL,last slash suffix only; not externally verified,domestic_and_regional_project_references,135,133,right,black,catalogue_extracted_not_currently_verified,"Catalogue wording retained. Line wraps were reconstructed from the PDF layout; names, locations, project status and customer relationships were not externally verified."
264,BATI ATAŞEHİR KENT PLUS / İSTANBUL,BATI ATAŞEHİR KENT PLUS / İSTANBUL,BATI ATAŞEHİR KENT PLUS,İSTANBUL,last slash suffix only; not externally verified,domestic_and_regional_project_references,135,133,right,black,catalogue_extracted_not_currently_verified,"Catalogue wording retained. Line wraps were reconstructed from the PDF layout; names, locations, project status and customer relationships were not externally verified."
265,BATI ŞEHİR KONUT-OFİS-OTEL / İSTANBUL,BATI ŞEHİR KONUT-OFİS-OTEL / İSTANBUL,BATI ŞEHİR KONUT-OFİS-OTEL,İSTANBUL,last slash suffix only; not externally verified,domestic_and_regional_project_references,135,133,right,black,catalogue_extracted_not_currently_verified,"Catalogue wording retained. Line wraps were reconstructed from the PDF layout; names, locations, project status and customer relationships were not externally verified."
266,BATIŞEHİR / İSTANBUL,BATIŞEHİR / İSTANBUL,BATIŞEHİR,İSTANBUL,last slash suffix only; not externally verified,domestic_and_regional_project_references,135,133,right,black,catalogue_extracted_not_currently_verified,"Catalogue wording retained. Line wraps were reconstructed from the PDF layout; names, locations, project status and customer relationships were not externally verified."
267,BATMAN PARK AVM,BATMAN PARK AVM,BATMAN PARK AVM,,no slash suffix,domestic_and_regional_project_references,135,133,right,black,catalogue_extracted_not_currently_verified,"Catalogue wording retained. Line wraps were reconstructed from the PDF layout; names, locations, project status and customer relationships were not externally verified."
268,BATUM RESIDENCE / GÜRCİSTAN,BATUM RESIDENCE / GÜRCİSTAN,BATUM RESIDENCE,GÜRCİSTAN,last slash suffix only; not externally verified,domestic_and_regional_project_references,135,133,right,black,catalogue_extracted_not_currently_verified,"Catalogue wording retained. Line wraps were reconstructed from the PDF layout; names, locations, project status and customer relationships were not externally verified."
269,BATUMİ GEORGİA AİRPORT / GÜRCİSTAN,BATUMİ GEORGİA AİRPORT / GÜRCİSTAN,BATUMİ GEORGİA AİRPORT,GÜRCİSTAN,last slash suffix only; not externally verified,domestic_and_regional_project_references,135,133,right,black,catalogue_extracted_not_currently_verified,"Catalogue wording retained. Line wraps were reconstructed from the PDF layout; names, locations, project status and customer relationships were not externally verified."
270,BAYBURT 750 KİŞİLİK ÖĞRENCİ YURDU,BAYBURT 750 KİŞİLİK ÖĞRENCİ YURDU,BAYBURT 750 KİŞİLİK ÖĞRENCİ YURDU,,no slash suffix,domestic_and_regional_project_references,135,133,right,black,catalogue_extracted_not_currently_verified,"Catalogue wording retained. Line wraps were reconstructed from the PDF layout; names, locations, project status and customer relationships were not externally verified."
271,BAYKAR MAKİNA HADIMKÖY / İSTANBUL,BAYKAR MAKİNA HADIMKÖY / İSTANBUL,BAYKAR MAKİNA HADIMKÖY,İSTANBUL,last slash suffix only; not externally verified,domestic_and_regional_project_references,135,133,right,black,catalogue_extracted_not_currently_verified,"Catalogue wording retained. Line wraps were reconstructed from the PDF layout; names, locations, project status and customer relationships were not externally verified."
272,BAYRAMPAŞA KIDAN OTEL / İSTANBUL,BAYRAMPAŞA KIDAN OTEL / İSTANBUL,BAYRAMPAŞA KIDAN OTEL,İSTANBUL,last slash suffix only; not externally verified,domestic_and_regional_project_references,135,133,right,black,catalogue_extracted_not_currently_verified,"Catalogue wording retained. Line wraps were reconstructed from the PDF layout; names, locations, project status and customer relationships were not externally verified."
273,BC YAPI MARKET / IRAK,BC YAPI MARKET / IRAK,BC YAPI MARKET,IRAK,last slash suffix only; not externally verified,domestic_and_regional_project_references,136,134,left,black,catalogue_extracted_not_currently_verified,"Catalogue wording retained. Line wraps were reconstructed from the PDF layout; names, locations, project status and customer relationships were not externally verified."
274,BEKAP METAL İNŞAAT / KOCAELİ,BEKAP METAL İNŞAAT / KOCAELİ,BEKAP METAL İNŞAAT,KOCAELİ,last slash suffix only; not externally verified,domestic_and_regional_project_references,136,134,left,black,catalogue_extracted_not_currently_verified,"Catalogue wording retained. Line wraps were reconstructed from the PDF layout; names, locations, project status and customer relationships were not externally verified."
275,BELMA GÜDE ORTAOKULU / İSTANBUL,BELMA GÜDE ORTAOKULU / İSTANBUL,BELMA GÜDE ORTAOKULU,İSTANBUL,last slash suffix only; not externally verified,domestic_and_regional_project_references,136,134,left,black,catalogue_extracted_not_currently_verified,"Catalogue wording retained. Line wraps were reconstructed from the PDF layout; names, locations, project status and customer relationships were not externally verified."
276,BERKO İLAÇ FABRİKASI / İSTANBUL,BERKO İLAÇ FABRİKASI / İSTANBUL,BERKO İLAÇ FABRİKASI,İSTANBUL,last slash suffix only; not externally verified,domestic_and_regional_project_references,136,134,left,black,catalogue_extracted_not_currently_verified,"Catalogue wording retained. Line wraps were reconstructed from the PDF layout; names, locations, project status and customer relationships were not externally verified."
277,BESLER GIDA KURTKÖY FABRİKASI / İSTANBUL,BESLER GIDA KURTKÖY FABRİKASI / İSTANBUL,BESLER GIDA KURTKÖY FABRİKASI,İSTANBUL,last slash suffix only; not externally verified,domestic_and_regional_project_references,136,134,left,black,catalogue_extracted_not_currently_verified,"Catalogue wording retained. Line wraps were reconstructed from the PDF layout; names, locations, project status and customer relationships were not externally verified."
278,BEYBİ ELDİVEN FABRİKASI / BURSA,BEYBİ ELDİVEN FABRİKASI / BURSA,BEYBİ ELDİVEN FABRİKASI,BURSA,last slash suffix only; not externally verified,domestic_and_regional_project_references,136,134,left,black,catalogue_extracted_not_currently_verified,"Catalogue wording retained. Line wraps were reconstructed from the PDF layout; names, locations, project status and customer relationships were not externally verified."
279,BEYZADE KONAKLARI / İSTANBUL,BEYZADE KONAKLARI / İSTANBUL,BEYZADE KONAKLARI,İSTANBUL,last slash suffix only; not externally verified,domestic_and_regional_project_references,136,134,left,black,catalogue_extracted_not_currently_verified,"Catalogue wording retained. Line wraps were reconstructed from the PDF layout; names, locations, project status and customer relationships were not externally verified."
280,BEZMİALEM ÜNİVERSİTESİ / İSTANBUL,BEZMİALEM ÜNİVERSİTESİ / İSTANBUL,BEZMİALEM ÜNİVERSİTESİ,İSTANBUL,last slash suffix only; not externally verified,domestic_and_regional_project_references,136,134,left,black,catalogue_extracted_not_currently_verified,"Catalogue wording retained. Line wraps were reconstructed from the PDF layout; names, locations, project status and customer relationships were not externally verified."
281,BİBLOS ALAÇATI RESORT HOTEL / İZMİR,BİBLOS ALAÇATI RESORT HOTEL / İZMİR,BİBLOS ALAÇATI RESORT HOTEL,İZMİR,last slash suffix only; not externally verified,domestic_and_regional_project_references,136,134,left,black,catalogue_extracted_not_currently_verified,"Catalogue wording retained. Line wraps were reconstructed from the PDF layout; names, locations, project status and customer relationships were not externally verified."
282,BİLİM İLAÇ GEBZE / KOCAELİ,BİLİM İLAÇ GEBZE / KOCAELİ,BİLİM İLAÇ GEBZE,KOCAELİ,last slash suffix only; not externally verified,domestic_and_regional_project_references,136,134,left,black,catalogue_extracted_not_currently_verified,"Catalogue wording retained. Line wraps were reconstructed from the PDF layout; names, locations, project status and customer relationships were not externally verified."
283,BİLKENT ENTEGRE SAĞLIK KAMPÜSÜ / ANKARA,BİLKENT ENTEGRE SAĞLIK KAMPÜSÜ / ANKARA,BİLKENT ENTEGRE SAĞLIK KAMPÜSÜ,ANKARA,last slash suffix only; not externally verified,domestic_and_regional_project_references,136,134,left,black,catalogue_extracted_not_currently_verified,"Catalogue wording retained. Line wraps were reconstructed from the PDF layout; names, locations, project status and customer relationships were not externally verified."
284,BİRGİ MEFAR İLAÇ FABRİKASI / İSTANBUL,BİRGİ MEFAR İLAÇ FABRİKASI / İSTANBUL,BİRGİ MEFAR İLAÇ FABRİKASI,İSTANBUL,last slash suffix only; not externally verified,domestic_and_regional_project_references,136,134,left,black,catalogue_extracted_not_currently_verified,"Catalogue wording retained. Line wraps were reconstructed from the PDF layout; names, locations, project status and customer relationships were not externally verified."
285,BİRİKİM KOLEJİ / İSTANBUL,BİRİKİM KOLEJİ / İSTANBUL,BİRİKİM KOLEJİ,İSTANBUL,last slash suffix only; not externally verified,domestic_and_regional_project_references,136,134,left,black,catalogue_extracted_not_currently_verified,"Catalogue wording retained. Line wraps were reconstructed from the PDF layout; names, locations, project status and customer relationships were not externally verified."
286,BJK SELENIUM / İSTANBUL,BJK SELENIUM / İSTANBUL,BJK SELENIUM,İSTANBUL,last slash suffix only; not externally verified,domestic_and_regional_project_references,136,134,left,black,catalogue_extracted_not_currently_verified,"Catalogue wording retained. Line wraps were reconstructed from the PDF layout; names, locations, project status and customer relationships were not externally verified."
287,BLUE LAKE KÜÇÜKÇEKMECE / İSTANBUL,BLUE LAKE KÜÇÜKÇEKMECE / İSTANBUL,BLUE LAKE KÜÇÜKÇEKMECE,İSTANBUL,last slash suffix only; not externally verified,domestic_and_regional_project_references,136,134,left,black,catalogue_extracted_not_currently_verified,"Catalogue wording retained. Line wraps were reconstructed from the PDF layout; names, locations, project status and customer relationships were not externally verified."
288,BODRUM BARBAROS VALLEY RESİDENCE / MUĞLA,BODRUM BARBAROS VALLEY RESİDENCE / MUĞLA,BODRUM BARBAROS VALLEY RESİDENCE,MUĞLA,last slash suffix only; not externally verified,domestic_and_regional_project_references,136,134,left,black,catalogue_extracted_not_currently_verified,"Catalogue wording retained. Line wraps were reconstructed from the PDF layout; names, locations, project status and customer relationships were not externally verified."
289,BODRUM DOĞA KOLEJİ / MUĞLA,BODRUM DOĞA KOLEJİ / MUĞLA,BODRUM DOĞA KOLEJİ,MUĞLA,last slash suffix only; not externally verified,domestic_and_regional_project_references,136,134,left,black,catalogue_extracted_not_currently_verified,"Catalogue wording retained. Line wraps were reconstructed from the PDF layout; names, locations, project status and customer relationships were not externally verified."
290,BODRUM MARMARA KOLEJİ / MUĞLA,BODRUM MARMARA KOLEJİ / MUĞLA,BODRUM MARMARA KOLEJİ,MUĞLA,last slash suffix only; not externally verified,domestic_and_regional_project_references,136,134,left,black,catalogue_extracted_not_currently_verified,"Catalogue wording retained. Line wraps were reconstructed from the PDF layout; names, locations, project status and customer relationships were not externally verified."
291,BOĞAZKENT ATIKSU ARITMA TESİSİ / ANTALYA,BOĞAZKENT ATIKSU ARITMA TESİSİ / ANTALYA,BOĞAZKENT ATIKSU ARITMA TESİSİ,ANTALYA,last slash suffix only; not externally verified,domestic_and_regional_project_references,136,134,left,black,catalogue_extracted_not_currently_verified,"Catalogue wording retained. Line wraps were reconstructed from the PDF layout; names, locations, project status and customer relationships were not externally verified."
292,BOLU GES,BOLU GES,BOLU GES,,no slash suffix,domestic_and_regional_project_references,136,134,left,black,catalogue_extracted_not_currently_verified,"Catalogue wording retained. Line wraps were reconstructed from the PDF layout; names, locations, project status and customer relationships were not externally verified."
293,BOR BİO ENERJİ SANTRALİ / NİĞDE,BOR BİO ENERJİ SANTRALİ / NİĞDE,BOR BİO ENERJİ SANTRALİ,NİĞDE,last slash suffix only; not externally verified,domestic_and_regional_project_references,136,134,left,black,catalogue_extracted_not_currently_verified,"Catalogue wording retained. Line wraps were reconstructed from the PDF layout; names, locations, project status and customer relationships were not externally verified."
294,BORUSAN FUAT RES / İZMİR,BORUSAN FUAT RES / İZMİR,BORUSAN FUAT RES,İZMİR,last slash suffix only; not externally verified,domestic_and_regional_project_references,136,134,left,black,catalogue_extracted_not_currently_verified,"Catalogue wording retained. Line wraps were reconstructed from the PDF layout; names, locations, project status and customer relationships were not externally verified."
295,BOTAŞ KUZEY MARMARA DOĞALGAZ DEPOLAMA TESİSİ SİLİVRİ,BOTAŞ KUZEY MARMARA DOĞALGAZ DEPOLAMA TESİSİ SİLİVRİ,BOTAŞ KUZEY MARMARA DOĞALGAZ DEPOLAMA TESİSİ SİLİVRİ,,no slash suffix,domestic_and_regional_project_references,136,134,left,black,catalogue_extracted_not_currently_verified,"Catalogue wording retained. Line wraps were reconstructed from the PDF layout; names, locations, project status and customer relationships were not externally verified."
296,BRİSA AKSARAY FABRİKASI,BRİSA AKSARAY FABRİKASI,BRİSA AKSARAY FABRİKASI,,no slash suffix,domestic_and_regional_project_references,136,134,left,black,catalogue_extracted_not_currently_verified,"Catalogue wording retained. Line wraps were reconstructed from the PDF layout; names, locations, project status and customer relationships were not externally verified."
297,BRİZA KAVAKLI RES / BALIKESİR,BRİZA KAVAKLI RES / BALIKESİR,BRİZA KAVAKLI RES,BALIKESİR,last slash suffix only; not externally verified,domestic_and_regional_project_references,136,134,left,black,catalogue_extracted_not_currently_verified,"Catalogue wording retained. Line wraps were reconstructed from the PDF layout; names, locations, project status and customer relationships were not externally verified."
298,BSH ÇERKEZKÖY DESTEK ÜNİTESİ / TEKİRDAĞ,BSH ÇERKEZKÖY DESTEK ÜNİTESİ / TEKİRDAĞ,BSH ÇERKEZKÖY DESTEK ÜNİTESİ,TEKİRDAĞ,last slash suffix only; not externally verified,domestic_and_regional_project_references,136,134,left,black,catalogue_extracted_not_currently_verified,"Catalogue wording retained. Line wraps were reconstructed from the PDF layout; names, locations, project status and customer relationships were not externally verified."
299,BTC BORU HATTI TAMİR VE İYİLEŞTİRME İŞLERİ,BTC BORU HATTI TAMİR VE İYİLEŞTİRME İŞLERİ,BTC BORU HATTI TAMİR VE İYİLEŞTİRME İŞLERİ,,no slash suffix,domestic_and_regional_project_references,136,134,left,black,catalogue_extracted_not_currently_verified,"Catalogue wording retained. Line wraps were reconstructed from the PDF layout; names, locations, project status and customer relationships were not externally verified."
300,BUHARA DOĞALGAZ KOMBİNE ÇEVRİM SANTRALİ / ÖZBEKİSTAN,BUHARA DOĞALGAZ KOMBİNE ÇEVRİM SANTRALİ / ÖZBEKİSTAN,BUHARA DOĞALGAZ KOMBİNE ÇEVRİM SANTRALİ,ÖZBEKİSTAN,last slash suffix only; not externally verified,domestic_and_regional_project_references,136,134,left,black,catalogue_extracted_not_currently_verified,"Catalogue wording retained. Line wraps were reconstructed from the PDF layout; names, locations, project status and customer relationships were not externally verified."
301,BUHARA MEGA AVM ÖZBEKİSTAN,BUHARA MEGA AVM ÖZBEKİSTAN,BUHARA MEGA AVM ÖZBEKİSTAN,,no slash suffix,domestic_and_regional_project_references,136,134,left,black,catalogue_extracted_not_currently_verified,"Catalogue wording retained. Line wraps were reconstructed from the PDF layout; names, locations, project status and customer relationships were not externally verified."
302,BUHARA VALİLİK BİNASI / ÖZBEKİSTAN,BUHARA VALİLİK BİNASI / ÖZBEKİSTAN,BUHARA VALİLİK BİNASI,ÖZBEKİSTAN,last slash suffix only; not externally verified,domestic_and_regional_project_references,136,134,left,black,catalogue_extracted_not_currently_verified,"Catalogue wording retained. Line wraps were reconstructed from the PDF layout; names, locations, project status and customer relationships were not externally verified."
303,BULANCAK ATIKSU ARITMA TESİSİ / GİRESUN,BULANCAK ATIKSU ARITMA TESİSİ / GİRESUN,BULANCAK ATIKSU ARITMA TESİSİ,GİRESUN,last slash suffix only; not externally verified,domestic_and_regional_project_references,136,134,left,black,catalogue_extracted_not_currently_verified,"Catalogue wording retained. Line wraps were reconstructed from the PDF layout; names, locations, project status and customer relationships were not externally verified."
304,BULVAR 216 ATAŞEHİR / İSTANBUL,BULVAR 216 ATAŞEHİR / İSTANBUL,BULVAR 216 ATAŞEHİR,İSTANBUL,last slash suffix only; not externally verified,domestic_and_regional_project_references,136,134,left,black,catalogue_extracted_not_currently_verified,"Catalogue wording retained. Line wraps were reconstructed from the PDF layout; names, locations, project status and customer relationships were not externally verified."
305,BURJ AL BAHR TRİPOLİ / LİBYA,BURJ AL BAHR TRİPOLİ / LİBYA,BURJ AL BAHR TRİPOLİ,LİBYA,last slash suffix only; not externally verified,domestic_and_regional_project_references,136,134,left,black,catalogue_extracted_not_currently_verified,"Catalogue wording retained. Line wraps were reconstructed from the PDF layout; names, locations, project status and customer relationships were not externally verified."
306,BUSKİ ATIKSU ARITMA TESİSİ / BURSA,BUSKİ ATIKSU ARITMA TESİSİ / BURSA,BUSKİ ATIKSU ARITMA TESİSİ,BURSA,last slash suffix only; not externally verified,domestic_and_regional_project_references,136,134,left,black,catalogue_extracted_not_currently_verified,"Catalogue wording retained. Line wraps were reconstructed from the PDF layout; names, locations, project status and customer relationships were not externally verified."
307,BÜYÜKHANLI RESİDENCE BEŞİKTAŞ / İSTANBUL,BÜYÜKHANLI RESİDENCE BEŞİKTAŞ / İSTANBUL,BÜYÜKHANLI RESİDENCE BEŞİKTAŞ,İSTANBUL,last slash suffix only; not externally verified,domestic_and_regional_project_references,136,134,left,black,catalogue_extracted_not_currently_verified,"Catalogue wording retained. Line wraps were reconstructed from the PDF layout; names, locations, project status and customer relationships were not externally verified."
308,BÜYÜKYALI KAZLIÇEŞME / İSTANBUL,BÜYÜKYALI KAZLIÇEŞME / İSTANBUL,BÜYÜKYALI KAZLIÇEŞME,İSTANBUL,last slash suffix only; not externally verified,domestic_and_regional_project_references,136,134,left,black,catalogue_extracted_not_currently_verified,"Catalogue wording retained. Line wraps were reconstructed from the PDF layout; names, locations, project status and customer relationships were not externally verified."
309,CAMİŞ MADENCİLİK A.Ş. KARABÜK TESİSİ,CAMİŞ MADENCİLİK A.Ş. KARABÜK TESİSİ,CAMİŞ MADENCİLİK A.Ş. KARABÜK TESİSİ,,no slash suffix,domestic_and_regional_project_references,136,134,left,black,catalogue_extracted_not_currently_verified,"Catalogue wording retained. Line wraps were reconstructed from the PDF layout; names, locations, project status and customer relationships were not externally verified."
310,CAN TEKSTİL ENTEGRE / TEKİRDAĞ,CAN TEKSTİL ENTEGRE / TEKİRDAĞ,CAN TEKSTİL ENTEGRE,TEKİRDAĞ,last slash suffix only; not externally verified,domestic_and_regional_project_references,136,134,left,black,catalogue_extracted_not_currently_verified,"Catalogue wording retained. Line wraps were reconstructed from the PDF layout; names, locations, project status and customer relationships were not externally verified."
311,CEBECİ ATIKSU ARITMA TESİSİ KANDIRA / KOCAELİ,CEBECİ ATIKSU ARITMA TESİSİ KANDIRA / KOCAELİ,CEBECİ ATIKSU ARITMA TESİSİ KANDIRA,KOCAELİ,last slash suffix only; not externally verified,domestic_and_regional_project_references,136,134,left,black,catalogue_extracted_not_currently_verified,"Catalogue wording retained. Line wraps were reconstructed from the PDF layout; names, locations, project status and customer relationships were not externally verified."
312,CEBİR TEKSTİL / İSTANBUL,CEBİR TEKSTİL / İSTANBUL,CEBİR TEKSTİL,İSTANBUL,last slash suffix only; not externally verified,domestic_and_regional_project_references,136,134,left,black,catalogue_extracted_not_currently_verified,"Catalogue wording retained. Line wraps were reconstructed from the PDF layout; names, locations, project status and customer relationships were not externally verified."
313,CELİLABAD ATIKSU ARITMA TESİSİ / AZERBAYCAN,CELİLABAD ATIKSU ARITMA TESİSİ / AZERBAYCAN,CELİLABAD ATIKSU ARITMA TESİSİ,AZERBAYCAN,last slash suffix only; not externally verified,domestic_and_regional_project_references,136,134,left,black,catalogue_extracted_not_currently_verified,"Catalogue wording retained. Line wraps were reconstructed from the PDF layout; names, locations, project status and customer relationships were not externally verified."
314,CENGİZ TOPEL ASKERİ HAVAALANI / KOCAELİ,CENGİZ TOPEL ASKERİ HAVAALANI / KOCAELİ,CENGİZ TOPEL ASKERİ HAVAALANI,KOCAELİ,last slash suffix only; not externally verified,domestic_and_regional_project_references,136,134,left,black,catalogue_extracted_not_currently_verified,"Catalogue wording retained. Line wraps were reconstructed from the PDF layout; names, locations, project status and customer relationships were not externally verified."
315,CENTRAL BALAT NİLÜFER / BURSA,CENTRAL BALAT NİLÜFER / BURSA,CENTRAL BALAT NİLÜFER,BURSA,last slash suffix only; not externally verified,domestic_and_regional_project_references,136,134,left,black,catalogue_extracted_not_currently_verified,"Catalogue wording retained. Line wraps were reconstructed from the PDF layout; names, locations, project status and customer relationships were not externally verified."
316,CEVAHİR AVM / İSTANBUL,CEVAHİR AVM / İSTANBUL,CEVAHİR AVM,İSTANBUL,last slash suffix only; not externally verified,domestic_and_regional_project_references,136,134,left,black,catalogue_extracted_not_currently_verified,"Catalogue wording retained. Line wraps were reconstructed from the PDF layout; names, locations, project status and customer relationships were not externally verified."
317,CHIPITA GIDA KRUVASAN ÜRETİM FABRİKASI GEBZE / KOCAELİ,CHIPITA GIDA KRUVASAN ÜRETİM FABRİKASI GEBZE / KOCAELİ,CHIPITA GIDA KRUVASAN ÜRETİM FABRİKASI GEBZE,KOCAELİ,last slash suffix only; not externally verified,domestic_and_regional_project_references,136,134,left,black,catalogue_extracted_not_currently_verified,"Catalogue wording retained. Line wraps were reconstructed from the PDF layout; names, locations, project status and customer relationships were not externally verified."
318,CITY GARDEN BAKÜ / AZERBAYCAN,CITY GARDEN BAKÜ / AZERBAYCAN,CITY GARDEN BAKÜ,AZERBAYCAN,last slash suffix only; not externally verified,domestic_and_regional_project_references,136,134,left,black,catalogue_extracted_not_currently_verified,"Catalogue wording retained. Line wraps were reconstructed from the PDF layout; names, locations, project status and customer relationships were not externally verified."
319,CITYLOFT 81 HOTELS ATAŞEHİR / İSTANBUL,CITYLOFT 81 HOTELS ATAŞEHİR / İSTANBUL,CITYLOFT 81 HOTELS ATAŞEHİR,İSTANBUL,last slash suffix only; not externally verified,domestic_and_regional_project_references,136,134,left,black,catalogue_extracted_not_currently_verified,"Catalogue wording retained. Line wraps were reconstructed from the PDF layout; names, locations, project status and customer relationships were not externally verified."
320,CLOCK TOWER BAKÜ / AZERBAYCAN,CLOCK TOWER BAKÜ / AZERBAYCAN,CLOCK TOWER BAKÜ,AZERBAYCAN,last slash suffix only; not externally verified,domestic_and_regional_project_references,136,134,left,black,catalogue_extracted_not_currently_verified,"Catalogue wording retained. Line wraps were reconstructed from the PDF layout; names, locations, project status and customer relationships were not externally verified."
321,COCO COLA ÇORLU TESİSLERİ / TEKİRDAĞ,COCO COLA ÇORLU TESİSLERİ / TEKİRDAĞ,COCO COLA ÇORLU TESİSLERİ,TEKİRDAĞ,last slash suffix only; not externally verified,domestic_and_regional_project_references,136,134,left,black,catalogue_extracted_not_currently_verified,"Catalogue wording retained. Line wraps were reconstructed from the PDF layout; names, locations, project status and customer relationships were not externally verified."
322,COCO COLA ÜRETİM FABRİKASI AŞKABAT / TÜRKMENİSTAN,COCO COLA ÜRETİM FABRİKASI AŞKABAT / TÜRKMENİSTAN,COCO COLA ÜRETİM FABRİKASI AŞKABAT,TÜRKMENİSTAN,last slash suffix only; not externally verified,domestic_and_regional_project_references,136,134,left,black,catalogue_extracted_not_currently_verified,"Catalogue wording retained. Line wraps were reconstructed from the PDF layout; names, locations, project status and customer relationships were not externally verified."
323,COCO COLA ÜRETİM FABRİKASI BAKÜ / AZERBAYCAN,COCO COLA ÜRETİM FABRİKASI BAKÜ / AZERBAYCAN,COCO COLA ÜRETİM FABRİKASI BAKÜ,AZERBAYCAN,last slash suffix only; not externally verified,domestic_and_regional_project_references,136,134,left,black,catalogue_extracted_not_currently_verified,"Catalogue wording retained. Line wraps were reconstructed from the PDF layout; names, locations, project status and customer relationships were not externally verified."
324,COCO COLA ÜRETİM FABRİKASI ERBİL / IRAK,COCO COLA ÜRETİM FABRİKASI ERBİL / IRAK,COCO COLA ÜRETİM FABRİKASI ERBİL,IRAK,last slash suffix only; not externally verified,domestic_and_regional_project_references,136,134,left,black,catalogue_extracted_not_currently_verified,"Catalogue wording retained. Line wraps were reconstructed from the PDF layout; names, locations, project status and customer relationships were not externally verified."
325,CONCORD İSTANBUL,CONCORD İSTANBUL,CONCORD İSTANBUL,,no slash suffix,domestic_and_regional_project_references,136,134,left,black,catalogue_extracted_not_currently_verified,"Catalogue wording retained. Line wraps were reconstructed from the PDF layout; names, locations, project status and customer relationships were not externally verified."
326,CONSTANTA SHOPPING MALL / ROMANYA,CONSTANTA SHOPPING MALL / ROMANYA,CONSTANTA SHOPPING MALL,ROMANYA,last slash suffix only; not externally verified,domestic_and_regional_project_references,136,134,left,black,catalogue_extracted_not_currently_verified,"Catalogue wording retained. Line wraps were reconstructed from the PDF layout; names, locations, project status and customer relationships were not externally verified."
327,CROWNE PLAZA / İSTANBUL,CROWNE PLAZA / İSTANBUL,CROWNE PLAZA,İSTANBUL,last slash suffix only; not externally verified,domestic_and_regional_project_references,136,134,right,black,catalogue_extracted_not_currently_verified,"Catalogue wording retained. Line wraps were reconstructed from the PDF layout; names, locations, project status and customer relationships were not externally verified."
328,CVK PARK OTEL TAKSİM / İSTANBUL,CVK PARK OTEL TAKSİM / İSTANBUL,CVK PARK OTEL TAKSİM,İSTANBUL,last slash suffix only; not externally verified,domestic_and_regional_project_references,136,134,right,black,catalogue_extracted_not_currently_verified,"Catalogue wording retained. Line wraps were reconstructed from the PDF layout; names, locations, project status and customer relationships were not externally verified."
329,ÇAMLI YEM BESİCİLİK / İZMİR,ÇAMLI YEM BESİCİLİK / İZMİR,ÇAMLI YEM BESİCİLİK,İZMİR,last slash suffix only; not externally verified,domestic_and_regional_project_references,136,134,right,black,catalogue_extracted_not_currently_verified,"Catalogue wording retained. Line wraps were reconstructed from the PDF layout; names, locations, project status and customer relationships were not externally verified."
330,ÇAMSAN ENTEGRE A.Ş. / SAKARYA,ÇAMSAN ENTEGRE A.Ş. / SAKARYA,ÇAMSAN ENTEGRE A.Ş.,SAKARYA,last slash suffix only; not externally verified,domestic_and_regional_project_references,136,134,right,black,catalogue_extracted_not_currently_verified,"Catalogue wording retained. Line wraps were reconstructed from the PDF layout; names, locations, project status and customer relationships were not externally verified."
331,ÇAMSAN PARK AVM / İSTANBUL,ÇAMSAN PARK AVM / İSTANBUL,ÇAMSAN PARK AVM,İSTANBUL,last slash suffix only; not externally verified,domestic_and_regional_project_references,136,134,right,black,catalogue_extracted_not_currently_verified,"Catalogue wording retained. Line wraps were reconstructed from the PDF layout; names, locations, project status and customer relationships were not externally verified."
332,ÇAN-2 TERMİK SANTRAL / ÇANAKKALE,ÇAN-2 TERMİK SANTRAL / ÇANAKKALE,ÇAN-2 TERMİK SANTRAL,ÇANAKKALE,last slash suffix only; not externally verified,domestic_and_regional_project_references,136,134,right,black,catalogue_extracted_not_currently_verified,"Catalogue wording retained. Line wraps were reconstructed from the PDF layout; names, locations, project status and customer relationships were not externally verified."
333,ÇANAKKALE ANTEN KULESİ,ÇANAKKALE ANTEN KULESİ,ÇANAKKALE ANTEN KULESİ,,no slash suffix,domestic_and_regional_project_references,136,134,right,black,catalogue_extracted_not_currently_verified,"Catalogue wording retained. Line wraps were reconstructed from the PDF layout; names, locations, project status and customer relationships were not externally verified."
334,ÇARSAK GES / NEVŞEHİR,ÇARSAK GES / NEVŞEHİR,ÇARSAK GES,NEVŞEHİR,last slash suffix only; not externally verified,domestic_and_regional_project_references,136,134,right,black,catalogue_extracted_not_currently_verified,"Catalogue wording retained. Line wraps were reconstructed from the PDF layout; names, locations, project status and customer relationships were not externally verified."
335,ÇATALAĞZI TERMİK SANTRALİ / ZONGULDAK,ÇATALAĞZI TERMİK SANTRALİ / ZONGULDAK,ÇATALAĞZI TERMİK SANTRALİ,ZONGULDAK,last slash suffix only; not externally verified,domestic_and_regional_project_references,136,134,right,black,catalogue_extracted_not_currently_verified,"Catalogue wording retained. Line wraps were reconstructed from the PDF layout; names, locations, project status and customer relationships were not externally verified."
336,ÇEKMEKÖY DEVLET HASTANESİ / İSTANBUL,ÇEKMEKÖY DEVLET HASTANESİ / İSTANBUL,ÇEKMEKÖY DEVLET HASTANESİ,İSTANBUL,last slash suffix only; not externally verified,domestic_and_regional_project_references,136,134,right,black,catalogue_extracted_not_currently_verified,"Catalogue wording retained. Line wraps were reconstructed from the PDF layout; names, locations, project status and customer relationships were not externally verified."
337,ÇEKMEKÖY KIŞLASI / İSTANBUL,ÇEKMEKÖY KIŞLASI / İSTANBUL,ÇEKMEKÖY KIŞLASI,İSTANBUL,last slash suffix only; not externally verified,domestic_and_regional_project_references,136,134,right,black,catalogue_extracted_not_currently_verified,"Catalogue wording retained. Line wraps were reconstructed from the PDF layout; names, locations, project status and customer relationships were not externally verified."
338,ÇELİKLER JES / AYDIN,ÇELİKLER JES / AYDIN,ÇELİKLER JES,AYDIN,last slash suffix only; not externally verified,domestic_and_regional_project_references,136,134,right,black,catalogue_extracted_not_currently_verified,"Catalogue wording retained. Line wraps were reconstructed from the PDF layout; names, locations, project status and customer relationships were not externally verified."
339,ÇELİKTEPE ORTAOKULU / İSTANBUL,ÇELİKTEPE ORTAOKULU / İSTANBUL,ÇELİKTEPE ORTAOKULU,İSTANBUL,last slash suffix only; not externally verified,domestic_and_regional_project_references,136,134,right,black,catalogue_extracted_not_currently_verified,"Catalogue wording retained. Line wraps were reconstructed from the PDF layout; names, locations, project status and customer relationships were not externally verified."
340,ÇENGELKÖY PARK EVLERİ / İSTANBUL,ÇENGELKÖY PARK EVLERİ / İSTANBUL,ÇENGELKÖY PARK EVLERİ,İSTANBUL,last slash suffix only; not externally verified,domestic_and_regional_project_references,136,134,right,black,catalogue_extracted_not_currently_verified,"Catalogue wording retained. Line wraps were reconstructed from the PDF layout; names, locations, project status and customer relationships were not externally verified."
341,ÇEPAŞ FABRİKA KAZAN / ANKARA,ÇEPAŞ FABRİKA KAZAN / ANKARA,ÇEPAŞ FABRİKA KAZAN,ANKARA,last slash suffix only; not externally verified,domestic_and_regional_project_references,136,134,right,black,catalogue_extracted_not_currently_verified,"Catalogue wording retained. Line wraps were reconstructed from the PDF layout; names, locations, project status and customer relationships were not externally verified."
342,ÇINARLIKENT KONUTLARI / KOCAELİ,ÇINARLIKENT KONUTLARI / KOCAELİ,ÇINARLIKENT KONUTLARI,KOCAELİ,last slash suffix only; not externally verified,domestic_and_regional_project_references,136,134,right,black,catalogue_extracted_not_currently_verified,"Catalogue wording retained. Line wraps were reconstructed from the PDF layout; names, locations, project status and customer relationships were not externally verified."
343,ÇİFTÇİ TOWERS / İSTANBUL,ÇİFTÇİ TOWERS / İSTANBUL,ÇİFTÇİ TOWERS,İSTANBUL,last slash suffix only; not externally verified,domestic_and_regional_project_references,136,134,right,black,catalogue_extracted_not_currently_verified,"Catalogue wording retained. Line wraps were reconstructed from the PDF layout; names, locations, project status and customer relationships were not externally verified."
344,ÇUKUROVA TOWER / İSTANBUL,ÇUKUROVA TOWER / İSTANBUL,ÇUKUROVA TOWER,İSTANBUL,last slash suffix only; not externally verified,domestic_and_regional_project_references,136,134,right,black,catalogue_extracted_not_currently_verified,"Catalogue wording retained. Line wraps were reconstructed from the PDF layout; names, locations, project status and customer relationships were not externally verified."
345,DALGAKIRAN KOMPRESÖR FABRİKASI / KOCAELİ,DALGAKIRAN KOMPRESÖR FABRİKASI / KOCAELİ,DALGAKIRAN KOMPRESÖR FABRİKASI,KOCAELİ,last slash suffix only; not externally verified,domestic_and_regional_project_references,136,134,right,black,catalogue_extracted_not_currently_verified,"Catalogue wording retained. Line wraps were reconstructed from the PDF layout; names, locations, project status and customer relationships were not externally verified."
346,DALGIÇ KALIP FABRİKA / İSTANBUL,DALGIÇ KALIP FABRİKA / İSTANBUL,DALGIÇ KALIP FABRİKA,İSTANBUL,last slash suffix only; not externally verified,domestic_and_regional_project_references,136,134,right,black,catalogue_extracted_not_currently_verified,"Catalogue wording retained. Line wraps were reconstructed from the PDF layout; names, locations, project status and customer relationships were not externally verified."
347,DAP ROYAL CENTER / İSTANBUL,DAP ROYAL CENTER / İSTANBUL,DAP ROYAL CENTER,İSTANBUL,last slash suffix only; not externally verified,domestic_and_regional_project_references,136,134,right,black,catalogue_extracted_not_currently_verified,"Catalogue wording retained. Line wraps were reconstructed from the PDF layout; names, locations, project status and customer relationships were not externally verified."
348,DARENDE ATIKSU ARITMA TESİSİ / MALATYA,DARENDE ATIKSU ARITMA TESİSİ / MALATYA,DARENDE ATIKSU ARITMA TESİSİ,MALATYA,last slash suffix only; not externally verified,domestic_and_regional_project_references,136,134,right,black,catalogue_extracted_not_currently_verified,"Catalogue wording retained. Line wraps were reconstructed from the PDF layout; names, locations, project status and customer relationships were not externally verified."
349,DARÜLACEZE YURT VE ÜNİVERSİTE BİNASI / İSTANBUL,DARÜLACEZE YURT VE ÜNİVERSİTE BİNASI / İSTANBUL,DARÜLACEZE YURT VE ÜNİVERSİTE BİNASI,İSTANBUL,last slash suffix only; not externally verified,domestic_and_regional_project_references,136,134,right,black,catalogue_extracted_not_currently_verified,"Catalogue wording retained. Line wraps were reconstructed from the PDF layout; names, locations, project status and customer relationships were not externally verified."
350,DASTAN AVM / KAZAKİSTAN,DASTAN AVM / KAZAKİSTAN,DASTAN AVM,KAZAKİSTAN,last slash suffix only; not externally verified,domestic_and_regional_project_references,136,134,right,black,catalogue_extracted_not_currently_verified,"Catalogue wording retained. Line wraps were reconstructed from the PDF layout; names, locations, project status and customer relationships were not externally verified."
351,DDY HIZLI TREN (GEBZE - KÖSEKÖY),DDY HIZLI TREN (GEBZE - KÖSEKÖY),DDY HIZLI TREN (GEBZE - KÖSEKÖY),,no slash suffix,domestic_and_regional_project_references,136,134,right,black,catalogue_extracted_not_currently_verified,"Catalogue wording retained. Line wraps were reconstructed from the PDF layout; names, locations, project status and customer relationships were not externally verified."
352,DEFACTO OZON TEKSTİL / SİVAS,DEFACTO OZON TEKSTİL / SİVAS,DEFACTO OZON TEKSTİL,SİVAS,last slash suffix only; not externally verified,domestic_and_regional_project_references,136,134,right,black,catalogue_extracted_not_currently_verified,"Catalogue wording retained. Line wraps were reconstructed from the PDF layout; names, locations, project status and customer relationships were not externally verified."
353,DEKAR ASMALI HAYAT / İSTANBUL,DEKAR ASMALI HAYAT / İSTANBUL,DEKAR ASMALI HAYAT,İSTANBUL,last slash suffix only; not externally verified,domestic_and_regional_project_references,136,134,right,black,catalogue_extracted_not_currently_verified,"Catalogue wording retained. Line wraps were reconstructed from the PDF layout; names, locations, project status and customer relationships were not externally verified."
354,DELLA GIDA AKYAZI FABRİKA DEPOSU / SAKARYA,DELLA GIDA AKYAZI FABRİKA DEPOSU / SAKARYA,DELLA GIDA AKYAZI FABRİKA DEPOSU,SAKARYA,last slash suffix only; not externally verified,domestic_and_regional_project_references,136,134,right,black,catalogue_extracted_not_currently_verified,"Catalogue wording retained. Line wraps were reconstructed from the PDF layout; names, locations, project status and customer relationships were not externally verified."
355,DERİK ATIKSU ARITMA TESİSİ / MARDİN,DERİK ATIKSU ARITMA TESİSİ / MARDİN,DERİK ATIKSU ARITMA TESİSİ,MARDİN,last slash suffix only; not externally verified,domestic_and_regional_project_references,136,134,right,black,catalogue_extracted_not_currently_verified,"Catalogue wording retained. Line wraps were reconstructed from the PDF layout; names, locations, project status and customer relationships were not externally verified."
356,DERİNCE KÜLTÜR MERKEZİ / KOCAELİ,DERİNCE KÜLTÜR MERKEZİ / KOCAELİ,DERİNCE KÜLTÜR MERKEZİ,KOCAELİ,last slash suffix only; not externally verified,domestic_and_regional_project_references,136,134,right,black,catalogue_extracted_not_currently_verified,"Catalogue wording retained. Line wraps were reconstructed from the PDF layout; names, locations, project status and customer relationships were not externally verified."
357,DEVA İLAÇ FABRİKASI / TEKİRDAĞ,DEVA İLAÇ FABRİKASI / TEKİRDAĞ,DEVA İLAÇ FABRİKASI,TEKİRDAĞ,last slash suffix only; not externally verified,domestic_and_regional_project_references,136,134,right,black,catalogue_extracted_not_currently_verified,"Catalogue wording retained. Line wraps were reconstructed from the PDF layout; names, locations, project status and customer relationships were not externally verified."
358,DHMİ ADIYAMAN HAVAALANI,DHMİ ADIYAMAN HAVAALANI,DHMİ ADIYAMAN HAVAALANI,,no slash suffix,domestic_and_regional_project_references,136,134,right,black,catalogue_extracted_not_currently_verified,"Catalogue wording retained. Line wraps were reconstructed from the PDF layout; names, locations, project status and customer relationships were not externally verified."
359,DIAMOND LIFE KARTAL / İSTANBUL,DIAMOND LIFE KARTAL / İSTANBUL,DIAMOND LIFE KARTAL,İSTANBUL,last slash suffix only; not externally verified,domestic_and_regional_project_references,136,134,right,black,catalogue_extracted_not_currently_verified,"Catalogue wording retained. Line wraps were reconstructed from the PDF layout; names, locations, project status and customer relationships were not externally verified."
360,DİKTAŞ MAKİNA ÖREN BAYAN / İSTANBUL,DİKTAŞ MAKİNA ÖREN BAYAN / İSTANBUL,DİKTAŞ MAKİNA ÖREN BAYAN,İSTANBUL,last slash suffix only; not externally verified,domestic_and_regional_project_references,136,134,right,black,catalogue_extracted_not_currently_verified,"Catalogue wording retained. Line wraps were reconstructed from the PDF layout; names, locations, project status and customer relationships were not externally verified."
361,DİLEK RES KADİRLİ / KAHRAMANMARAŞ,DİLEK RES KADİRLİ / KAHRAMANMARAŞ,DİLEK RES KADİRLİ,KAHRAMANMARAŞ,last slash suffix only; not externally verified,domestic_and_regional_project_references,136,134,right,black,catalogue_extracted_not_currently_verified,"Catalogue wording retained. Line wraps were reconstructed from the PDF layout; names, locations, project status and customer relationships were not externally verified."
362,DİNARSU ÇERKEZKÖY FABRİKASI / TEKİRDAĞ,DİNARSU ÇERKEZKÖY FABRİKASI / TEKİRDAĞ,DİNARSU ÇERKEZKÖY FABRİKASI,TEKİRDAĞ,last slash suffix only; not externally verified,domestic_and_regional_project_references,136,134,right,black,catalogue_extracted_not_currently_verified,"Catalogue wording retained. Line wraps were reconstructed from the PDF layout; names, locations, project status and customer relationships were not externally verified."
363,DİŞ HASTANESİ / TÜRKMENİSTAN,DİŞ HASTANESİ / TÜRKMENİSTAN,DİŞ HASTANESİ,TÜRKMENİSTAN,last slash suffix only; not externally verified,domestic_and_regional_project_references,136,134,right,black,catalogue_extracted_not_currently_verified,"Catalogue wording retained. Line wraps were reconstructed from the PDF layout; names, locations, project status and customer relationships were not externally verified."
364,DİVRİĞ ATIKSU ARITMA TESİSİ / SİVAS,DİVRİĞ ATIKSU ARITMA TESİSİ / SİVAS,DİVRİĞ ATIKSU ARITMA TESİSİ,SİVAS,last slash suffix only; not externally verified,domestic_and_regional_project_references,136,134,right,black,catalogue_extracted_not_currently_verified,"Catalogue wording retained. Line wraps were reconstructed from the PDF layout; names, locations, project status and customer relationships were not externally verified."
365,DİYARBAKIR OSB ATIKSU ARITMA TESİSİ,DİYARBAKIR OSB ATIKSU ARITMA TESİSİ,DİYARBAKIR OSB ATIKSU ARITMA TESİSİ,,no slash suffix,domestic_and_regional_project_references,136,134,right,black,catalogue_extracted_not_currently_verified,"Catalogue wording retained. Line wraps were reconstructed from the PDF layout; names, locations, project status and customer relationships were not externally verified."
366,DKY İNŞAAT LOKUM EVLER / İSTANBUL,DKY İNŞAAT LOKUM EVLER / İSTANBUL,DKY İNŞAAT LOKUM EVLER,İSTANBUL,last slash suffix only; not externally verified,domestic_and_regional_project_references,136,134,right,black,catalogue_extracted_not_currently_verified,"Catalogue wording retained. Line wraps were reconstructed from the PDF layout; names, locations, project status and customer relationships were not externally verified."
367,DKY İNŞAAT LOKUM EVLER / İSTANBUL,DKY İNŞAAT LOKUM EVLER / İSTANBUL,DKY İNŞAAT LOKUM EVLER,İSTANBUL,last slash suffix only; not externally verified,domestic_and_regional_project_references,136,134,right,black,catalogue_extracted_not_currently_verified,"Catalogue wording retained. Line wraps were reconstructed from the PDF layout; names, locations, project status and customer relationships were not externally verified."
368,DOĞU AKDENİZ ÜNİVERSİTESİ / KIBRIS,DOĞU AKDENİZ ÜNİVERSİTESİ / KIBRIS,DOĞU AKDENİZ ÜNİVERSİTESİ,KIBRIS,last slash suffix only; not externally verified,domestic_and_regional_project_references,136,134,right,black,catalogue_extracted_not_currently_verified,"Catalogue wording retained. Line wraps were reconstructed from the PDF layout; names, locations, project status and customer relationships were not externally verified."
369,DOĞUŞ OTO KARTAL KULE OFİS / İSTANBUL,DOĞUŞ OTO KARTAL KULE OFİS / İSTANBUL,DOĞUŞ OTO KARTAL KULE OFİS,İSTANBUL,last slash suffix only; not externally verified,domestic_and_regional_project_references,136,134,right,black,catalogue_extracted_not_currently_verified,"Catalogue wording retained. Line wraps were reconstructed from the PDF layout; names, locations, project status and customer relationships were not externally verified."
370,DOĞUŞ ÜNİVERSİTESİ ÜSKÜDAR KAMPÜSÜ,DOĞUŞ ÜNİVERSİTESİ ÜSKÜDAR KAMPÜSÜ,DOĞUŞ ÜNİVERSİTESİ ÜSKÜDAR KAMPÜSÜ,,no slash suffix,domestic_and_regional_project_references,136,134,right,black,catalogue_extracted_not_currently_verified,"Catalogue wording retained. Line wraps were reconstructed from the PDF layout; names, locations, project status and customer relationships were not externally verified."
371,DONGHEE HENDEK / SAKARYA,DONGHEE HENDEK / SAKARYA,DONGHEE HENDEK,SAKARYA,last slash suffix only; not externally verified,domestic_and_regional_project_references,136,134,right,black,catalogue_extracted_not_currently_verified,"Catalogue wording retained. Line wraps were reconstructed from the PDF layout; names, locations, project status and customer relationships were not externally verified."
372,DORA 3 ve 4 JES / AYDIN,DORA 3 ve 4 JES / AYDIN,DORA 3 ve 4 JES,AYDIN,last slash suffix only; not externally verified,domestic_and_regional_project_references,136,134,right,black,catalogue_extracted_not_currently_verified,"Catalogue wording retained. Line wraps were reconstructed from the PDF layout; names, locations, project status and customer relationships were not externally verified."
373,DORUK TIP MERKEZİ / BURSA,DORUK TIP MERKEZİ / BURSA,DORUK TIP MERKEZİ,BURSA,last slash suffix only; not externally verified,domestic_and_regional_project_references,136,134,right,black,catalogue_extracted_not_currently_verified,"Catalogue wording retained. Line wraps were reconstructed from the PDF layout; names, locations, project status and customer relationships were not externally verified."
374,DOWAKSA İLERİ KOMPOZİT FABRİKASI / YALOVA,DOWAKSA İLERİ KOMPOZİT FABRİKASI / YALOVA,DOWAKSA İLERİ KOMPOZİT FABRİKASI,YALOVA,last slash suffix only; not externally verified,domestic_and_regional_project_references,136,134,right,black,catalogue_extracted_not_currently_verified,"Catalogue wording retained. Line wraps were reconstructed from the PDF layout; names, locations, project status and customer relationships were not externally verified."
375,DP WORLD YARIMCA KONTEYNIR LİMANI / KOCAELİ,DP WORLD YARIMCA KONTEYNIR LİMANI / KOCAELİ,DP WORLD YARIMCA KONTEYNIR LİMANI,KOCAELİ,last slash suffix only; not externally verified,domestic_and_regional_project_references,136,134,right,black,catalogue_extracted_not_currently_verified,"Catalogue wording retained. Line wraps were reconstructed from the PDF layout; names, locations, project status and customer relationships were not externally verified."
376,DUMANKAYA ADRES PANORAMA / İSTANBUL,DUMANKAYA ADRES PANORAMA / İSTANBUL,DUMANKAYA ADRES PANORAMA,İSTANBUL,last slash suffix only; not externally verified,domestic_and_regional_project_references,136,134,right,black,catalogue_extracted_not_currently_verified,"Catalogue wording retained. Line wraps were reconstructed from the PDF layout; names, locations, project status and customer relationships were not externally verified."
377,DUMANKAYA CADDE / İSTANBUL,DUMANKAYA CADDE / İSTANBUL,DUMANKAYA CADDE,İSTANBUL,last slash suffix only; not externally verified,domestic_and_regional_project_references,136,134,right,black,catalogue_extracted_not_currently_verified,"Catalogue wording retained. Line wraps were reconstructed from the PDF layout; names, locations, project status and customer relationships were not externally verified."
378,DUMANKAYA FLEX / İSTANBUL,DUMANKAYA FLEX / İSTANBUL,DUMANKAYA FLEX,İSTANBUL,last slash suffix only; not externally verified,domestic_and_regional_project_references,136,134,right,black,catalogue_extracted_not_currently_verified,"Catalogue wording retained. Line wraps were reconstructed from the PDF layout; names, locations, project status and customer relationships were not externally verified."
379,DUMANKAYA HORİZON / İSTANBUL,DUMANKAYA HORİZON / İSTANBUL,DUMANKAYA HORİZON,İSTANBUL,last slash suffix only; not externally verified,domestic_and_regional_project_references,136,134,right,black,catalogue_extracted_not_currently_verified,"Catalogue wording retained. Line wraps were reconstructed from the PDF layout; names, locations, project status and customer relationships were not externally verified."
380,DUMANKAYA KONSEPT HALKALI / İSTANBUL,DUMANKAYA KONSEPT HALKALI / İSTANBUL,DUMANKAYA KONSEPT HALKALI,İSTANBUL,last slash suffix only; not externally verified,domestic_and_regional_project_references,136,134,right,black,catalogue_extracted_not_currently_verified,"Catalogue wording retained. Line wraps were reconstructed from the PDF layout; names, locations, project status and customer relationships were not externally verified."
381,DUMANKAYA MİKS HALKALI / İSTANBUL,DUMANKAYA MİKS HALKALI / İSTANBUL,DUMANKAYA MİKS HALKALI,İSTANBUL,last slash suffix only; not externally verified,domestic_and_regional_project_references,137,135,left,black,catalogue_extracted_not_currently_verified,"Catalogue wording retained. Line wraps were reconstructed from the PDF layout; names, locations, project status and customer relationships were not externally verified."
382,DUMANKAYA MODERN VADİ / İSTANBUL,DUMANKAYA MODERN VADİ / İSTANBUL,DUMANKAYA MODERN VADİ,İSTANBUL,last slash suffix only; not externally verified,domestic_and_regional_project_references,137,135,left,black,catalogue_extracted_not_currently_verified,"Catalogue wording retained. Line wraps were reconstructed from the PDF layout; names, locations, project status and customer relationships were not externally verified."
383,DUMANKAYA MOZAİK / İSTANBUL,DUMANKAYA MOZAİK / İSTANBUL,DUMANKAYA MOZAİK,İSTANBUL,last slash suffix only; not externally verified,domestic_and_regional_project_references,137,135,left,black,catalogue_extracted_not_currently_verified,"Catalogue wording retained. Line wraps were reconstructed from the PDF layout; names, locations, project status and customer relationships were not externally verified."
384,DUMANKAYA RİTİM İSTANBUL,DUMANKAYA RİTİM İSTANBUL,DUMANKAYA RİTİM İSTANBUL,,no slash suffix,domestic_and_regional_project_references,137,135,left,black,catalogue_extracted_not_currently_verified,"Catalogue wording retained. Line wraps were reconstructed from the PDF layout; names, locations, project status and customer relationships were not externally verified."
385,ECE BOYA KİMYA FABRİKASI / İSTANBUL,ECE BOYA KİMYA FABRİKASI / İSTANBUL,ECE BOYA KİMYA FABRİKASI,İSTANBUL,last slash suffix only; not externally verified,domestic_and_regional_project_references,137,135,left,black,catalogue_extracted_not_currently_verified,"Catalogue wording retained. Line wraps were reconstructed from the PDF layout; names, locations, project status and customer relationships were not externally verified."
386,ECE PİKNİK ÜRÜNLER DEPO / KOCAELİ,ECE PİKNİK ÜRÜNLER DEPO / KOCAELİ,ECE PİKNİK ÜRÜNLER DEPO,KOCAELİ,last slash suffix only; not externally verified,domestic_and_regional_project_references,137,135,left,black,catalogue_extracted_not_currently_verified,"Catalogue wording retained. Line wraps were reconstructed from the PDF layout; names, locations, project status and customer relationships were not externally verified."
387,ECEBAT BELEDİYESİ / ÇANAKKALE,ECEBAT BELEDİYESİ / ÇANAKKALE,ECEBAT BELEDİYESİ,ÇANAKKALE,last slash suffix only; not externally verified,domestic_and_regional_project_references,137,135,left,black,catalogue_extracted_not_currently_verified,"Catalogue wording retained. Line wraps were reconstructed from the PDF layout; names, locations, project status and customer relationships were not externally verified."
388,ECZACIBAŞI KANYON AVM / İSTANBUL,ECZACIBAŞI KANYON AVM / İSTANBUL,ECZACIBAŞI KANYON AVM,İSTANBUL,last slash suffix only; not externally verified,domestic_and_regional_project_references,137,135,left,black,catalogue_extracted_not_currently_verified,"Catalogue wording retained. Line wraps were reconstructed from the PDF layout; names, locations, project status and customer relationships were not externally verified."
389,EDREMİT NOVATEK KÖRFEZ AVM / BALIKESİR,EDREMİT NOVATEK KÖRFEZ AVM / BALIKESİR,EDREMİT NOVATEK KÖRFEZ AVM,BALIKESİR,last slash suffix only; not externally verified,domestic_and_regional_project_references,137,135,left,black,catalogue_extracted_not_currently_verified,"Catalogue wording retained. Line wraps were reconstructed from the PDF layout; names, locations, project status and customer relationships were not externally verified."
390,EFEMÇUKURU ALTIN MADENİ / İZMİR,EFEMÇUKURU ALTIN MADENİ / İZMİR,EFEMÇUKURU ALTIN MADENİ,İZMİR,last slash suffix only; not externally verified,domestic_and_regional_project_references,137,135,left,black,catalogue_extracted_not_currently_verified,"Catalogue wording retained. Line wraps were reconstructed from the PDF layout; names, locations, project status and customer relationships were not externally verified."
391,EGEBOYU KONUTLATI / İSTANBUL,EGEBOYU KONUTLATI / İSTANBUL,EGEBOYU KONUTLATI,İSTANBUL,last slash suffix only; not externally verified,domestic_and_regional_project_references,137,135,left,black,catalogue_extracted_not_currently_verified,"Catalogue wording retained. Line wraps were reconstructed from the PDF layout; names, locations, project status and customer relationships were not externally verified."
392,EKOL LOJİSTİK DEPO / AKSARAY,EKOL LOJİSTİK DEPO / AKSARAY,EKOL LOJİSTİK DEPO,AKSARAY,last slash suffix only; not externally verified,domestic_and_regional_project_references,137,135,left,black,catalogue_extracted_not_currently_verified,"Catalogue wording retained. Line wraps were reconstructed from the PDF layout; names, locations, project status and customer relationships were not externally verified."
393,EKSUN GIDA FABRİKASI / TEKİRDAĞ,EKSUN GIDA FABRİKASI / TEKİRDAĞ,EKSUN GIDA FABRİKASI,TEKİRDAĞ,last slash suffix only; not externally verified,domestic_and_regional_project_references,137,135,left,black,catalogue_extracted_not_currently_verified,"Catalogue wording retained. Line wraps were reconstructed from the PDF layout; names, locations, project status and customer relationships were not externally verified."
394,EL AMARA 400 YATAKLI HASTANE / IRAK,EL AMARA 400 YATAKLI HASTANE / IRAK,EL AMARA 400 YATAKLI HASTANE,IRAK,last slash suffix only; not externally verified,domestic_and_regional_project_references,137,135,left,black,catalogue_extracted_not_currently_verified,"Catalogue wording retained. Line wraps were reconstructed from the PDF layout; names, locations, project status and customer relationships were not externally verified."
395,ELASTRON KİMYA A.Ş. TRAFO TESİSİ / KOCAELİ,ELASTRON KİMYA A.Ş. TRAFO TESİSİ / KOCAELİ,ELASTRON KİMYA A.Ş. TRAFO TESİSİ,KOCAELİ,last slash suffix only; not externally verified,domestic_and_regional_project_references,137,135,left,black,catalogue_extracted_not_currently_verified,"Catalogue wording retained. Line wraps were reconstructed from the PDF layout; names, locations, project status and customer relationships were not externally verified."
396,ELAZIĞ MOTOR FABRİKASI,ELAZIĞ MOTOR FABRİKASI,ELAZIĞ MOTOR FABRİKASI,,no slash suffix,domestic_and_regional_project_references,137,135,left,black,catalogue_extracted_not_currently_verified,"Catalogue wording retained. Line wraps were reconstructed from the PDF layout; names, locations, project status and customer relationships were not externally verified."
397,ELBA GEBZE FABRİKASI / KOCAELİ,ELBA GEBZE FABRİKASI / KOCAELİ,ELBA GEBZE FABRİKASI,KOCAELİ,last slash suffix only; not externally verified,domestic_and_regional_project_references,137,135,left,black,catalogue_extracted_not_currently_verified,"Catalogue wording retained. Line wraps were reconstructed from the PDF layout; names, locations, project status and customer relationships were not externally verified."
398,EMAAR SQUARE / İSTANBUL,EMAAR SQUARE / İSTANBUL,EMAAR SQUARE,İSTANBUL,last slash suffix only; not externally verified,domestic_and_regional_project_references,137,135,left,black,catalogue_extracted_not_currently_verified,"Catalogue wording retained. Line wraps were reconstructed from the PDF layout; names, locations, project status and customer relationships were not externally verified."
399,EMLAK KONUT BAŞAKŞEHİR EVLERİ / İSTANBUL,EMLAK KONUT BAŞAKŞEHİR EVLERİ / İSTANBUL,EMLAK KONUT BAŞAKŞEHİR EVLERİ,İSTANBUL,last slash suffix only; not externally verified,domestic_and_regional_project_references,137,135,left,black,catalogue_extracted_not_currently_verified,"Catalogue wording retained. Line wraps were reconstructed from the PDF layout; names, locations, project status and customer relationships were not externally verified."
400,EMLAK KONUT BİZİM MAHALLE / İSTANBUL,EMLAK KONUT BİZİM MAHALLE / İSTANBUL,EMLAK KONUT BİZİM MAHALLE,İSTANBUL,last slash suffix only; not externally verified,domestic_and_regional_project_references,137,135,left,black,catalogue_extracted_not_currently_verified,"Catalogue wording retained. Line wraps were reconstructed from the PDF layout; names, locations, project status and customer relationships were not externally verified."
401,EMLAK KONUT BULVAR İSTANBUL,EMLAK KONUT BULVAR İSTANBUL,EMLAK KONUT BULVAR İSTANBUL,,no slash suffix,domestic_and_regional_project_references,137,135,left,black,catalogue_extracted_not_currently_verified,"Catalogue wording retained. Line wraps were reconstructed from the PDF layout; names, locations, project status and customer relationships were not externally verified."
402,EMLAK KONUT ÇINARKÖY EVLERİ / İSTANBUL,EMLAK KONUT ÇINARKÖY EVLERİ / İSTANBUL,EMLAK KONUT ÇINARKÖY EVLERİ,İSTANBUL,last slash suffix only; not externally verified,domestic_and_regional_project_references,137,135,left,black,catalogue_extracted_not_currently_verified,"Catalogue wording retained. Line wraps were reconstructed from the PDF layout; names, locations, project status and customer relationships were not externally verified."
403,EMLAK KONUT ESENLER KENTSEL DÖNÜŞÜM / İSTANBUL,EMLAK KONUT ESENLER KENTSEL DÖNÜŞÜM / İSTANBUL,EMLAK KONUT ESENLER KENTSEL DÖNÜŞÜM,İSTANBUL,last slash suffix only; not externally verified,domestic_and_regional_project_references,137,135,left,black,catalogue_extracted_not_currently_verified,"Catalogue wording retained. Line wraps were reconstructed from the PDF layout; names, locations, project status and customer relationships were not externally verified."
404,EMLAK KONUT ESENYURT HOŞDERE / İSTANBUL,EMLAK KONUT ESENYURT HOŞDERE / İSTANBUL,EMLAK KONUT ESENYURT HOŞDERE,İSTANBUL,last slash suffix only; not externally verified,domestic_and_regional_project_references,137,135,left,black,catalogue_extracted_not_currently_verified,"Catalogue wording retained. Line wraps were reconstructed from the PDF layout; names, locations, project status and customer relationships were not externally verified."
405,EMLAK KONUT FİKİRTEPE 11 PARSEL / İSTANBUL,EMLAK KONUT FİKİRTEPE 11 PARSEL / İSTANBUL,EMLAK KONUT FİKİRTEPE 11 PARSEL,İSTANBUL,last slash suffix only; not externally verified,domestic_and_regional_project_references,137,135,left,black,catalogue_extracted_not_currently_verified,"Catalogue wording retained. Line wraps were reconstructed from the PDF layout; names, locations, project status and customer relationships were not externally verified."
406,EMLAK KONUT FİKİRTEPE 3458 PARSEL / İSTANBUL,EMLAK KONUT FİKİRTEPE 3458 PARSEL / İSTANBUL,EMLAK KONUT FİKİRTEPE 3458 PARSEL,İSTANBUL,last slash suffix only; not externally verified,domestic_and_regional_project_references,137,135,left,black,catalogue_extracted_not_currently_verified,"Catalogue wording retained. Line wraps were reconstructed from the PDF layout; names, locations, project status and customer relationships were not externally verified."
407,EMLAK KONUT FİKİRTEPE 3467 PARSEL / İSTANBUL,EMLAK KONUT FİKİRTEPE 3467 PARSEL / İSTANBUL,EMLAK KONUT FİKİRTEPE 3467 PARSEL,İSTANBUL,last slash suffix only; not externally verified,domestic_and_regional_project_references,137,135,left,black,catalogue_extracted_not_currently_verified,"Catalogue wording retained. Line wraps were reconstructed from the PDF layout; names, locations, project status and customer relationships were not externally verified."
408,EMLAK KONUT GÜNGÖREN KENTSEL DÖNÜŞÜM / İSTANBUL,EMLAK KONUT GÜNGÖREN KENTSEL DÖNÜŞÜM / İSTANBUL,EMLAK KONUT GÜNGÖREN KENTSEL DÖNÜŞÜM,İSTANBUL,last slash suffix only; not externally verified,domestic_and_regional_project_references,137,135,left,black,catalogue_extracted_not_currently_verified,"Catalogue wording retained. Line wraps were reconstructed from the PDF layout; names, locations, project status and customer relationships were not externally verified."
409,EMLAK KONUT ISPARTAKULE 1.ETAP / İSTANBUL,EMLAK KONUT ISPARTAKULE 1.ETAP / İSTANBUL,EMLAK KONUT ISPARTAKULE 1.ETAP,İSTANBUL,last slash suffix only; not externally verified,domestic_and_regional_project_references,137,135,left,black,catalogue_extracted_not_currently_verified,"Catalogue wording retained. Line wraps were reconstructed from the PDF layout; names, locations, project status and customer relationships were not externally verified."
410,EMLAK KONUT KÖRFEZKENT ÇARŞI / KOCAELİ,EMLAK KONUT KÖRFEZKENT ÇARŞI / KOCAELİ,EMLAK KONUT KÖRFEZKENT ÇARŞI,KOCAELİ,last slash suffix only; not externally verified,domestic_and_regional_project_references,137,135,left,black,catalogue_extracted_not_currently_verified,"Catalogue wording retained. Line wraps were reconstructed from the PDF layout; names, locations, project status and customer relationships were not externally verified."
411,EMLAK KONUT KÖRFEZKENT KONUTLARI 3.ETAP / KOCAELİ,EMLAK KONUT KÖRFEZKENT KONUTLARI 3.ETAP / KOCAELİ,EMLAK KONUT KÖRFEZKENT KONUTLARI 3.ETAP,KOCAELİ,last slash suffix only; not externally verified,domestic_and_regional_project_references,137,135,left,black,catalogue_extracted_not_currently_verified,"Catalogue wording retained. Line wraps were reconstructed from the PDF layout; names, locations, project status and customer relationships were not externally verified."
412,EMLAK KONUT MAKSEM KAYABAŞI / İSTANBUL,EMLAK KONUT MAKSEM KAYABAŞI / İSTANBUL,EMLAK KONUT MAKSEM KAYABAŞI,İSTANBUL,last slash suffix only; not externally verified,domestic_and_regional_project_references,137,135,left,black,catalogue_extracted_not_currently_verified,"Catalogue wording retained. Line wraps were reconstructed from the PDF layout; names, locations, project status and customer relationships were not externally verified."
413,EMLAK KONUT SEMT BAHÇEKENT / İSTANBUL,EMLAK KONUT SEMT BAHÇEKENT / İSTANBUL,EMLAK KONUT SEMT BAHÇEKENT,İSTANBUL,last slash suffix only; not externally verified,domestic_and_regional_project_references,137,135,left,black,catalogue_extracted_not_currently_verified,"Catalogue wording retained. Line wraps were reconstructed from the PDF layout; names, locations, project status and customer relationships were not externally verified."
414,EMLAK KONUT SEYRAN ŞEHİR KONUTLARI / İSTANBUL,EMLAK KONUT SEYRAN ŞEHİR KONUTLARI / İSTANBUL,EMLAK KONUT SEYRAN ŞEHİR KONUTLARI,İSTANBUL,last slash suffix only; not externally verified,domestic_and_regional_project_references,137,135,left,black,catalogue_extracted_not_currently_verified,"Catalogue wording retained. Line wraps were reconstructed from the PDF layout; names, locations, project status and customer relationships were not externally verified."
415,ENTEK TERMİK SANTRALİ / KOCAELİ,ENTEK TERMİK SANTRALİ / KOCAELİ,ENTEK TERMİK SANTRALİ,KOCAELİ,last slash suffix only; not externally verified,domestic_and_regional_project_references,137,135,left,black,catalogue_extracted_not_currently_verified,"Catalogue wording retained. Line wraps were reconstructed from the PDF layout; names, locations, project status and customer relationships were not externally verified."
416,EQUINIX VERİ MERKEZİ DUDULLU / İSTANBUL,EQUINIX VERİ MERKEZİ DUDULLU / İSTANBUL,EQUINIX VERİ MERKEZİ DUDULLU,İSTANBUL,last slash suffix only; not externally verified,domestic_and_regional_project_references,137,135,left,black,catalogue_extracted_not_currently_verified,"Catalogue wording retained. Line wraps were reconstructed from the PDF layout; names, locations, project status and customer relationships were not externally verified."
417,ERCİŞ ATIKSU ARITMA TESİSİ / VAN,ERCİŞ ATIKSU ARITMA TESİSİ / VAN,ERCİŞ ATIKSU ARITMA TESİSİ,VAN,last slash suffix only; not externally verified,domestic_and_regional_project_references,137,135,left,black,catalogue_extracted_not_currently_verified,"Catalogue wording retained. Line wraps were reconstructed from the PDF layout; names, locations, project status and customer relationships were not externally verified."
418,ERDEMİR ARGE MERKEZİ TESİSİ / ZONGULDAK,ERDEMİR ARGE MERKEZİ TESİSİ / ZONGULDAK,ERDEMİR ARGE MERKEZİ TESİSİ,ZONGULDAK,last slash suffix only; not externally verified,domestic_and_regional_project_references,137,135,left,black,catalogue_extracted_not_currently_verified,"Catalogue wording retained. Line wraps were reconstructed from the PDF layout; names, locations, project status and customer relationships were not externally verified."
419,ERDEMİR DEMİR ÇELİK SERVİS MERK. / ZONGULDAK,ERDEMİR DEMİR ÇELİK SERVİS MERK. / ZONGULDAK,ERDEMİR DEMİR ÇELİK SERVİS MERK.,ZONGULDAK,last slash suffix only; not externally verified,domestic_and_regional_project_references,137,135,left,black,catalogue_extracted_not_currently_verified,"Catalogue wording retained. Line wraps were reconstructed from the PDF layout; names, locations, project status and customer relationships were not externally verified."
420,ERGENE ATIKSU ARITMA TESİSİ ÇORLU / TEKİRDAĞ,ERGENE ATIKSU ARITMA TESİSİ ÇORLU / TEKİRDAĞ,ERGENE ATIKSU ARITMA TESİSİ ÇORLU,TEKİRDAĞ,last slash suffix only; not externally verified,domestic_and_regional_project_references,137,135,left,black,catalogue_extracted_not_currently_verified,"Catalogue wording retained. Line wraps were reconstructed from the PDF layout; names, locations, project status and customer relationships were not externally verified."
421,ERGUN HİDROLİK FABRİKASI / MANİSA,ERGUN HİDROLİK FABRİKASI / MANİSA,ERGUN HİDROLİK FABRİKASI,MANİSA,last slash suffix only; not externally verified,domestic_and_regional_project_references,137,135,left,black,catalogue_extracted_not_currently_verified,"Catalogue wording retained. Line wraps were reconstructed from the PDF layout; names, locations, project status and customer relationships were not externally verified."
422,ERSA OTEL ve KONGRE MERKEZİ / İSTANBUL,ERSA OTEL ve KONGRE MERKEZİ / İSTANBUL,ERSA OTEL ve KONGRE MERKEZİ,İSTANBUL,last slash suffix only; not externally verified,domestic_and_regional_project_references,137,135,left,black,catalogue_extracted_not_currently_verified,"Catalogue wording retained. Line wraps were reconstructed from the PDF layout; names, locations, project status and customer relationships were not externally verified."
423,ERZURUM ÇEVİK KUVVET HİZMET BİNASI,ERZURUM ÇEVİK KUVVET HİZMET BİNASI,ERZURUM ÇEVİK KUVVET HİZMET BİNASI,,no slash suffix,domestic_and_regional_project_references,137,135,left,black,catalogue_extracted_not_currently_verified,"Catalogue wording retained. Line wraps were reconstructed from the PDF layout; names, locations, project status and customer relationships were not externally verified."
424,ERZURUM MEYDAN AVM / ERZURUM,ERZURUM MEYDAN AVM / ERZURUM,ERZURUM MEYDAN AVM,ERZURUM,last slash suffix only; not externally verified,domestic_and_regional_project_references,137,135,left,black,catalogue_extracted_not_currently_verified,"Catalogue wording retained. Line wraps were reconstructed from the PDF layout; names, locations, project status and customer relationships were not externally verified."
425,ESBAŞ İDARİ BİNALAR / İZMİR,ESBAŞ İDARİ BİNALAR / İZMİR,ESBAŞ İDARİ BİNALAR,İZMİR,last slash suffix only; not externally verified,domestic_and_regional_project_references,137,135,left,black,catalogue_extracted_not_currently_verified,"Catalogue wording retained. Line wraps were reconstructed from the PDF layout; names, locations, project status and customer relationships were not externally verified."
426,ESENBOĞA HAVAALANI / ANKARA,ESENBOĞA HAVAALANI / ANKARA,ESENBOĞA HAVAALANI,ANKARA,last slash suffix only; not externally verified,domestic_and_regional_project_references,137,135,left,black,catalogue_extracted_not_currently_verified,"Catalogue wording retained. Line wraps were reconstructed from the PDF layout; names, locations, project status and customer relationships were not externally verified."
427,ESENLER KÜLTÜR MERKEZİ VE OTOPARK / İSTANBUL,ESENLER KÜLTÜR MERKEZİ VE OTOPARK / İSTANBUL,ESENLER KÜLTÜR MERKEZİ VE OTOPARK,İSTANBUL,last slash suffix only; not externally verified,domestic_and_regional_project_references,137,135,left,black,catalogue_extracted_not_currently_verified,"Catalogue wording retained. Line wraps were reconstructed from the PDF layout; names, locations, project status and customer relationships were not externally verified."
428,ESENLER OTOGARI / İSTANBUL,ESENLER OTOGARI / İSTANBUL,ESENLER OTOGARI,İSTANBUL,last slash suffix only; not externally verified,domestic_and_regional_project_references,137,135,left,black,catalogue_extracted_not_currently_verified,"Catalogue wording retained. Line wraps were reconstructed from the PDF layout; names, locations, project status and customer relationships were not externally verified."
429,ESENLER VERGİ DAİRESİ / İSTANBUL,ESENLER VERGİ DAİRESİ / İSTANBUL,ESENLER VERGİ DAİRESİ,İSTANBUL,last slash suffix only; not externally verified,domestic_and_regional_project_references,137,135,left,black,catalogue_extracted_not_currently_verified,"Catalogue wording retained. Line wraps were reconstructed from the PDF layout; names, locations, project status and customer relationships were not externally verified."
430,ESENTAI PARK SHOPPİNG MALL / KAZAKİSTAN,ESENTAI PARK SHOPPİNG MALL / KAZAKİSTAN,ESENTAI PARK SHOPPİNG MALL,KAZAKİSTAN,last slash suffix only; not externally verified,domestic_and_regional_project_references,137,135,left,black,catalogue_extracted_not_currently_verified,"Catalogue wording retained. Line wraps were reconstructed from the PDF layout; names, locations, project status and customer relationships were not externally verified."
431,ESENTAI TOWER / KAZAKİSTAN,ESENTAI TOWER / KAZAKİSTAN,ESENTAI TOWER,KAZAKİSTAN,last slash suffix only; not externally verified,domestic_and_regional_project_references,137,135,left,black,catalogue_extracted_not_currently_verified,"Catalogue wording retained. Line wraps were reconstructed from the PDF layout; names, locations, project status and customer relationships were not externally verified."
432,ESSEL KAĞIT FABRİKASI / OSMANİYE,ESSEL KAĞIT FABRİKASI / OSMANİYE,ESSEL KAĞIT FABRİKASI,OSMANİYE,last slash suffix only; not externally verified,domestic_and_regional_project_references,137,135,left,black,catalogue_extracted_not_currently_verified,"Catalogue wording retained. Line wraps were reconstructed from the PDF layout; names, locations, project status and customer relationships were not externally verified."
433,ESSEL KAĞIT FABRİKASI ÇAYCUMA / ZONGULDAK,ESSEL KAĞIT FABRİKASI ÇAYCUMA / ZONGULDAK,ESSEL KAĞIT FABRİKASI ÇAYCUMA,ZONGULDAK,last slash suffix only; not externally verified,domestic_and_regional_project_references,137,135,left,black,catalogue_extracted_not_currently_verified,"Catalogue wording retained. Line wraps were reconstructed from the PDF layout; names, locations, project status and customer relationships were not externally verified."
434,ESTON ŞEHİR 5.ETAP / İSTANBUL,ESTON ŞEHİR 5.ETAP / İSTANBUL,ESTON ŞEHİR 5.ETAP,İSTANBUL,last slash suffix only; not externally verified,domestic_and_regional_project_references,137,135,left,black,catalogue_extracted_not_currently_verified,"Catalogue wording retained. Line wraps were reconstructed from the PDF layout; names, locations, project status and customer relationships were not externally verified."
435,ESTON ŞEHİR MAHALLEM / İSTANBUL,ESTON ŞEHİR MAHALLEM / İSTANBUL,ESTON ŞEHİR MAHALLEM,İSTANBUL,last slash suffix only; not externally verified,domestic_and_regional_project_references,137,135,right,black,catalogue_extracted_not_currently_verified,"Catalogue wording retained. Line wraps were reconstructed from the PDF layout; names, locations, project status and customer relationships were not externally verified."
436,ETHEMEFENDİ KONUTLARI / İSTANBUL,ETHEMEFENDİ KONUTLARI / İSTANBUL,ETHEMEFENDİ KONUTLARI,İSTANBUL,last slash suffix only; not externally verified,domestic_and_regional_project_references,137,135,right,black,catalogue_extracted_not_currently_verified,"Catalogue wording retained. Line wraps were reconstructed from the PDF layout; names, locations, project status and customer relationships were not externally verified."
437,ETİ BAKIR MAZIDAĞI TESİSLERİ / MARDİN,ETİ BAKIR MAZIDAĞI TESİSLERİ / MARDİN,ETİ BAKIR MAZIDAĞI TESİSLERİ,MARDİN,last slash suffix only; not externally verified,domestic_and_regional_project_references,137,135,right,black,catalogue_extracted_not_currently_verified,"Catalogue wording retained. Line wraps were reconstructed from the PDF layout; names, locations, project status and customer relationships were not externally verified."
438,ETİ MADEN BANDIRMA KAZAN ÜNİTESİ / BALIKESİR,ETİ MADEN BANDIRMA KAZAN ÜNİTESİ / BALIKESİR,ETİ MADEN BANDIRMA KAZAN ÜNİTESİ,BALIKESİR,last slash suffix only; not externally verified,domestic_and_regional_project_references,137,135,right,black,catalogue_extracted_not_currently_verified,"Catalogue wording retained. Line wraps were reconstructed from the PDF layout; names, locations, project status and customer relationships were not externally verified."
439,EV’RE GEDİZLER KONUT / İSTANBUL,EV’RE GEDİZLER KONUT / İSTANBUL,EV’RE GEDİZLER KONUT,İSTANBUL,last slash suffix only; not externally verified,domestic_and_regional_project_references,137,135,right,black,catalogue_extracted_not_currently_verified,"Catalogue wording retained. Line wraps were reconstructed from the PDF layout; names, locations, project status and customer relationships were not externally verified."
440,EVVEL İSTANBUL KONUT,EVVEL İSTANBUL KONUT,EVVEL İSTANBUL KONUT,,no slash suffix,domestic_and_regional_project_references,137,135,right,black,catalogue_extracted_not_currently_verified,"Catalogue wording retained. Line wraps were reconstructed from the PDF layout; names, locations, project status and customer relationships were not externally verified."
441,EXPO CENTER HANT MANSISKY / RUSYA,EXPO CENTER HANT MANSISKY / RUSYA,EXPO CENTER HANT MANSISKY,RUSYA,last slash suffix only; not externally verified,domestic_and_regional_project_references,137,135,right,black,catalogue_extracted_not_currently_verified,"Catalogue wording retained. Line wraps were reconstructed from the PDF layout; names, locations, project status and customer relationships were not externally verified."
442,EZİNE RES / ÇANAKKALE,EZİNE RES / ÇANAKKALE,EZİNE RES,ÇANAKKALE,last slash suffix only; not externally verified,domestic_and_regional_project_references,137,135,right,black,catalogue_extracted_not_currently_verified,"Catalogue wording retained. Line wraps were reconstructed from the PDF layout; names, locations, project status and customer relationships were not externally verified."
443,FARMATEK İLAÇ FABRİKASI / KIRKLARELİ,FARMATEK İLAÇ FABRİKASI / KIRKLARELİ,FARMATEK İLAÇ FABRİKASI,KIRKLARELİ,last slash suffix only; not externally verified,domestic_and_regional_project_references,137,135,right,black,catalogue_extracted_not_currently_verified,"Catalogue wording retained. Line wraps were reconstructed from the PDF layout; names, locations, project status and customer relationships were not externally verified."
444,FATİH MUHİTTİN AKDİK İLKOKULU / İSTANBUL,FATİH MUHİTTİN AKDİK İLKOKULU / İSTANBUL,FATİH MUHİTTİN AKDİK İLKOKULU,İSTANBUL,last slash suffix only; not externally verified,domestic_and_regional_project_references,137,135,right,black,catalogue_extracted_not_currently_verified,"Catalogue wording retained. Line wraps were reconstructed from the PDF layout; names, locations, project status and customer relationships were not externally verified."
445,FATİH NESLİŞAH İ.H.O. / İSTANBUL,FATİH NESLİŞAH İ.H.O. / İSTANBUL,FATİH NESLİŞAH İ.H.O.,İSTANBUL,last slash suffix only; not externally verified,domestic_and_regional_project_references,137,135,right,black,catalogue_extracted_not_currently_verified,"Catalogue wording retained. Line wraps were reconstructed from the PDF layout; names, locations, project status and customer relationships were not externally verified."
446,FATİH SULTAN MEHMET VAKIF ÜNİVERSİTESİ / İSTANBUL,FATİH SULTAN MEHMET VAKIF ÜNİVERSİTESİ / İSTANBUL,FATİH SULTAN MEHMET VAKIF ÜNİVERSİTESİ,İSTANBUL,last slash suffix only; not externally verified,domestic_and_regional_project_references,137,135,right,black,catalogue_extracted_not_currently_verified,"Catalogue wording retained. Line wraps were reconstructed from the PDF layout; names, locations, project status and customer relationships were not externally verified."
447,FINDIKLI TACA OTEL / İSTANBUL,FINDIKLI TACA OTEL / İSTANBUL,FINDIKLI TACA OTEL,İSTANBUL,last slash suffix only; not externally verified,domestic_and_regional_project_references,137,135,right,black,catalogue_extracted_not_currently_verified,"Catalogue wording retained. Line wraps were reconstructed from the PDF layout; names, locations, project status and customer relationships were not externally verified."
448,FİLYOS LİMAN ÇAYCUMA / ZONGULDAK,FİLYOS LİMAN ÇAYCUMA / ZONGULDAK,FİLYOS LİMAN ÇAYCUMA,ZONGULDAK,last slash suffix only; not externally verified,domestic_and_regional_project_references,137,135,right,black,catalogue_extracted_not_currently_verified,"Catalogue wording retained. Line wraps were reconstructed from the PDF layout; names, locations, project status and customer relationships were not externally verified."
449,FİNANSBANK A.Ş. ŞUBELERİ (TÜRKİYE GENELİ),FİNANSBANK A.Ş. ŞUBELERİ (TÜRKİYE GENELİ),FİNANSBANK A.Ş. ŞUBELERİ (TÜRKİYE GENELİ),,no slash suffix,domestic_and_regional_project_references,137,135,right,black,catalogue_extracted_not_currently_verified,"Catalogue wording retained. Line wraps were reconstructed from the PDF layout; names, locations, project status and customer relationships were not externally verified."
450,FOLKART NEFES / İSTANBUL,FOLKART NEFES / İSTANBUL,FOLKART NEFES,İSTANBUL,last slash suffix only; not externally verified,domestic_and_regional_project_references,137,135,right,black,catalogue_extracted_not_currently_verified,"Catalogue wording retained. Line wraps were reconstructed from the PDF layout; names, locations, project status and customer relationships were not externally verified."
451,FORD DİNAMOMETRE / KOCAELİ,FORD DİNAMOMETRE / KOCAELİ,FORD DİNAMOMETRE,KOCAELİ,last slash suffix only; not externally verified,domestic_and_regional_project_references,137,135,right,black,catalogue_extracted_not_currently_verified,"Catalogue wording retained. Line wraps were reconstructed from the PDF layout; names, locations, project status and customer relationships were not externally verified."
452,FORD OTOSAN BOYA HAZIRLIK BİNASI / KOCAELİ,FORD OTOSAN BOYA HAZIRLIK BİNASI / KOCAELİ,FORD OTOSAN BOYA HAZIRLIK BİNASI,KOCAELİ,last slash suffix only; not externally verified,domestic_and_regional_project_references,137,135,right,black,catalogue_extracted_not_currently_verified,"Catalogue wording retained. Line wraps were reconstructed from the PDF layout; names, locations, project status and customer relationships were not externally verified."
453,FORD OTOSAN GÖLCÜK / KOCAELİ,FORD OTOSAN GÖLCÜK / KOCAELİ,FORD OTOSAN GÖLCÜK,KOCAELİ,last slash suffix only; not externally verified,domestic_and_regional_project_references,137,135,right,black,catalogue_extracted_not_currently_verified,"Catalogue wording retained. Line wraps were reconstructed from the PDF layout; names, locations, project status and customer relationships were not externally verified."
454,FORD OTOSAN KAYNAK BİNASI / KOCAELİ,FORD OTOSAN KAYNAK BİNASI / KOCAELİ,FORD OTOSAN KAYNAK BİNASI,KOCAELİ,last slash suffix only; not externally verified,domestic_and_regional_project_references,137,135,right,black,catalogue_extracted_not_currently_verified,"Catalogue wording retained. Line wraps were reconstructed from the PDF layout; names, locations, project status and customer relationships were not externally verified."
455,FORD OTOSAN MONTAJ BİNASI / KOCAELİ,FORD OTOSAN MONTAJ BİNASI / KOCAELİ,FORD OTOSAN MONTAJ BİNASI,KOCAELİ,last slash suffix only; not externally verified,domestic_and_regional_project_references,137,135,right,black,catalogue_extracted_not_currently_verified,"Catalogue wording retained. Line wraps were reconstructed from the PDF layout; names, locations, project status and customer relationships were not externally verified."
456,FORD OTOSAN YENİ PRESS HATTI / KOCAELİ,FORD OTOSAN YENİ PRESS HATTI / KOCAELİ,FORD OTOSAN YENİ PRESS HATTI,KOCAELİ,last slash suffix only; not externally verified,domestic_and_regional_project_references,137,135,right,black,catalogue_extracted_not_currently_verified,"Catalogue wording retained. Line wraps were reconstructed from the PDF layout; names, locations, project status and customer relationships were not externally verified."
457,FORUM AVM / TRABZON,FORUM AVM / TRABZON,FORUM AVM,TRABZON,last slash suffix only; not externally verified,domestic_and_regional_project_references,137,135,right,black,catalogue_extracted_not_currently_verified,"Catalogue wording retained. Line wraps were reconstructed from the PDF layout; names, locations, project status and customer relationships were not externally verified."
458,FORUM AVM BAYRAMPAŞA / İSTANBUL,FORUM AVM BAYRAMPAŞA / İSTANBUL,FORUM AVM BAYRAMPAŞA,İSTANBUL,last slash suffix only; not externally verified,domestic_and_regional_project_references,137,135,right,black,catalogue_extracted_not_currently_verified,"Catalogue wording retained. Line wraps were reconstructed from the PDF layout; names, locations, project status and customer relationships were not externally verified."
459,FOUR SEASONS HOTEL / İSTANBUL,FOUR SEASONS HOTEL / İSTANBUL,FOUR SEASONS HOTEL,İSTANBUL,last slash suffix only; not externally verified,domestic_and_regional_project_references,137,135,right,black,catalogue_extracted_not_currently_verified,"Catalogue wording retained. Line wraps were reconstructed from the PDF layout; names, locations, project status and customer relationships were not externally verified."
460,FOUR WİNDS RESIDENCE / İSTANBUL,FOUR WİNDS RESIDENCE / İSTANBUL,FOUR WİNDS RESIDENCE,İSTANBUL,last slash suffix only; not externally verified,domestic_and_regional_project_references,137,135,right,black,catalogue_extracted_not_currently_verified,"Catalogue wording retained. Line wraps were reconstructed from the PDF layout; names, locations, project status and customer relationships were not externally verified."
461,FRITO LAY GIDA SANAYİ DEPOSU / KOCAELİ,FRITO LAY GIDA SANAYİ DEPOSU / KOCAELİ,FRITO LAY GIDA SANAYİ DEPOSU,KOCAELİ,last slash suffix only; not externally verified,domestic_and_regional_project_references,137,135,right,black,catalogue_extracted_not_currently_verified,"Catalogue wording retained. Line wraps were reconstructed from the PDF layout; names, locations, project status and customer relationships were not externally verified."
462,FUTURE PARK İSTANBUL,FUTURE PARK İSTANBUL,FUTURE PARK İSTANBUL,,no slash suffix,domestic_and_regional_project_references,137,135,right,black,catalogue_extracted_not_currently_verified,"Catalogue wording retained. Line wraps were reconstructed from the PDF layout; names, locations, project status and customer relationships were not externally verified."
463,GALATAPORT / İSTANBUL,GALATAPORT / İSTANBUL,GALATAPORT,İSTANBUL,last slash suffix only; not externally verified,domestic_and_regional_project_references,137,135,right,black,catalogue_extracted_not_currently_verified,"Catalogue wording retained. Line wraps were reconstructed from the PDF layout; names, locations, project status and customer relationships were not externally verified."
464,GALSAN PLASTİK FABRİKASI DİLOVASI / KOCAELİ,GALSAN PLASTİK FABRİKASI DİLOVASI / KOCAELİ,GALSAN PLASTİK FABRİKASI DİLOVASI,KOCAELİ,last slash suffix only; not externally verified,domestic_and_regional_project_references,137,135,right,black,catalogue_extracted_not_currently_verified,"Catalogue wording retained. Line wraps were reconstructed from the PDF layout; names, locations, project status and customer relationships were not externally verified."
465,GAMA BOUFARIK 220 KV MOBİLE ŞALT SAHASI / CEZAYİR,GAMA BOUFARIK 220 KV MOBİLE ŞALT SAHASI / CEZAYİR,GAMA BOUFARIK 220 KV MOBİLE ŞALT SAHASI,CEZAYİR,last slash suffix only; not externally verified,domestic_and_regional_project_references,137,135,right,black,catalogue_extracted_not_currently_verified,"Catalogue wording retained. Line wraps were reconstructed from the PDF layout; names, locations, project status and customer relationships were not externally verified."
466,GAMA ERBİL ATIKSI ARITMA TESİSİ / IRAK,GAMA ERBİL ATIKSI ARITMA TESİSİ / IRAK,GAMA ERBİL ATIKSI ARITMA TESİSİ,IRAK,last slash suffix only; not externally verified,domestic_and_regional_project_references,137,135,right,black,catalogue_extracted_not_currently_verified,"Catalogue wording retained. Line wraps were reconstructed from the PDF layout; names, locations, project status and customer relationships were not externally verified."
467,GAMA KIRIKKALE ENERJİ SANTRALİ,GAMA KIRIKKALE ENERJİ SANTRALİ,GAMA KIRIKKALE ENERJİ SANTRALİ,,no slash suffix,domestic_and_regional_project_references,137,135,right,black,catalogue_extracted_not_currently_verified,"Catalogue wording retained. Line wraps were reconstructed from the PDF layout; names, locations, project status and customer relationships were not externally verified."
468,GAMA POLYESTER / DÜZCE,GAMA POLYESTER / DÜZCE,GAMA POLYESTER,DÜZCE,last slash suffix only; not externally verified,domestic_and_regional_project_references,137,135,right,black,catalogue_extracted_not_currently_verified,"Catalogue wording retained. Line wraps were reconstructed from the PDF layout; names, locations, project status and customer relationships were not externally verified."
469,GARANTİ KOZA KONUTLARI / İSTANBUL,GARANTİ KOZA KONUTLARI / İSTANBUL,GARANTİ KOZA KONUTLARI,İSTANBUL,last slash suffix only; not externally verified,domestic_and_regional_project_references,137,135,right,black,catalogue_extracted_not_currently_verified,"Catalogue wording retained. Line wraps were reconstructed from the PDF layout; names, locations, project status and customer relationships were not externally verified."
470,GAZİANTEP OSB GAZ MOTOR ÇEVRİM SANTRALİ / GAZİANTEP,GAZİANTEP OSB GAZ MOTOR ÇEVRİM SANTRALİ / GAZİANTEP,GAZİANTEP OSB GAZ MOTOR ÇEVRİM SANTRALİ,GAZİANTEP,last slash suffix only; not externally verified,domestic_and_regional_project_references,137,135,right,black,catalogue_extracted_not_currently_verified,"Catalogue wording retained. Line wraps were reconstructed from the PDF layout; names, locations, project status and customer relationships were not externally verified."
471,GEBZE 400 YATAKLI FATİH DEVLET HASTANESİ / KOCAELİ,GEBZE 400 YATAKLI FATİH DEVLET HASTANESİ / KOCAELİ,GEBZE 400 YATAKLI FATİH DEVLET HASTANESİ,KOCAELİ,last slash suffix only; not externally verified,domestic_and_regional_project_references,137,135,right,black,catalogue_extracted_not_currently_verified,"Catalogue wording retained. Line wraps were reconstructed from the PDF layout; names, locations, project status and customer relationships were not externally verified."
472,GEBZE TEKNİK ÜNİVERSİTESİ / KOCAELİ,GEBZE TEKNİK ÜNİVERSİTESİ / KOCAELİ,GEBZE TEKNİK ÜNİVERSİTESİ,KOCAELİ,last slash suffix only; not externally verified,domestic_and_regional_project_references,137,135,right,black,catalogue_extracted_not_currently_verified,"Catalogue wording retained. Line wraps were reconstructed from the PDF layout; names, locations, project status and customer relationships were not externally verified."
473,GENTAŞ KİMYA TUZLA / İSTANBUL,GENTAŞ KİMYA TUZLA / İSTANBUL,GENTAŞ KİMYA TUZLA,İSTANBUL,last slash suffix only; not externally verified,domestic_and_regional_project_references,137,135,right,black,catalogue_extracted_not_currently_verified,"Catalogue wording retained. Line wraps were reconstructed from the PDF layout; names, locations, project status and customer relationships were not externally verified."
474,GERAN ve KAYRAKUM TRAFO MERKEZLERİ / TACİKİSTAN,GERAN ve KAYRAKUM TRAFO MERKEZLERİ / TACİKİSTAN,GERAN ve KAYRAKUM TRAFO MERKEZLERİ,TACİKİSTAN,last slash suffix only; not externally verified,domestic_and_regional_project_references,137,135,right,black,catalogue_extracted_not_currently_verified,"Catalogue wording retained. Line wraps were reconstructed from the PDF layout; names, locations, project status and customer relationships were not externally verified."
475,GERCÜŞ ATIKSU ARITMA TESİSİ / BATMAN,GERCÜŞ ATIKSU ARITMA TESİSİ / BATMAN,GERCÜŞ ATIKSU ARITMA TESİSİ,BATMAN,last slash suffix only; not externally verified,domestic_and_regional_project_references,137,135,right,black,catalogue_extracted_not_currently_verified,"Catalogue wording retained. Line wraps were reconstructed from the PDF layout; names, locations, project status and customer relationships were not externally verified."
476,GERENKÖY ATIKSU ARITMA TESİSİ / İZMİR,GERENKÖY ATIKSU ARITMA TESİSİ / İZMİR,GERENKÖY ATIKSU ARITMA TESİSİ,İZMİR,last slash suffix only; not externally verified,domestic_and_regional_project_references,137,135,right,black,catalogue_extracted_not_currently_verified,"Catalogue wording retained. Line wraps were reconstructed from the PDF layout; names, locations, project status and customer relationships were not externally verified."
477,GERMENCİK JES / AYDIN,GERMENCİK JES / AYDIN,GERMENCİK JES,AYDIN,last slash suffix only; not externally verified,domestic_and_regional_project_references,137,135,right,black,catalogue_extracted_not_currently_verified,"Catalogue wording retained. Line wraps were reconstructed from the PDF layout; names, locations, project status and customer relationships were not externally verified."
478,GERSAN ELEKTRİK ÇAYCUMA FABRİKASI / ZONGULDAK,GERSAN ELEKTRİK ÇAYCUMA FABRİKASI / ZONGULDAK,GERSAN ELEKTRİK ÇAYCUMA FABRİKASI,ZONGULDAK,last slash suffix only; not externally verified,domestic_and_regional_project_references,137,135,right,black,catalogue_extracted_not_currently_verified,"Catalogue wording retained. Line wraps were reconstructed from the PDF layout; names, locations, project status and customer relationships were not externally verified."
479,GHS MOVENPİCK HOTEL / İSTANBUL,GHS MOVENPİCK HOTEL / İSTANBUL,GHS MOVENPİCK HOTEL,İSTANBUL,last slash suffix only; not externally verified,domestic_and_regional_project_references,137,135,right,black,catalogue_extracted_not_currently_verified,"Catalogue wording retained. Line wraps were reconstructed from the PDF layout; names, locations, project status and customer relationships were not externally verified."
480,GM-OPEL / RUSYA,GM-OPEL / RUSYA,GM-OPEL,RUSYA,last slash suffix only; not externally verified,domestic_and_regional_project_references,137,135,right,black,catalogue_extracted_not_currently_verified,"Catalogue wording retained. Line wraps were reconstructed from the PDF layout; names, locations, project status and customer relationships were not externally verified."
481,GOBUSTAN ATIKSU ARITMA TESİSİ / AZERBAYCAN,GOBUSTAN ATIKSU ARITMA TESİSİ / AZERBAYCAN,GOBUSTAN ATIKSU ARITMA TESİSİ,AZERBAYCAN,last slash suffix only; not externally verified,domestic_and_regional_project_references,137,135,right,black,catalogue_extracted_not_currently_verified,"Catalogue wording retained. Line wraps were reconstructed from the PDF layout; names, locations, project status and customer relationships were not externally verified."
482,GÖKRES RES / MANİSA,GÖKRES RES / MANİSA,GÖKRES RES,MANİSA,last slash suffix only; not externally verified,domestic_and_regional_project_references,137,135,right,black,catalogue_extracted_not_currently_verified,"Catalogue wording retained. Line wraps were reconstructed from the PDF layout; names, locations, project status and customer relationships were not externally verified."
483,GÖLPAZARI BELEDİYESİ KÜLTÜR EVİ VE PAZARYERİ / BİLECİK,GÖLPAZARI BELEDİYESİ KÜLTÜR EVİ VE PAZARYERİ / BİLECİK,GÖLPAZARI BELEDİYESİ KÜLTÜR EVİ VE PAZARYERİ,BİLECİK,last slash suffix only; not externally verified,domestic_and_regional_project_references,137,135,right,black,catalogue_extracted_not_currently_verified,"Catalogue wording retained. Line wraps were reconstructed from the PDF layout; names, locations, project status and customer relationships were not externally verified."
484,GÖLTAŞ GÖLLER BÖLGESİ ÇİMENTO / ISPARTA,GÖLTAŞ GÖLLER BÖLGESİ ÇİMENTO / ISPARTA,GÖLTAŞ GÖLLER BÖLGESİ ÇİMENTO,ISPARTA,last slash suffix only; not externally verified,domestic_and_regional_project_references,137,135,right,black,catalogue_extracted_not_currently_verified,"Catalogue wording retained. Line wraps were reconstructed from the PDF layout; names, locations, project status and customer relationships were not externally verified."
485,GÖZTEPE EĞİTİM VE ARAŞTIRMA HASTANESİ / İSTANBUL,GÖZTEPE EĞİTİM VE ARAŞTIRMA HASTANESİ / İSTANBUL,GÖZTEPE EĞİTİM VE ARAŞTIRMA HASTANESİ,İSTANBUL,last slash suffix only; not externally verified,domestic_and_regional_project_references,137,135,right,black,catalogue_extracted_not_currently_verified,"Catalogue wording retained. Line wraps were reconstructed from the PDF layout; names, locations, project status and customer relationships were not externally verified."
486,GÖZTEPE İŞ MERKEZİ VE RESIDENCE (EMİN ONAT) / İSTANBUL,GÖZTEPE İŞ MERKEZİ VE RESIDENCE (EMİN ONAT) / İSTANBUL,GÖZTEPE İŞ MERKEZİ VE RESIDENCE (EMİN ONAT),İSTANBUL,last slash suffix only; not externally verified,domestic_and_regional_project_references,137,135,right,black,catalogue_extracted_not_currently_verified,"Catalogue wording retained. Line wraps were reconstructed from the PDF layout; names, locations, project status and customer relationships were not externally verified."
487,GRATİS DEPO TUZLA / İSTANBUL,GRATİS DEPO TUZLA / İSTANBUL,GRATİS DEPO TUZLA,İSTANBUL,last slash suffix only; not externally verified,domestic_and_regional_project_references,137,135,right,black,catalogue_extracted_not_currently_verified,"Catalogue wording retained. Line wraps were reconstructed from the PDF layout; names, locations, project status and customer relationships were not externally verified."
488,GÜLSAN ÇELİK TENCERE FAB. SULTANBEYLİ / İSTANBUL,GÜLSAN ÇELİK TENCERE FAB. SULTANBEYLİ / İSTANBUL,GÜLSAN ÇELİK TENCERE FAB. SULTANBEYLİ,İSTANBUL,last slash suffix only; not externally verified,domestic_and_regional_project_references,137,135,right,black,catalogue_extracted_not_currently_verified,"Catalogue wording retained. Line wraps were reconstructed from the PDF layout; names, locations, project status and customer relationships were not externally verified."
489,GÜLSAN SENTETİK DOKUMA A.Ş. / GAZİANTEP,GÜLSAN SENTETİK DOKUMA A.Ş. / GAZİANTEP,GÜLSAN SENTETİK DOKUMA A.Ş.,GAZİANTEP,last slash suffix only; not externally verified,domestic_and_regional_project_references,138,136,left,black,catalogue_extracted_not_currently_verified,"Catalogue wording retained. Line wraps were reconstructed from the PDF layout; names, locations, project status and customer relationships were not externally verified."
490,GÜRAL PORSELEN SERAMİK FABRİKASI / KÜTAHYA,GÜRAL PORSELEN SERAMİK FABRİKASI / KÜTAHYA,GÜRAL PORSELEN SERAMİK FABRİKASI,KÜTAHYA,last slash suffix only; not externally verified,domestic_and_regional_project_references,138,136,left,black,catalogue_extracted_not_currently_verified,"Catalogue wording retained. Line wraps were reconstructed from the PDF layout; names, locations, project status and customer relationships were not externally verified."
491,GÜRALLAR SODA FABRİKASI / BURDUR,GÜRALLAR SODA FABRİKASI / BURDUR,GÜRALLAR SODA FABRİKASI,BURDUR,last slash suffix only; not externally verified,domestic_and_regional_project_references,138,136,left,black,catalogue_extracted_not_currently_verified,"Catalogue wording retained. Line wraps were reconstructed from the PDF layout; names, locations, project status and customer relationships were not externally verified."
492,GÜRİŞ EFELER JES / AYDIN,GÜRİŞ EFELER JES / AYDIN,GÜRİŞ EFELER JES,AYDIN,last slash suffix only; not externally verified,domestic_and_regional_project_references,138,136,left,black,catalogue_extracted_not_currently_verified,"Catalogue wording retained. Line wraps were reconstructed from the PDF layout; names, locations, project status and customer relationships were not externally verified."
493,GÜROK GCA S-1 YATIRIMI / KÜTAHYA,GÜROK GCA S-1 YATIRIMI / KÜTAHYA,GÜROK GCA S-1 YATIRIMI,KÜTAHYA,last slash suffix only; not externally verified,domestic_and_regional_project_references,138,136,left,black,catalogue_extracted_not_currently_verified,"Catalogue wording retained. Line wraps were reconstructed from the PDF layout; names, locations, project status and customer relationships were not externally verified."
494,GÜRPINAR SU ÜRÜNLERİ HALİ / İSTANBUL,GÜRPINAR SU ÜRÜNLERİ HALİ / İSTANBUL,GÜRPINAR SU ÜRÜNLERİ HALİ,İSTANBUL,last slash suffix only; not externally verified,domestic_and_regional_project_references,138,136,left,black,catalogue_extracted_not_currently_verified,"Catalogue wording retained. Line wraps were reconstructed from the PDF layout; names, locations, project status and customer relationships were not externally verified."
495,GYTE ÇAYIROVA ELEKTRONİK BİNASI / KOCAELİ,GYTE ÇAYIROVA ELEKTRONİK BİNASI / KOCAELİ,GYTE ÇAYIROVA ELEKTRONİK BİNASI,KOCAELİ,last slash suffix only; not externally verified,domestic_and_regional_project_references,138,136,left,black,catalogue_extracted_not_currently_verified,"Catalogue wording retained. Line wraps were reconstructed from the PDF layout; names, locations, project status and customer relationships were not externally verified."
496,GYTE ÇAYIROVA KÜTÜPHANE BİNASI / KOCAELİ,GYTE ÇAYIROVA KÜTÜPHANE BİNASI / KOCAELİ,GYTE ÇAYIROVA KÜTÜPHANE BİNASI,KOCAELİ,last slash suffix only; not externally verified,domestic_and_regional_project_references,138,136,left,black,catalogue_extracted_not_currently_verified,"Catalogue wording retained. Line wraps were reconstructed from the PDF layout; names, locations, project status and customer relationships were not externally verified."
497,H&M MAĞAZASI / ANKARA,H&M MAĞAZASI / ANKARA,H&M MAĞAZASI,ANKARA,last slash suffix only; not externally verified,domestic_and_regional_project_references,138,136,left,black,catalogue_extracted_not_currently_verified,"Catalogue wording retained. Line wraps were reconstructed from the PDF layout; names, locations, project status and customer relationships were not externally verified."
498,H&M MAĞAZASI / İZMİR,H&M MAĞAZASI / İZMİR,H&M MAĞAZASI,İZMİR,last slash suffix only; not externally verified,domestic_and_regional_project_references,138,136,left,black,catalogue_extracted_not_currently_verified,"Catalogue wording retained. Line wraps were reconstructed from the PDF layout; names, locations, project status and customer relationships were not externally verified."
499,HABOM SABİHA GÖKÇEN HAVAALANI / İSTANBUL,HABOM SABİHA GÖKÇEN HAVAALANI / İSTANBUL,HABOM SABİHA GÖKÇEN HAVAALANI,İSTANBUL,last slash suffix only; not externally verified,domestic_and_regional_project_references,138,136,left,black,catalogue_extracted_not_currently_verified,"Catalogue wording retained. Line wraps were reconstructed from the PDF layout; names, locations, project status and customer relationships were not externally verified."
500,HALKALI MARMARAY PCEM BİNASI / İSTANBUL,HALKALI MARMARAY PCEM BİNASI / İSTANBUL,HALKALI MARMARAY PCEM BİNASI,İSTANBUL,last slash suffix only; not externally verified,domestic_and_regional_project_references,138,136,left,black,catalogue_extracted_not_currently_verified,"Catalogue wording retained. Line wraps were reconstructed from the PDF layout; names, locations, project status and customer relationships were not externally verified."
501,HANTY SPOR KOMPLEKSİ / RUSYA,HANTY SPOR KOMPLEKSİ / RUSYA,HANTY SPOR KOMPLEKSİ,RUSYA,last slash suffix only; not externally verified,domestic_and_regional_project_references,138,136,left,black,catalogue_extracted_not_currently_verified,"Catalogue wording retained. Line wraps were reconstructed from the PDF layout; names, locations, project status and customer relationships were not externally verified."
502,HASANBEYLİ RES / OSMANİYE,HASANBEYLİ RES / OSMANİYE,HASANBEYLİ RES,OSMANİYE,last slash suffix only; not externally verified,domestic_and_regional_project_references,138,136,left,black,catalogue_extracted_not_currently_verified,"Catalogue wording retained. Line wraps were reconstructed from the PDF layout; names, locations, project status and customer relationships were not externally verified."
503,HAUS MAKİNA FABRİKASI / AYDIN,HAUS MAKİNA FABRİKASI / AYDIN,HAUS MAKİNA FABRİKASI,AYDIN,last slash suffix only; not externally verified,domestic_and_regional_project_references,138,136,left,black,catalogue_extracted_not_currently_verified,"Catalogue wording retained. Line wraps were reconstructed from the PDF layout; names, locations, project status and customer relationships were not externally verified."
504,HAYAT KİMYA FABRİKASI / KOCAELİ,HAYAT KİMYA FABRİKASI / KOCAELİ,HAYAT KİMYA FABRİKASI,KOCAELİ,last slash suffix only; not externally verified,domestic_and_regional_project_references,138,136,left,black,catalogue_extracted_not_currently_verified,"Catalogue wording retained. Line wraps were reconstructed from the PDF layout; names, locations, project status and customer relationships were not externally verified."
505,HAYAT KİMYA FABRİKASI / NİJERYA,HAYAT KİMYA FABRİKASI / NİJERYA,HAYAT KİMYA FABRİKASI,NİJERYA,last slash suffix only; not externally verified,domestic_and_regional_project_references,138,136,left,black,catalogue_extracted_not_currently_verified,"Catalogue wording retained. Line wraps were reconstructed from the PDF layout; names, locations, project status and customer relationships were not externally verified."
506,HAYAT KİMYA FABRİKASI / TATARİSTAN,HAYAT KİMYA FABRİKASI / TATARİSTAN,HAYAT KİMYA FABRİKASI,TATARİSTAN,last slash suffix only; not externally verified,domestic_and_regional_project_references,138,136,left,black,catalogue_extracted_not_currently_verified,"Catalogue wording retained. Line wraps were reconstructed from the PDF layout; names, locations, project status and customer relationships were not externally verified."
507,HAYAT KİMYA KAĞIT FABRİKASI / MERSİN,HAYAT KİMYA KAĞIT FABRİKASI / MERSİN,HAYAT KİMYA KAĞIT FABRİKASI,MERSİN,last slash suffix only; not externally verified,domestic_and_regional_project_references,138,136,left,black,catalogue_extracted_not_currently_verified,"Catalogue wording retained. Line wraps were reconstructed from the PDF layout; names, locations, project status and customer relationships were not externally verified."
508,HAYAT TEPE KONUTLARI / İSTANBUL,HAYAT TEPE KONUTLARI / İSTANBUL,HAYAT TEPE KONUTLARI,İSTANBUL,last slash suffix only; not externally verified,domestic_and_regional_project_references,138,136,left,black,catalogue_extracted_not_currently_verified,"Catalogue wording retained. Line wraps were reconstructed from the PDF layout; names, locations, project status and customer relationships were not externally verified."
509,HELİS GOLD KARTAL / İSTANBUL,HELİS GOLD KARTAL / İSTANBUL,HELİS GOLD KARTAL,İSTANBUL,last slash suffix only; not externally verified,domestic_and_regional_project_references,138,136,left,black,catalogue_extracted_not_currently_verified,"Catalogue wording retained. Line wraps were reconstructed from the PDF layout; names, locations, project status and customer relationships were not externally verified."
510,HELİS METRO HOME KADIKÖY / İSTANBUL,HELİS METRO HOME KADIKÖY / İSTANBUL,HELİS METRO HOME KADIKÖY,İSTANBUL,last slash suffix only; not externally verified,domestic_and_regional_project_references,138,136,left,black,catalogue_extracted_not_currently_verified,"Catalogue wording retained. Line wraps were reconstructed from the PDF layout; names, locations, project status and customer relationships were not externally verified."
511,HELİS MORE RESIDENCE KARTAL / İSTANBUL,HELİS MORE RESIDENCE KARTAL / İSTANBUL,HELİS MORE RESIDENCE KARTAL,İSTANBUL,last slash suffix only; not externally verified,domestic_and_regional_project_references,138,136,left,black,catalogue_extracted_not_currently_verified,"Catalogue wording retained. Line wraps were reconstructed from the PDF layout; names, locations, project status and customer relationships were not externally verified."
512,HİLLA HASTANESİ / IRAK,HİLLA HASTANESİ / IRAK,HİLLA HASTANESİ,IRAK,last slash suffix only; not externally verified,domestic_and_regional_project_references,138,136,left,black,catalogue_extracted_not_currently_verified,"Catalogue wording retained. Line wraps were reconstructed from the PDF layout; names, locations, project status and customer relationships were not externally verified."
513,HİLTON DALAMAN SARIGERME RESORT & SPA,HİLTON DALAMAN SARIGERME RESORT & SPA,HİLTON DALAMAN SARIGERME RESORT & SPA,,no slash suffix,domestic_and_regional_project_references,138,136,left,black,catalogue_extracted_not_currently_verified,"Catalogue wording retained. Line wraps were reconstructed from the PDF layout; names, locations, project status and customer relationships were not externally verified."
514,HİLTON GARDEN INN / KÜTAHYA,HİLTON GARDEN INN / KÜTAHYA,HİLTON GARDEN INN,KÜTAHYA,last slash suffix only; not externally verified,domestic_and_regional_project_references,138,136,left,black,catalogue_extracted_not_currently_verified,"Catalogue wording retained. Line wraps were reconstructed from the PDF layout; names, locations, project status and customer relationships were not externally verified."
515,HİLTON GARDEN INN / MARDİN,HİLTON GARDEN INN / MARDİN,HİLTON GARDEN INN,MARDİN,last slash suffix only; not externally verified,domestic_and_regional_project_references,138,136,left,black,catalogue_extracted_not_currently_verified,"Catalogue wording retained. Line wraps were reconstructed from the PDF layout; names, locations, project status and customer relationships were not externally verified."
516,HİLTON GARDEN INN / ŞANLIURFA,HİLTON GARDEN INN / ŞANLIURFA,HİLTON GARDEN INN,ŞANLIURFA,last slash suffix only; not externally verified,domestic_and_regional_project_references,138,136,left,black,catalogue_extracted_not_currently_verified,"Catalogue wording retained. Line wraps were reconstructed from the PDF layout; names, locations, project status and customer relationships were not externally verified."
517,HYATT REGENCY OTEL ATAŞEHİR / İSTANBUL,HYATT REGENCY OTEL ATAŞEHİR / İSTANBUL,HYATT REGENCY OTEL ATAŞEHİR,İSTANBUL,last slash suffix only; not externally verified,domestic_and_regional_project_references,138,136,left,black,catalogue_extracted_not_currently_verified,"Catalogue wording retained. Line wraps were reconstructed from the PDF layout; names, locations, project status and customer relationships were not externally verified."
518,HYOSUNG İSTANBUL TEKSTİL / TEKİRDAĞ,HYOSUNG İSTANBUL TEKSTİL / TEKİRDAĞ,HYOSUNG İSTANBUL TEKSTİL,TEKİRDAĞ,last slash suffix only; not externally verified,domestic_and_regional_project_references,138,136,left,black,catalogue_extracted_not_currently_verified,"Catalogue wording retained. Line wraps were reconstructed from the PDF layout; names, locations, project status and customer relationships were not externally verified."
519,ICONOVA KONUTLARI / GAZİANTEP,ICONOVA KONUTLARI / GAZİANTEP,ICONOVA KONUTLARI,GAZİANTEP,last slash suffix only; not externally verified,domestic_and_regional_project_references,138,136,left,black,catalogue_extracted_not_currently_verified,"Catalogue wording retained. Line wraps were reconstructed from the PDF layout; names, locations, project status and customer relationships were not externally verified."
520,IFF AROMA ESANS A.Ş. İLAVE ÜRETİM TES. GEBZE / KOCAELİ,IFF AROMA ESANS A.Ş. İLAVE ÜRETİM TES. GEBZE / KOCAELİ,IFF AROMA ESANS A.Ş. İLAVE ÜRETİM TES. GEBZE,KOCAELİ,last slash suffix only; not externally verified,domestic_and_regional_project_references,138,136,left,black,catalogue_extracted_not_currently_verified,"Catalogue wording retained. Line wraps were reconstructed from the PDF layout; names, locations, project status and customer relationships were not externally verified."
521,IHLAMUR TERRACE / İSTANBUL,IHLAMUR TERRACE / İSTANBUL,IHLAMUR TERRACE,İSTANBUL,last slash suffix only; not externally verified,domestic_and_regional_project_references,138,136,left,black,catalogue_extracted_not_currently_verified,"Catalogue wording retained. Line wraps were reconstructed from the PDF layout; names, locations, project status and customer relationships were not externally verified."
522,IN İSTANBUL KONUT,IN İSTANBUL KONUT,IN İSTANBUL KONUT,,no slash suffix,domestic_and_regional_project_references,138,136,left,black,catalogue_extracted_not_currently_verified,"Catalogue wording retained. Line wraps were reconstructed from the PDF layout; names, locations, project status and customer relationships were not externally verified."
523,INLIFE KONUTLARI ATAŞEHİR / İSTANBUL,INLIFE KONUTLARI ATAŞEHİR / İSTANBUL,INLIFE KONUTLARI ATAŞEHİR,İSTANBUL,last slash suffix only; not externally verified,domestic_and_regional_project_references,138,136,left,black,catalogue_extracted_not_currently_verified,"Catalogue wording retained. Line wraps were reconstructed from the PDF layout; names, locations, project status and customer relationships were not externally verified."
524,ISCAR KESİCİ TAKIM FABRİKASI / KOCAELİ,ISCAR KESİCİ TAKIM FABRİKASI / KOCAELİ,ISCAR KESİCİ TAKIM FABRİKASI,KOCAELİ,last slash suffix only; not externally verified,domestic_and_regional_project_references,138,136,left,black,catalogue_extracted_not_currently_verified,"Catalogue wording retained. Line wraps were reconstructed from the PDF layout; names, locations, project status and customer relationships were not externally verified."
525,ISPARTA 5000 KİŞİLİK ÖĞRENCİ YURT BİNASI,ISPARTA 5000 KİŞİLİK ÖĞRENCİ YURT BİNASI,ISPARTA 5000 KİŞİLİK ÖĞRENCİ YURT BİNASI,,no slash suffix,domestic_and_regional_project_references,138,136,left,black,catalogue_extracted_not_currently_verified,"Catalogue wording retained. Line wraps were reconstructed from the PDF layout; names, locations, project status and customer relationships were not externally verified."
526,ISPARTA HAVAALANI,ISPARTA HAVAALANI,ISPARTA HAVAALANI,,no slash suffix,domestic_and_regional_project_references,138,136,left,black,catalogue_extracted_not_currently_verified,"Catalogue wording retained. Line wraps were reconstructed from the PDF layout; names, locations, project status and customer relationships were not externally verified."
527,İBB İSTAÇ ENDÜSTRİYEL ATIK BERTARAF TESİSİ ŞİLE,İBB İSTAÇ ENDÜSTRİYEL ATIK BERTARAF TESİSİ ŞİLE,İBB İSTAÇ ENDÜSTRİYEL ATIK BERTARAF TESİSİ ŞİLE,,no slash suffix,domestic_and_regional_project_references,138,136,left,black,catalogue_extracted_not_currently_verified,"Catalogue wording retained. Line wraps were reconstructed from the PDF layout; names, locations, project status and customer relationships were not externally verified."
528,İBN HALDUN ÜNİVERSİTESİ / İSTANBUL,İBN HALDUN ÜNİVERSİTESİ / İSTANBUL,İBN HALDUN ÜNİVERSİTESİ,İSTANBUL,last slash suffix only; not externally verified,domestic_and_regional_project_references,138,136,left,black,catalogue_extracted_not_currently_verified,"Catalogue wording retained. Line wraps were reconstructed from the PDF layout; names, locations, project status and customer relationships were not externally verified."
529,İÇDAŞ ÇELİK ENERJİ / İSTANBUL,İÇDAŞ ÇELİK ENERJİ / İSTANBUL,İÇDAŞ ÇELİK ENERJİ,İSTANBUL,last slash suffix only; not externally verified,domestic_and_regional_project_references,138,136,left,black,catalogue_extracted_not_currently_verified,"Catalogue wording retained. Line wraps were reconstructed from the PDF layout; names, locations, project status and customer relationships were not externally verified."
530,İÇDAŞ ÇELİK ENERJİ BİGA FABRİKASI / ÇANAKKALE,İÇDAŞ ÇELİK ENERJİ BİGA FABRİKASI / ÇANAKKALE,İÇDAŞ ÇELİK ENERJİ BİGA FABRİKASI,ÇANAKKALE,last slash suffix only; not externally verified,domestic_and_regional_project_references,138,136,left,black,catalogue_extracted_not_currently_verified,"Catalogue wording retained. Line wraps were reconstructed from the PDF layout; names, locations, project status and customer relationships were not externally verified."
531,İES GALVANİZ FABRİKASI / OSMANİYE,İES GALVANİZ FABRİKASI / OSMANİYE,İES GALVANİZ FABRİKASI,OSMANİYE,last slash suffix only; not externally verified,domestic_and_regional_project_references,138,136,left,black,catalogue_extracted_not_currently_verified,"Catalogue wording retained. Line wraps were reconstructed from the PDF layout; names, locations, project status and customer relationships were not externally verified."
532,İGA DO9-02 KAR TEMİZLEME BİNASI / İSTANBUL,İGA DO9-02 KAR TEMİZLEME BİNASI / İSTANBUL,İGA DO9-02 KAR TEMİZLEME BİNASI,İSTANBUL,last slash suffix only; not externally verified,domestic_and_regional_project_references,138,136,left,black,catalogue_extracted_not_currently_verified,"Catalogue wording retained. Line wraps were reconstructed from the PDF layout; names, locations, project status and customer relationships were not externally verified."
533,İKİTELLİ ATAKÖY METRO / İSTANBUL,İKİTELLİ ATAKÖY METRO / İSTANBUL,İKİTELLİ ATAKÖY METRO,İSTANBUL,last slash suffix only; not externally verified,domestic_and_regional_project_references,138,136,left,black,catalogue_extracted_not_currently_verified,"Catalogue wording retained. Line wraps were reconstructed from the PDF layout; names, locations, project status and customer relationships were not externally verified."
534,İKİZ KONAKLAR BEYLÜZDÜZÜ / İSTANBUL,İKİZ KONAKLAR BEYLÜZDÜZÜ / İSTANBUL,İKİZ KONAKLAR BEYLÜZDÜZÜ,İSTANBUL,last slash suffix only; not externally verified,domestic_and_regional_project_references,138,136,left,black,catalogue_extracted_not_currently_verified,"Catalogue wording retained. Line wraps were reconstructed from the PDF layout; names, locations, project status and customer relationships were not externally verified."
535,İLİÇ ÇÖPLER ALTIN MADENİ / ERZİNCAN,İLİÇ ÇÖPLER ALTIN MADENİ / ERZİNCAN,İLİÇ ÇÖPLER ALTIN MADENİ,ERZİNCAN,last slash suffix only; not externally verified,domestic_and_regional_project_references,138,136,left,black,catalogue_extracted_not_currently_verified,"Catalogue wording retained. Line wraps were reconstructed from the PDF layout; names, locations, project status and customer relationships were not externally verified."
536,İLLER BANKASI ATAŞEHİR OFİS BİNASI / İSTANBUL,İLLER BANKASI ATAŞEHİR OFİS BİNASI / İSTANBUL,İLLER BANKASI ATAŞEHİR OFİS BİNASI,İSTANBUL,last slash suffix only; not externally verified,domestic_and_regional_project_references,138,136,left,black,catalogue_extracted_not_currently_verified,"Catalogue wording retained. Line wraps were reconstructed from the PDF layout; names, locations, project status and customer relationships were not externally verified."
537,İNCİ AKÜ FABRİKASI / MANİSA,İNCİ AKÜ FABRİKASI / MANİSA,İNCİ AKÜ FABRİKASI,MANİSA,last slash suffix only; not externally verified,domestic_and_regional_project_references,138,136,left,black,catalogue_extracted_not_currently_verified,"Catalogue wording retained. Line wraps were reconstructed from the PDF layout; names, locations, project status and customer relationships were not externally verified."
538,İNKA TUZLA FABRİKASI / İSTANBUL,İNKA TUZLA FABRİKASI / İSTANBUL,İNKA TUZLA FABRİKASI,İSTANBUL,last slash suffix only; not externally verified,domestic_and_regional_project_references,138,136,left,black,catalogue_extracted_not_currently_verified,"Catalogue wording retained. Line wraps were reconstructed from the PDF layout; names, locations, project status and customer relationships were not externally verified."
539,İNLİFE ATAŞEHİR EVLERİ / İSTANBUL,İNLİFE ATAŞEHİR EVLERİ / İSTANBUL,İNLİFE ATAŞEHİR EVLERİ,İSTANBUL,last slash suffix only; not externally verified,domestic_and_regional_project_references,138,136,left,black,catalogue_extracted_not_currently_verified,"Catalogue wording retained. Line wraps were reconstructed from the PDF layout; names, locations, project status and customer relationships were not externally verified."
540,İNNOVİA ISPARTAKULE AVM / İSTANBUL,İNNOVİA ISPARTAKULE AVM / İSTANBUL,İNNOVİA ISPARTAKULE AVM,İSTANBUL,last slash suffix only; not externally verified,domestic_and_regional_project_references,138,136,left,black,catalogue_extracted_not_currently_verified,"Catalogue wording retained. Line wraps were reconstructed from the PDF layout; names, locations, project status and customer relationships were not externally verified."
541,İNNOVİA ISPARTAKULE KONUTLARI / İSTANBUL,İNNOVİA ISPARTAKULE KONUTLARI / İSTANBUL,İNNOVİA ISPARTAKULE KONUTLARI,İSTANBUL,last slash suffix only; not externally verified,domestic_and_regional_project_references,138,136,left,black,catalogue_extracted_not_currently_verified,"Catalogue wording retained. Line wraps were reconstructed from the PDF layout; names, locations, project status and customer relationships were not externally verified."
542,İPEK KAĞIT SAN. VE TİC. A.Ş. FABRİKASI / MANİSA,İPEK KAĞIT SAN. VE TİC. A.Ş. FABRİKASI / MANİSA,İPEK KAĞIT SAN. VE TİC. A.Ş. FABRİKASI,MANİSA,last slash suffix only; not externally verified,domestic_and_regional_project_references,138,136,left,black,catalogue_extracted_not_currently_verified,"Catalogue wording retained. Line wraps were reconstructed from the PDF layout; names, locations, project status and customer relationships were not externally verified."
543,İPSALA ATIKSU ARITMA TESİSİ / EDİRNE,İPSALA ATIKSU ARITMA TESİSİ / EDİRNE,İPSALA ATIKSU ARITMA TESİSİ,EDİRNE,last slash suffix only; not externally verified,domestic_and_regional_project_references,138,136,right,black,catalogue_extracted_not_currently_verified,"Catalogue wording retained. Line wraps were reconstructed from the PDF layout; names, locations, project status and customer relationships were not externally verified."
544,İSDEMİR HAMMADDE MANİPÜLASYON HATTI / HATAY,İSDEMİR HAMMADDE MANİPÜLASYON HATTI / HATAY,İSDEMİR HAMMADDE MANİPÜLASYON HATTI,HATAY,last slash suffix only; not externally verified,domestic_and_regional_project_references,138,136,right,black,catalogue_extracted_not_currently_verified,"Catalogue wording retained. Line wraps were reconstructed from the PDF layout; names, locations, project status and customer relationships were not externally verified."
545,İSDEMİR PAYASİ İÇME SUYU TESİSİ ve YAKIT TANKLARI / HATAY,İSDEMİR PAYASİ İÇME SUYU TESİSİ ve YAKIT TANKLARI / HATAY,İSDEMİR PAYASİ İÇME SUYU TESİSİ ve YAKIT TANKLARI,HATAY,last slash suffix only; not externally verified,domestic_and_regional_project_references,138,136,right,black,catalogue_extracted_not_currently_verified,"Catalogue wording retained. Line wraps were reconstructed from the PDF layout; names, locations, project status and customer relationships were not externally verified."
546,İSHAKOĞLU İLKÖĞRETİM OKULU / İSTANBUL,İSHAKOĞLU İLKÖĞRETİM OKULU / İSTANBUL,İSHAKOĞLU İLKÖĞRETİM OKULU,İSTANBUL,last slash suffix only; not externally verified,domestic_and_regional_project_references,138,136,right,black,catalogue_extracted_not_currently_verified,"Catalogue wording retained. Line wraps were reconstructed from the PDF layout; names, locations, project status and customer relationships were not externally verified."
547,İSKENDERUN DEMİR ÇELİK FABRİKALARI / HATAY,İSKENDERUN DEMİR ÇELİK FABRİKALARI / HATAY,İSKENDERUN DEMİR ÇELİK FABRİKALARI,HATAY,last slash suffix only; not externally verified,domestic_and_regional_project_references,138,136,right,black,catalogue_extracted_not_currently_verified,"Catalogue wording retained. Line wraps were reconstructed from the PDF layout; names, locations, project status and customer relationships were not externally verified."
548,İSKENDERUN KOÇ GREEN PARK KONUT / HATAY,İSKENDERUN KOÇ GREEN PARK KONUT / HATAY,İSKENDERUN KOÇ GREEN PARK KONUT,HATAY,last slash suffix only; not externally verified,domestic_and_regional_project_references,138,136,right,black,catalogue_extracted_not_currently_verified,"Catalogue wording retained. Line wraps were reconstructed from the PDF layout; names, locations, project status and customer relationships were not externally verified."
549,İSKENDERUN PARK FORBES,İSKENDERUN PARK FORBES,İSKENDERUN PARK FORBES,,no slash suffix,domestic_and_regional_project_references,138,136,right,black,catalogue_extracted_not_currently_verified,"Catalogue wording retained. Line wraps were reconstructed from the PDF layout; names, locations, project status and customer relationships were not externally verified."
550,İSKİ ÖMERLİ / İSTANBUL,İSKİ ÖMERLİ / İSTANBUL,İSKİ ÖMERLİ,İSTANBUL,last slash suffix only; not externally verified,domestic_and_regional_project_references,138,136,right,black,catalogue_extracted_not_currently_verified,"Catalogue wording retained. Line wraps were reconstructed from the PDF layout; names, locations, project status and customer relationships were not externally verified."
551,İSKİ SİLİVRİ TERFİ İSTASYONU / İSTANBUL,İSKİ SİLİVRİ TERFİ İSTASYONU / İSTANBUL,İSKİ SİLİVRİ TERFİ İSTASYONU,İSTANBUL,last slash suffix only; not externally verified,domestic_and_regional_project_references,138,136,right,black,catalogue_extracted_not_currently_verified,"Catalogue wording retained. Line wraps were reconstructed from the PDF layout; names, locations, project status and customer relationships were not externally verified."
552,İSKİ TUZLA İLERİ BİYOLOJİK AAT / İSTANBUL,İSKİ TUZLA İLERİ BİYOLOJİK AAT / İSTANBUL,İSKİ TUZLA İLERİ BİYOLOJİK AAT,İSTANBUL,last slash suffix only; not externally verified,domestic_and_regional_project_references,138,136,right,black,catalogue_extracted_not_currently_verified,"Catalogue wording retained. Line wraps were reconstructed from the PDF layout; names, locations, project status and customer relationships were not externally verified."
553,İSTANBUL 3. KÖPRÜ,İSTANBUL 3. KÖPRÜ,İSTANBUL 3. KÖPRÜ,,no slash suffix,domestic_and_regional_project_references,138,136,right,black,catalogue_extracted_not_currently_verified,"Catalogue wording retained. Line wraps were reconstructed from the PDF layout; names, locations, project status and customer relationships were not externally verified."
554,İSTANBUL 3.HAVAALANI,İSTANBUL 3.HAVAALANI,İSTANBUL 3.HAVAALANI,,no slash suffix,domestic_and_regional_project_references,138,136,right,black,catalogue_extracted_not_currently_verified,"Catalogue wording retained. Line wraps were reconstructed from the PDF layout; names, locations, project status and customer relationships were not externally verified."
555,İSTANBUL DERİ OSB MÜDÜRLÜĞÜ,İSTANBUL DERİ OSB MÜDÜRLÜĞÜ,İSTANBUL DERİ OSB MÜDÜRLÜĞÜ,,no slash suffix,domestic_and_regional_project_references,138,136,right,black,catalogue_extracted_not_currently_verified,"Catalogue wording retained. Line wraps were reconstructed from the PDF layout; names, locations, project status and customer relationships were not externally verified."
556,İSTANBUL FİNANS MERKEZİ BORSA İSTANBUL BİNASI,İSTANBUL FİNANS MERKEZİ BORSA İSTANBUL BİNASI,İSTANBUL FİNANS MERKEZİ BORSA İSTANBUL BİNASI,,no slash suffix,domestic_and_regional_project_references,138,136,right,black,catalogue_extracted_not_currently_verified,"Catalogue wording retained. Line wraps were reconstructed from the PDF layout; names, locations, project status and customer relationships were not externally verified."
557,İSTANBUL FİNANS MERKEZİ İŞ GYO BİNASI,İSTANBUL FİNANS MERKEZİ İŞ GYO BİNASI,İSTANBUL FİNANS MERKEZİ İŞ GYO BİNASI,,no slash suffix,domestic_and_regional_project_references,138,136,right,black,catalogue_extracted_not_currently_verified,"Catalogue wording retained. Line wraps were reconstructed from the PDF layout; names, locations, project status and customer relationships were not externally verified."
558,İSTANBUL FİNANS MERKEZİ MERKEZ BANKASI BİNASI,İSTANBUL FİNANS MERKEZİ MERKEZ BANKASI BİNASI,İSTANBUL FİNANS MERKEZİ MERKEZ BANKASI BİNASI,,no slash suffix,domestic_and_regional_project_references,138,136,right,black,catalogue_extracted_not_currently_verified,"Catalogue wording retained. Line wraps were reconstructed from the PDF layout; names, locations, project status and customer relationships were not externally verified."
559,İSTANBUL MEDENİYET ÜNİVERSİTESİ TUZLA ORHANLI KAMPÜSÜ,İSTANBUL MEDENİYET ÜNİVERSİTESİ TUZLA ORHANLI KAMPÜSÜ,İSTANBUL MEDENİYET ÜNİVERSİTESİ TUZLA ORHANLI KAMPÜSÜ,,no slash suffix,domestic_and_regional_project_references,138,136,right,black,catalogue_extracted_not_currently_verified,"Catalogue wording retained. Line wraps were reconstructed from the PDF layout; names, locations, project status and customer relationships were not externally verified."
560,İSTANBUL PANAROMA EVLERİ,İSTANBUL PANAROMA EVLERİ,İSTANBUL PANAROMA EVLERİ,,no slash suffix,domestic_and_regional_project_references,138,136,right,black,catalogue_extracted_not_currently_verified,"Catalogue wording retained. Line wraps were reconstructed from the PDF layout; names, locations, project status and customer relationships were not externally verified."
561,İSTANBUL TOWER LEVENT,İSTANBUL TOWER LEVENT,İSTANBUL TOWER LEVENT,,no slash suffix,domestic_and_regional_project_references,138,136,right,black,catalogue_extracted_not_currently_verified,"Catalogue wording retained. Line wraps were reconstructed from the PDF layout; names, locations, project status and customer relationships were not externally verified."
562,İŞ BANKASI ŞUBELERİ (TÜRKİYE GENELİ),İŞ BANKASI ŞUBELERİ (TÜRKİYE GENELİ),İŞ BANKASI ŞUBELERİ (TÜRKİYE GENELİ),,no slash suffix,domestic_and_regional_project_references,138,136,right,black,catalogue_extracted_not_currently_verified,"Catalogue wording retained. Line wraps were reconstructed from the PDF layout; names, locations, project status and customer relationships were not externally verified."
563,İTÜ LOJMAN BİNASI / İSTANBUL,İTÜ LOJMAN BİNASI / İSTANBUL,İTÜ LOJMAN BİNASI,İSTANBUL,last slash suffix only; not externally verified,domestic_and_regional_project_references,138,136,right,black,catalogue_extracted_not_currently_verified,"Catalogue wording retained. Line wraps were reconstructed from the PDF layout; names, locations, project status and customer relationships were not externally verified."
564,İZMİR BELKAHVE TÜNELİ,İZMİR BELKAHVE TÜNELİ,İZMİR BELKAHVE TÜNELİ,,no slash suffix,domestic_and_regional_project_references,138,136,right,black,catalogue_extracted_not_currently_verified,"Catalogue wording retained. Line wraps were reconstructed from the PDF layout; names, locations, project status and customer relationships were not externally verified."
565,İZMİR KENT HASTANESİ,İZMİR KENT HASTANESİ,İZMİR KENT HASTANESİ,,no slash suffix,domestic_and_regional_project_references,138,136,right,black,catalogue_extracted_not_currently_verified,"Catalogue wording retained. Line wraps were reconstructed from the PDF layout; names, locations, project status and customer relationships were not externally verified."
566,İZMİR NATO ÜSSÜ,İZMİR NATO ÜSSÜ,İZMİR NATO ÜSSÜ,,no slash suffix,domestic_and_regional_project_references,138,136,right,black,catalogue_extracted_not_currently_verified,"Catalogue wording retained. Line wraps were reconstructed from the PDF layout; names, locations, project status and customer relationships were not externally verified."
567,İZMİT KENT KONUT / KOCAELİ,İZMİT KENT KONUT / KOCAELİ,İZMİT KENT KONUT,KOCAELİ,last slash suffix only; not externally verified,domestic_and_regional_project_references,138,136,right,black,catalogue_extracted_not_currently_verified,"Catalogue wording retained. Line wraps were reconstructed from the PDF layout; names, locations, project status and customer relationships were not externally verified."
568,İZMİT KÖRFEZ GEÇİŞ KÖPRÜSÜ / YALOVA,İZMİT KÖRFEZ GEÇİŞ KÖPRÜSÜ / YALOVA,İZMİT KÖRFEZ GEÇİŞ KÖPRÜSÜ,YALOVA,last slash suffix only; not externally verified,domestic_and_regional_project_references,138,136,right,black,catalogue_extracted_not_currently_verified,"Catalogue wording retained. Line wraps were reconstructed from the PDF layout; names, locations, project status and customer relationships were not externally verified."
569,İZMİT PLANETARYUM SANAL GERÇEKLİK KÜRESİ / KOCAELİ,İZMİT PLANETARYUM SANAL GERÇEKLİK KÜRESİ / KOCAELİ,İZMİT PLANETARYUM SANAL GERÇEKLİK KÜRESİ,KOCAELİ,last slash suffix only; not externally verified,domestic_and_regional_project_references,138,136,right,black,catalogue_extracted_not_currently_verified,"Catalogue wording retained. Line wraps were reconstructed from the PDF layout; names, locations, project status and customer relationships were not externally verified."
570,KABATAŞ MAHMUTBEY METRO / İSTANBUL,KABATAŞ MAHMUTBEY METRO / İSTANBUL,KABATAŞ MAHMUTBEY METRO,İSTANBUL,last slash suffix only; not externally verified,domestic_and_regional_project_references,138,136,right,black,catalogue_extracted_not_currently_verified,"Catalogue wording retained. Line wraps were reconstructed from the PDF layout; names, locations, project status and customer relationships were not externally verified."
571,KABİL - DARULAMA SARAYI ARASI YOL YAPIM / AFGANİSTAN,KABİL - DARULAMA SARAYI ARASI YOL YAPIM / AFGANİSTAN,KABİL - DARULAMA SARAYI ARASI YOL YAPIM,AFGANİSTAN,last slash suffix only; not externally verified,domestic_and_regional_project_references,138,136,right,black,catalogue_extracted_not_currently_verified,"Catalogue wording retained. Line wraps were reconstructed from the PDF layout; names, locations, project status and customer relationships were not externally verified."
572,KADIKÖY ANADOLU LİSESİ / İSTANBUL,KADIKÖY ANADOLU LİSESİ / İSTANBUL,KADIKÖY ANADOLU LİSESİ,İSTANBUL,last slash suffix only; not externally verified,domestic_and_regional_project_references,138,136,right,black,catalogue_extracted_not_currently_verified,"Catalogue wording retained. Line wraps were reconstructed from the PDF layout; names, locations, project status and customer relationships were not externally verified."
573,KADİRLİ ATIKSU ARITMA TESİSİ / OSMANİYE,KADİRLİ ATIKSU ARITMA TESİSİ / OSMANİYE,KADİRLİ ATIKSU ARITMA TESİSİ,OSMANİYE,last slash suffix only; not externally verified,domestic_and_regional_project_references,138,136,right,black,catalogue_extracted_not_currently_verified,"Catalogue wording retained. Line wraps were reconstructed from the PDF layout; names, locations, project status and customer relationships were not externally verified."
574,KAHİRE HAVAALANI / MISIR,KAHİRE HAVAALANI / MISIR,KAHİRE HAVAALANI,MISIR,last slash suffix only; not externally verified,domestic_and_regional_project_references,138,136,right,black,catalogue_extracted_not_currently_verified,"Catalogue wording retained. Line wraps were reconstructed from the PDF layout; names, locations, project status and customer relationships were not externally verified."
575,KAHTA ATIKSU ARITMA TESİSİ / ADIYAMAN,KAHTA ATIKSU ARITMA TESİSİ / ADIYAMAN,KAHTA ATIKSU ARITMA TESİSİ,ADIYAMAN,last slash suffix only; not externally verified,domestic_and_regional_project_references,138,136,right,black,catalogue_extracted_not_currently_verified,"Catalogue wording retained. Line wraps were reconstructed from the PDF layout; names, locations, project status and customer relationships were not externally verified."
576,KALEKİM FABRİKA / BALIKESİR,KALEKİM FABRİKA / BALIKESİR,KALEKİM FABRİKA,BALIKESİR,last slash suffix only; not externally verified,domestic_and_regional_project_references,138,136,right,black,catalogue_extracted_not_currently_verified,"Catalogue wording retained. Line wraps were reconstructed from the PDF layout; names, locations, project status and customer relationships were not externally verified."
577,KANDIRA BELEDİYESİ KÜLTÜR MERKEZİ / KOCAELİ,KANDIRA BELEDİYESİ KÜLTÜR MERKEZİ / KOCAELİ,KANDIRA BELEDİYESİ KÜLTÜR MERKEZİ,KOCAELİ,last slash suffix only; not externally verified,domestic_and_regional_project_references,138,136,right,black,catalogue_extracted_not_currently_verified,"Catalogue wording retained. Line wraps were reconstructed from the PDF layout; names, locations, project status and customer relationships were not externally verified."
578,KAPİ KAUÇUK TUZLA / İSTANBUL,KAPİ KAUÇUK TUZLA / İSTANBUL,KAPİ KAUÇUK TUZLA,İSTANBUL,last slash suffix only; not externally verified,domestic_and_regional_project_references,138,136,right,black,catalogue_extracted_not_currently_verified,"Catalogue wording retained. Line wraps were reconstructed from the PDF layout; names, locations, project status and customer relationships were not externally verified."
579,KARADAĞ RES ALİAĞA / İZMİR,KARADAĞ RES ALİAĞA / İZMİR,KARADAĞ RES ALİAĞA,İZMİR,last slash suffix only; not externally verified,domestic_and_regional_project_references,138,136,right,black,catalogue_extracted_not_currently_verified,"Catalogue wording retained. Line wraps were reconstructed from the PDF layout; names, locations, project status and customer relationships were not externally verified."
580,KARAMAN GES,KARAMAN GES,KARAMAN GES,,no slash suffix,domestic_and_regional_project_references,138,136,right,black,catalogue_extracted_not_currently_verified,"Catalogue wording retained. Line wraps were reconstructed from the PDF layout; names, locations, project status and customer relationships were not externally verified."
581,KARAPINAR ATIKSU ARITMA TESİSİ / KONYA,KARAPINAR ATIKSU ARITMA TESİSİ / KONYA,KARAPINAR ATIKSU ARITMA TESİSİ,KONYA,last slash suffix only; not externally verified,domestic_and_regional_project_references,138,136,right,black,catalogue_extracted_not_currently_verified,"Catalogue wording retained. Line wraps were reconstructed from the PDF layout; names, locations, project status and customer relationships were not externally verified."
582,KARASU ATIKSU ARITMA TESİSİ / SAKARYA,KARASU ATIKSU ARITMA TESİSİ / SAKARYA,KARASU ATIKSU ARITMA TESİSİ,SAKARYA,last slash suffix only; not externally verified,domestic_and_regional_project_references,138,136,right,black,catalogue_extracted_not_currently_verified,"Catalogue wording retained. Line wraps were reconstructed from the PDF layout; names, locations, project status and customer relationships were not externally verified."
583,KARAT34 BAHÇELİEVLER / İSTANBUL,KARAT34 BAHÇELİEVLER / İSTANBUL,KARAT34 BAHÇELİEVLER,İSTANBUL,last slash suffix only; not externally verified,domestic_and_regional_project_references,138,136,right,black,catalogue_extracted_not_currently_verified,"Catalogue wording retained. Line wraps were reconstructed from the PDF layout; names, locations, project status and customer relationships were not externally verified."
584,KARATAŞ ATIKSU ARITMA TESİSİ / ADANA,KARATAŞ ATIKSU ARITMA TESİSİ / ADANA,KARATAŞ ATIKSU ARITMA TESİSİ,ADANA,last slash suffix only; not externally verified,domestic_and_regional_project_references,138,136,right,black,catalogue_extracted_not_currently_verified,"Catalogue wording retained. Line wraps were reconstructed from the PDF layout; names, locations, project status and customer relationships were not externally verified."
585,KARDEMİR ÇELİK SAN. A.Ş. / İZMİR,KARDEMİR ÇELİK SAN. A.Ş. / İZMİR,KARDEMİR ÇELİK SAN. A.Ş.,İZMİR,last slash suffix only; not externally verified,domestic_and_regional_project_references,138,136,right,black,catalogue_extracted_not_currently_verified,"Catalogue wording retained. Line wraps were reconstructed from the PDF layout; names, locations, project status and customer relationships were not externally verified."
586,KARİZMA KULE KARTAL / İSTANBUL,KARİZMA KULE KARTAL / İSTANBUL,KARİZMA KULE KARTAL,İSTANBUL,last slash suffix only; not externally verified,domestic_and_regional_project_references,138,136,right,black,catalogue_extracted_not_currently_verified,"Catalogue wording retained. Line wraps were reconstructed from the PDF layout; names, locations, project status and customer relationships were not externally verified."
587,KARTAL EĞİTİM VE ARAŞTIRMA HASTANESİ / İSTANBUL,KARTAL EĞİTİM VE ARAŞTIRMA HASTANESİ / İSTANBUL,KARTAL EĞİTİM VE ARAŞTIRMA HASTANESİ,İSTANBUL,last slash suffix only; not externally verified,domestic_and_regional_project_references,138,136,right,black,catalogue_extracted_not_currently_verified,"Catalogue wording retained. Line wraps were reconstructed from the PDF layout; names, locations, project status and customer relationships were not externally verified."
588,KASABA EVLERİ ÇEKMEKÖY / İSTANBUL,KASABA EVLERİ ÇEKMEKÖY / İSTANBUL,KASABA EVLERİ ÇEKMEKÖY,İSTANBUL,last slash suffix only; not externally verified,domestic_and_regional_project_references,138,136,right,black,catalogue_extracted_not_currently_verified,"Catalogue wording retained. Line wraps were reconstructed from the PDF layout; names, locations, project status and customer relationships were not externally verified."
589,KASTAMONU ENTEGRE FABRİKASI / ADANA,KASTAMONU ENTEGRE FABRİKASI / ADANA,KASTAMONU ENTEGRE FABRİKASI,ADANA,last slash suffix only; not externally verified,domestic_and_regional_project_references,138,136,right,black,catalogue_extracted_not_currently_verified,"Catalogue wording retained. Line wraps were reconstructed from the PDF layout; names, locations, project status and customer relationships were not externally verified."
590,KASTAMONU ENTEGRE FABRİKASI / BALIKESİR,KASTAMONU ENTEGRE FABRİKASI / BALIKESİR,KASTAMONU ENTEGRE FABRİKASI,BALIKESİR,last slash suffix only; not externally verified,domestic_and_regional_project_references,138,136,right,black,catalogue_extracted_not_currently_verified,"Catalogue wording retained. Line wraps were reconstructed from the PDF layout; names, locations, project status and customer relationships were not externally verified."
591,KASTAMONU ENTEGRE FABRİKASI / KOCAELİ,KASTAMONU ENTEGRE FABRİKASI / KOCAELİ,KASTAMONU ENTEGRE FABRİKASI,KOCAELİ,last slash suffix only; not externally verified,domestic_and_regional_project_references,138,136,right,black,catalogue_extracted_not_currently_verified,"Catalogue wording retained. Line wraps were reconstructed from the PDF layout; names, locations, project status and customer relationships were not externally verified."
592,KASTAMONU ENTEGRE FABRİKASI / SAMSUN,KASTAMONU ENTEGRE FABRİKASI / SAMSUN,KASTAMONU ENTEGRE FABRİKASI,SAMSUN,last slash suffix only; not externally verified,domestic_and_regional_project_references,138,136,right,black,catalogue_extracted_not_currently_verified,"Catalogue wording retained. Line wraps were reconstructed from the PDF layout; names, locations, project status and customer relationships were not externally verified."
593,KASTAMONU ENTEGRE FABRİKASI / TATARİSTAN,KASTAMONU ENTEGRE FABRİKASI / TATARİSTAN,KASTAMONU ENTEGRE FABRİKASI,TATARİSTAN,last slash suffix only; not externally verified,domestic_and_regional_project_references,138,136,right,black,catalogue_extracted_not_currently_verified,"Catalogue wording retained. Line wraps were reconstructed from the PDF layout; names, locations, project status and customer relationships were not externally verified."
594,KAŞINHANI KATI ATIK ENTEGRE TESİSİ / KONYA,KAŞINHANI KATI ATIK ENTEGRE TESİSİ / KONYA,KAŞINHANI KATI ATIK ENTEGRE TESİSİ,KONYA,last slash suffix only; not externally verified,domestic_and_regional_project_references,138,136,right,black,catalogue_extracted_not_currently_verified,"Catalogue wording retained. Line wraps were reconstructed from the PDF layout; names, locations, project status and customer relationships were not externally verified."
595,KAVACIK KIZ YURDU BLOKLARI / İSTANBUL,KAVACIK KIZ YURDU BLOKLARI / İSTANBUL,KAVACIK KIZ YURDU BLOKLARI,İSTANBUL,last slash suffix only; not externally verified,domestic_and_regional_project_references,138,136,right,black,catalogue_extracted_not_currently_verified,"Catalogue wording retained. Line wraps were reconstructed from the PDF layout; names, locations, project status and customer relationships were not externally verified."
596,KAVÇİM ÇİMENTO FABRİKASI / SAMSUN,KAVÇİM ÇİMENTO FABRİKASI / SAMSUN,KAVÇİM ÇİMENTO FABRİKASI,SAMSUN,last slash suffix only; not externally verified,domestic_and_regional_project_references,138,136,right,black,catalogue_extracted_not_currently_verified,"Catalogue wording retained. Line wraps were reconstructed from the PDF layout; names, locations, project status and customer relationships were not externally verified."
597,KAYSERİ KASKİ ATIKSI ARITMA TESİSİ,KAYSERİ KASKİ ATIKSI ARITMA TESİSİ,KAYSERİ KASKİ ATIKSI ARITMA TESİSİ,,no slash suffix,domestic_and_regional_project_references,139,137,left,black,catalogue_extracted_not_currently_verified,"Catalogue wording retained. Line wraps were reconstructed from the PDF layout; names, locations, project status and customer relationships were not externally verified."
598,KAYSERİ MOBİLYACILAR GES,KAYSERİ MOBİLYACILAR GES,KAYSERİ MOBİLYACILAR GES,,no slash suffix,domestic_and_regional_project_references,139,137,left,black,catalogue_extracted_not_currently_verified,"Catalogue wording retained. Line wraps were reconstructed from the PDF layout; names, locations, project status and customer relationships were not externally verified."
599,KAYSERİ RAYLI TAŞIMA SİSTEMİ TRAMVAY HATTI,KAYSERİ RAYLI TAŞIMA SİSTEMİ TRAMVAY HATTI,KAYSERİ RAYLI TAŞIMA SİSTEMİ TRAMVAY HATTI,,no slash suffix,domestic_and_regional_project_references,139,137,left,black,catalogue_extracted_not_currently_verified,"Catalogue wording retained. Line wraps were reconstructed from the PDF layout; names, locations, project status and customer relationships were not externally verified."
600,KAZAKİSTAN AKTAU GOLF VİLLALARI & GOLF CLUB,KAZAKİSTAN AKTAU GOLF VİLLALARI & GOLF CLUB,KAZAKİSTAN AKTAU GOLF VİLLALARI & GOLF CLUB,,no slash suffix,domestic_and_regional_project_references,139,137,left,black,catalogue_extracted_not_currently_verified,"Catalogue wording retained. Line wraps were reconstructed from the PDF layout; names, locations, project status and customer relationships were not externally verified."
601,KAZAKİSTAN AKTAU TEMA PARK,KAZAKİSTAN AKTAU TEMA PARK,KAZAKİSTAN AKTAU TEMA PARK,,no slash suffix,domestic_and_regional_project_references,139,137,left,black,catalogue_extracted_not_currently_verified,"Catalogue wording retained. Line wraps were reconstructed from the PDF layout; names, locations, project status and customer relationships were not externally verified."
602,KAZAKİSTAN TALDYKOL ARITMA TESİSİ 5.FAZ,KAZAKİSTAN TALDYKOL ARITMA TESİSİ 5.FAZ,KAZAKİSTAN TALDYKOL ARITMA TESİSİ 5.FAZ,,no slash suffix,domestic_and_regional_project_references,139,137,left,black,catalogue_extracted_not_currently_verified,"Catalogue wording retained. Line wraps were reconstructed from the PDF layout; names, locations, project status and customer relationships were not externally verified."
603,KAZAN SODA ELEKTRİK / ANKARA,KAZAN SODA ELEKTRİK / ANKARA,KAZAN SODA ELEKTRİK,ANKARA,last slash suffix only; not externally verified,domestic_and_regional_project_references,139,137,left,black,catalogue_extracted_not_currently_verified,"Catalogue wording retained. Line wraps were reconstructed from the PDF layout; names, locations, project status and customer relationships were not externally verified."
604,KCC BOYA GEBZE FABRİKASI / KOCAELİ,KCC BOYA GEBZE FABRİKASI / KOCAELİ,KCC BOYA GEBZE FABRİKASI,KOCAELİ,last slash suffix only; not externally verified,domestic_and_regional_project_references,139,137,left,black,catalogue_extracted_not_currently_verified,"Catalogue wording retained. Line wraps were reconstructed from the PDF layout; names, locations, project status and customer relationships were not externally verified."
605,KEMALİYE JES / MANİSA,KEMALİYE JES / MANİSA,KEMALİYE JES,MANİSA,last slash suffix only; not externally verified,domestic_and_regional_project_references,139,137,left,black,catalogue_extracted_not_currently_verified,"Catalogue wording retained. Line wraps were reconstructed from the PDF layout; names, locations, project status and customer relationships were not externally verified."
606,KERBELA 400 YATAKLI HASTANE / IRAK,KERBELA 400 YATAKLI HASTANE / IRAK,KERBELA 400 YATAKLI HASTANE,IRAK,last slash suffix only; not externally verified,domestic_and_regional_project_references,139,137,left,black,catalogue_extracted_not_currently_verified,"Catalogue wording retained. Line wraps were reconstructed from the PDF layout; names, locations, project status and customer relationships were not externally verified."
607,KIBRIS ÜNİVERSİTESİ / KKTC,KIBRIS ÜNİVERSİTESİ / KKTC,KIBRIS ÜNİVERSİTESİ,KKTC,last slash suffix only; not externally verified,domestic_and_regional_project_references,139,137,left,black,catalogue_extracted_not_currently_verified,"Catalogue wording retained. Line wraps were reconstructed from the PDF layout; names, locations, project status and customer relationships were not externally verified."
608,KIRIKHAN ATIKSU ARITMA TESİSİ / HATAY,KIRIKHAN ATIKSU ARITMA TESİSİ / HATAY,KIRIKHAN ATIKSU ARITMA TESİSİ,HATAY,last slash suffix only; not externally verified,domestic_and_regional_project_references,139,137,left,black,catalogue_extracted_not_currently_verified,"Catalogue wording retained. Line wraps were reconstructed from the PDF layout; names, locations, project status and customer relationships were not externally verified."
609,KIRKAĞAÇ RES / MANİSA,KIRKAĞAÇ RES / MANİSA,KIRKAĞAÇ RES,MANİSA,last slash suffix only; not externally verified,domestic_and_regional_project_references,139,137,left,black,catalogue_extracted_not_currently_verified,"Catalogue wording retained. Line wraps were reconstructed from the PDF layout; names, locations, project status and customer relationships were not externally verified."
610,KIYI EMNİYET GENEL MÜD. FLORYA / İSTANBUL,KIYI EMNİYET GENEL MÜD. FLORYA / İSTANBUL,KIYI EMNİYET GENEL MÜD. FLORYA,İSTANBUL,last slash suffix only; not externally verified,domestic_and_regional_project_references,139,137,left,black,catalogue_extracted_not_currently_verified,"Catalogue wording retained. Line wraps were reconstructed from the PDF layout; names, locations, project status and customer relationships were not externally verified."
611,KIZILCAHAMAM ATIKSU ARITMA TESİSİ / ANKARA,KIZILCAHAMAM ATIKSU ARITMA TESİSİ / ANKARA,KIZILCAHAMAM ATIKSU ARITMA TESİSİ,ANKARA,last slash suffix only; not externally verified,domestic_and_regional_project_references,139,137,left,black,catalogue_extracted_not_currently_verified,"Catalogue wording retained. Line wraps were reconstructed from the PDF layout; names, locations, project status and customer relationships were not externally verified."
612,KIZILORDA HAVALİMANI / KAZAKİSTAN,KIZILORDA HAVALİMANI / KAZAKİSTAN,KIZILORDA HAVALİMANI,KAZAKİSTAN,last slash suffix only; not externally verified,domestic_and_regional_project_references,139,137,left,black,catalogue_extracted_not_currently_verified,"Catalogue wording retained. Line wraps were reconstructed from the PDF layout; names, locations, project status and customer relationships were not externally verified."
613,KIZKALESİ ATIKSU ARITMA TESİSİ / MERSİN,KIZKALESİ ATIKSU ARITMA TESİSİ / MERSİN,KIZKALESİ ATIKSU ARITMA TESİSİ,MERSİN,last slash suffix only; not externally verified,domestic_and_regional_project_references,139,137,left,black,catalogue_extracted_not_currently_verified,"Catalogue wording retained. Line wraps were reconstructed from the PDF layout; names, locations, project status and customer relationships were not externally verified."
614,KİEV BORYSPİL HAVAALANI / UKRAYNA,KİEV BORYSPİL HAVAALANI / UKRAYNA,KİEV BORYSPİL HAVAALANI,UKRAYNA,last slash suffix only; not externally verified,domestic_and_regional_project_references,139,137,left,black,catalogue_extracted_not_currently_verified,"Catalogue wording retained. Line wraps were reconstructed from the PDF layout; names, locations, project status and customer relationships were not externally verified."
615,KİPTAŞ ÇATALCA KONUTLARI / İSTANBUL,KİPTAŞ ÇATALCA KONUTLARI / İSTANBUL,KİPTAŞ ÇATALCA KONUTLARI,İSTANBUL,last slash suffix only; not externally verified,domestic_and_regional_project_references,139,137,left,black,catalogue_extracted_not_currently_verified,"Catalogue wording retained. Line wraps were reconstructed from the PDF layout; names, locations, project status and customer relationships were not externally verified."
616,KİPTAŞ EYÜPSULTAN YEŞİLPINAR EVLERİ / İSTANBUL,KİPTAŞ EYÜPSULTAN YEŞİLPINAR EVLERİ / İSTANBUL,KİPTAŞ EYÜPSULTAN YEŞİLPINAR EVLERİ,İSTANBUL,last slash suffix only; not externally verified,domestic_and_regional_project_references,139,137,left,black,catalogue_extracted_not_currently_verified,"Catalogue wording retained. Line wraps were reconstructed from the PDF layout; names, locations, project status and customer relationships were not externally verified."
617,KİPTAŞ MALTEPE BAŞIBÜYÜK KONUTLARI / İSTANBUL,KİPTAŞ MALTEPE BAŞIBÜYÜK KONUTLARI / İSTANBUL,KİPTAŞ MALTEPE BAŞIBÜYÜK KONUTLARI,İSTANBUL,last slash suffix only; not externally verified,domestic_and_regional_project_references,139,137,left,black,catalogue_extracted_not_currently_verified,"Catalogue wording retained. Line wraps were reconstructed from the PDF layout; names, locations, project status and customer relationships were not externally verified."
618,KİPTAŞ SİLİVRİ KONUTLARI / İSTANBUL,KİPTAŞ SİLİVRİ KONUTLARI / İSTANBUL,KİPTAŞ SİLİVRİ KONUTLARI,İSTANBUL,last slash suffix only; not externally verified,domestic_and_regional_project_references,139,137,left,black,catalogue_extracted_not_currently_verified,"Catalogue wording retained. Line wraps were reconstructed from the PDF layout; names, locations, project status and customer relationships were not externally verified."
619,KİPTAŞ VADİTEPE GÖL EVLERİ / İSTANBUL,KİPTAŞ VADİTEPE GÖL EVLERİ / İSTANBUL,KİPTAŞ VADİTEPE GÖL EVLERİ,İSTANBUL,last slash suffix only; not externally verified,domestic_and_regional_project_references,139,137,left,black,catalogue_extracted_not_currently_verified,"Catalogue wording retained. Line wraps were reconstructed from the PDF layout; names, locations, project status and customer relationships were not externally verified."
620,KİRAZLI BAKIRKÖY METRO / İSTANBUL,KİRAZLI BAKIRKÖY METRO / İSTANBUL,KİRAZLI BAKIRKÖY METRO,İSTANBUL,last slash suffix only; not externally verified,domestic_and_regional_project_references,139,137,left,black,catalogue_extracted_not_currently_verified,"Catalogue wording retained. Line wraps were reconstructed from the PDF layout; names, locations, project status and customer relationships were not externally verified."
621,KKC MARMARAY CR3 / İSTANBUL,KKC MARMARAY CR3 / İSTANBUL,KKC MARMARAY CR3,İSTANBUL,last slash suffix only; not externally verified,domestic_and_regional_project_references,139,137,left,black,catalogue_extracted_not_currently_verified,"Catalogue wording retained. Line wraps were reconstructed from the PDF layout; names, locations, project status and customer relationships were not externally verified."
622,KM KÜMSAN DİLOVASI FABRİKASI / KOCAELİ,KM KÜMSAN DİLOVASI FABRİKASI / KOCAELİ,KM KÜMSAN DİLOVASI FABRİKASI,KOCAELİ,last slash suffix only; not externally verified,domestic_and_regional_project_references,139,137,left,black,catalogue_extracted_not_currently_verified,"Catalogue wording retained. Line wraps were reconstructed from the PDF layout; names, locations, project status and customer relationships were not externally verified."
623,KOCAELİ ENTEGRE SAĞLIK KAMPÜSÜ,KOCAELİ ENTEGRE SAĞLIK KAMPÜSÜ,KOCAELİ ENTEGRE SAĞLIK KAMPÜSÜ,,no slash suffix,domestic_and_regional_project_references,139,137,left,black,catalogue_extracted_not_currently_verified,"Catalogue wording retained. Line wraps were reconstructed from the PDF layout; names, locations, project status and customer relationships were not externally verified."
624,KOCAELİ İSPAK YENİ BİNA,KOCAELİ İSPAK YENİ BİNA,KOCAELİ İSPAK YENİ BİNA,,no slash suffix,domestic_and_regional_project_references,139,137,left,black,catalogue_extracted_not_currently_verified,"Catalogue wording retained. Line wraps were reconstructed from the PDF layout; names, locations, project status and customer relationships were not externally verified."
625,KOÇ ÜNİVERSİTESİ SAĞLIK BİLİMLERİ KAMPÜSÜ / İSTANBUL,KOÇ ÜNİVERSİTESİ SAĞLIK BİLİMLERİ KAMPÜSÜ / İSTANBUL,KOÇ ÜNİVERSİTESİ SAĞLIK BİLİMLERİ KAMPÜSÜ,İSTANBUL,last slash suffix only; not externally verified,domestic_and_regional_project_references,139,137,left,black,catalogue_extracted_not_currently_verified,"Catalogue wording retained. Line wraps were reconstructed from the PDF layout; names, locations, project status and customer relationships were not externally verified."
626,KOLİN OTEL TUZLA / İSTANBUL,KOLİN OTEL TUZLA / İSTANBUL,KOLİN OTEL TUZLA,İSTANBUL,last slash suffix only; not externally verified,domestic_and_regional_project_references,139,137,left,black,catalogue_extracted_not_currently_verified,"Catalogue wording retained. Line wraps were reconstructed from the PDF layout; names, locations, project status and customer relationships were not externally verified."
627,KONAK HASTANESİ GEBZE / KOCAELİ,KONAK HASTANESİ GEBZE / KOCAELİ,KONAK HASTANESİ GEBZE,KOCAELİ,last slash suffix only; not externally verified,domestic_and_regional_project_references,139,137,left,black,catalogue_extracted_not_currently_verified,"Catalogue wording retained. Line wraps were reconstructed from the PDF layout; names, locations, project status and customer relationships were not externally verified."
628,KONTEK DÜET ÇİFTEHAVUZLAR KONUT / İSTANBUL,KONTEK DÜET ÇİFTEHAVUZLAR KONUT / İSTANBUL,KONTEK DÜET ÇİFTEHAVUZLAR KONUT,İSTANBUL,last slash suffix only; not externally verified,domestic_and_regional_project_references,139,137,left,black,catalogue_extracted_not_currently_verified,"Catalogue wording retained. Line wraps were reconstructed from the PDF layout; names, locations, project status and customer relationships were not externally verified."
629,KONYA KARAPINAR YEKA 1 GES,KONYA KARAPINAR YEKA 1 GES,KONYA KARAPINAR YEKA 1 GES,,no slash suffix,domestic_and_regional_project_references,139,137,left,black,catalogue_extracted_not_currently_verified,"Catalogue wording retained. Line wraps were reconstructed from the PDF layout; names, locations, project status and customer relationships were not externally verified."
630,KORDSA / KOCAELİ,KORDSA / KOCAELİ,KORDSA,KOCAELİ,last slash suffix only; not externally verified,domestic_and_regional_project_references,139,137,left,black,catalogue_extracted_not_currently_verified,"Catalogue wording retained. Line wraps were reconstructed from the PDF layout; names, locations, project status and customer relationships were not externally verified."
631,KORKMAZ MUTFAK EŞYALARI FABRİKASI / İSTANBUL,KORKMAZ MUTFAK EŞYALARI FABRİKASI / İSTANBUL,KORKMAZ MUTFAK EŞYALARI FABRİKASI,İSTANBUL,last slash suffix only; not externally verified,domestic_and_regional_project_references,139,137,left,black,catalogue_extracted_not_currently_verified,"Catalogue wording retained. Line wraps were reconstructed from the PDF layout; names, locations, project status and customer relationships were not externally verified."
632,KORU FLORYA YAŞAM VE TİC. MERKEZİ / İSTANBUL,KORU FLORYA YAŞAM VE TİC. MERKEZİ / İSTANBUL,KORU FLORYA YAŞAM VE TİC. MERKEZİ,İSTANBUL,last slash suffix only; not externally verified,domestic_and_regional_project_references,139,137,left,black,catalogue_extracted_not_currently_verified,"Catalogue wording retained. Line wraps were reconstructed from the PDF layout; names, locations, project status and customer relationships were not externally verified."
633,KORUMA KLOR ALKALİ A.Ş. / KOCAELİ,KORUMA KLOR ALKALİ A.Ş. / KOCAELİ,KORUMA KLOR ALKALİ A.Ş.,KOCAELİ,last slash suffix only; not externally verified,domestic_and_regional_project_references,139,137,left,black,catalogue_extracted_not_currently_verified,"Catalogue wording retained. Line wraps were reconstructed from the PDF layout; names, locations, project status and customer relationships were not externally verified."
634,KORUMA KLOR ALKALİ HİDROJEN PEROKSİT TESİSİ / HATAY,KORUMA KLOR ALKALİ HİDROJEN PEROKSİT TESİSİ / HATAY,KORUMA KLOR ALKALİ HİDROJEN PEROKSİT TESİSİ,HATAY,last slash suffix only; not externally verified,domestic_and_regional_project_references,139,137,left,black,catalogue_extracted_not_currently_verified,"Catalogue wording retained. Line wraps were reconstructed from the PDF layout; names, locations, project status and customer relationships were not externally verified."
635,KOSİFLER İŞ MERKEZİ / İSTANBUL,KOSİFLER İŞ MERKEZİ / İSTANBUL,KOSİFLER İŞ MERKEZİ,İSTANBUL,last slash suffix only; not externally verified,domestic_and_regional_project_references,139,137,left,black,catalogue_extracted_not_currently_verified,"Catalogue wording retained. Line wraps were reconstructed from the PDF layout; names, locations, project status and customer relationships were not externally verified."
636,KOSİFLER OTOMOTİV KAVACIK PLAZA / İSTANBUL,KOSİFLER OTOMOTİV KAVACIK PLAZA / İSTANBUL,KOSİFLER OTOMOTİV KAVACIK PLAZA,İSTANBUL,last slash suffix only; not externally verified,domestic_and_regional_project_references,139,137,left,black,catalogue_extracted_not_currently_verified,"Catalogue wording retained. Line wraps were reconstructed from the PDF layout; names, locations, project status and customer relationships were not externally verified."
637,KOZYATAĞI ANADOLU PLAZA / İSTANBUL,KOZYATAĞI ANADOLU PLAZA / İSTANBUL,KOZYATAĞI ANADOLU PLAZA,İSTANBUL,last slash suffix only; not externally verified,domestic_and_regional_project_references,139,137,left,black,catalogue_extracted_not_currently_verified,"Catalogue wording retained. Line wraps were reconstructed from the PDF layout; names, locations, project status and customer relationships were not externally verified."
638,KOZYATAĞI KONUTLARI / İSTANBUL,KOZYATAĞI KONUTLARI / İSTANBUL,KOZYATAĞI KONUTLARI,İSTANBUL,last slash suffix only; not externally verified,domestic_and_regional_project_references,139,137,left,black,catalogue_extracted_not_currently_verified,"Catalogue wording retained. Line wraps were reconstructed from the PDF layout; names, locations, project status and customer relationships were not externally verified."
639,KÖSTER YAPI KİMYASALLARI A.Ş / KOCAELİ,KÖSTER YAPI KİMYASALLARI A.Ş / KOCAELİ,KÖSTER YAPI KİMYASALLARI A.Ş,KOCAELİ,last slash suffix only; not externally verified,domestic_and_regional_project_references,139,137,left,black,catalogue_extracted_not_currently_verified,"Catalogue wording retained. Line wraps were reconstructed from the PDF layout; names, locations, project status and customer relationships were not externally verified."
640,KRİSTALŞEHİR EVLERİ / İSTANBUL,KRİSTALŞEHİR EVLERİ / İSTANBUL,KRİSTALŞEHİR EVLERİ,İSTANBUL,last slash suffix only; not externally verified,domestic_and_regional_project_references,139,137,left,black,catalogue_extracted_not_currently_verified,"Catalogue wording retained. Line wraps were reconstructed from the PDF layout; names, locations, project status and customer relationships were not externally verified."
641,KULELİ ASKERİ LİSESİ / İSTANBUL,KULELİ ASKERİ LİSESİ / İSTANBUL,KULELİ ASKERİ LİSESİ,İSTANBUL,last slash suffix only; not externally verified,domestic_and_regional_project_references,139,137,left,black,catalogue_extracted_not_currently_verified,"Catalogue wording retained. Line wraps were reconstructed from the PDF layout; names, locations, project status and customer relationships were not externally verified."
642,KULU ATIKSU ARITMA TESİSİ / KONYA,KULU ATIKSU ARITMA TESİSİ / KONYA,KULU ATIKSU ARITMA TESİSİ,KONYA,last slash suffix only; not externally verified,domestic_and_regional_project_references,139,137,left,black,catalogue_extracted_not_currently_verified,"Catalogue wording retained. Line wraps were reconstructed from the PDF layout; names, locations, project status and customer relationships were not externally verified."
643,KURUKAHVECİ MEHMET EFENDİ FABRİKASI / İSTANBUL,KURUKAHVECİ MEHMET EFENDİ FABRİKASI / İSTANBUL,KURUKAHVECİ MEHMET EFENDİ FABRİKASI,İSTANBUL,last slash suffix only; not externally verified,domestic_and_regional_project_references,139,137,left,black,catalogue_extracted_not_currently_verified,"Catalogue wording retained. Line wraps were reconstructed from the PDF layout; names, locations, project status and customer relationships were not externally verified."
644,KUŞADASI EFES KONGRE VE FUAR MERKEZİ / AYDIN,KUŞADASI EFES KONGRE VE FUAR MERKEZİ / AYDIN,KUŞADASI EFES KONGRE VE FUAR MERKEZİ,AYDIN,last slash suffix only; not externally verified,domestic_and_regional_project_references,139,137,left,black,catalogue_extracted_not_currently_verified,"Catalogue wording retained. Line wraps were reconstructed from the PDF layout; names, locations, project status and customer relationships were not externally verified."
645,KUYUCAK RES / MANİSA,KUYUCAK RES / MANİSA,KUYUCAK RES,MANİSA,last slash suffix only; not externally verified,domestic_and_regional_project_references,139,137,left,black,catalogue_extracted_not_currently_verified,"Catalogue wording retained. Line wraps were reconstructed from the PDF layout; names, locations, project status and customer relationships were not externally verified."
646,KUYUMCUKENT / İSTANBUL,KUYUMCUKENT / İSTANBUL,KUYUMCUKENT,İSTANBUL,last slash suffix only; not externally verified,domestic_and_regional_project_references,139,137,left,black,catalogue_extracted_not_currently_verified,"Catalogue wording retained. Line wraps were reconstructed from the PDF layout; names, locations, project status and customer relationships were not externally verified."
647,KUZEY MARMARA OTOYOLU,KUZEY MARMARA OTOYOLU,KUZEY MARMARA OTOYOLU,,no slash suffix,domestic_and_regional_project_references,139,137,left,black,catalogue_extracted_not_currently_verified,"Catalogue wording retained. Line wraps were reconstructed from the PDF layout; names, locations, project status and customer relationships were not externally verified."
648,KÜTAHYA E TİPİ CEZAEVİ,KÜTAHYA E TİPİ CEZAEVİ,KÜTAHYA E TİPİ CEZAEVİ,,no slash suffix,domestic_and_regional_project_references,139,137,left,black,catalogue_extracted_not_currently_verified,"Catalogue wording retained. Line wraps were reconstructed from the PDF layout; names, locations, project status and customer relationships were not externally verified."
649,LA LORRAINE FABRİKASI / İZMİR,LA LORRAINE FABRİKASI / İZMİR,LA LORRAINE FABRİKASI,İZMİR,last slash suffix only; not externally verified,domestic_and_regional_project_references,139,137,left,black,catalogue_extracted_not_currently_verified,"Catalogue wording retained. Line wraps were reconstructed from the PDF layout; names, locations, project status and customer relationships were not externally verified."
650,LANSINOH KREM FABRİKASI / İZMİR,LANSINOH KREM FABRİKASI / İZMİR,LANSINOH KREM FABRİKASI,İZMİR,last slash suffix only; not externally verified,domestic_and_regional_project_references,139,137,left,black,catalogue_extracted_not_currently_verified,"Catalogue wording retained. Line wraps were reconstructed from the PDF layout; names, locations, project status and customer relationships were not externally verified."
651,LAPINO HOSPITAL MOSKOVA / RUSYA,LAPINO HOSPITAL MOSKOVA / RUSYA,LAPINO HOSPITAL MOSKOVA,RUSYA,last slash suffix only; not externally verified,domestic_and_regional_project_references,139,137,right,black,catalogue_extracted_not_currently_verified,"Catalogue wording retained. Line wraps were reconstructed from the PDF layout; names, locations, project status and customer relationships were not externally verified."
652,LEOGRAND HOTEL RENOVASYON / MOLDOVA,LEOGRAND HOTEL RENOVASYON / MOLDOVA,LEOGRAND HOTEL RENOVASYON,MOLDOVA,last slash suffix only; not externally verified,domestic_and_regional_project_references,139,137,right,black,catalogue_extracted_not_currently_verified,"Catalogue wording retained. Line wraps were reconstructed from the PDF layout; names, locations, project status and customer relationships were not externally verified."
653,LISCO RIHTIM MISURATA / LİBYA,LISCO RIHTIM MISURATA / LİBYA,LISCO RIHTIM MISURATA,LİBYA,last slash suffix only; not externally verified,domestic_and_regional_project_references,139,137,right,black,catalogue_extracted_not_currently_verified,"Catalogue wording retained. Line wraps were reconstructed from the PDF layout; names, locations, project status and customer relationships were not externally verified."
654,LİBYA BÜYÜKELÇİLİK BİNASI / ANKARA,LİBYA BÜYÜKELÇİLİK BİNASI / ANKARA,LİBYA BÜYÜKELÇİLİK BİNASI,ANKARA,last slash suffix only; not externally verified,domestic_and_regional_project_references,139,137,right,black,catalogue_extracted_not_currently_verified,"Catalogue wording retained. Line wraps were reconstructed from the PDF layout; names, locations, project status and customer relationships were not externally verified."
655,LİLA KAĞIT OFİS / İSTANBUL,LİLA KAĞIT OFİS / İSTANBUL,LİLA KAĞIT OFİS,İSTANBUL,last slash suffix only; not externally verified,domestic_and_regional_project_references,139,137,right,black,catalogue_extracted_not_currently_verified,"Catalogue wording retained. Line wraps were reconstructed from the PDF layout; names, locations, project status and customer relationships were not externally verified."
656,LİMAK ARCADIA HOTEL & RESORT BELEK / ANTALYA,LİMAK ARCADIA HOTEL & RESORT BELEK / ANTALYA,LİMAK ARCADIA HOTEL & RESORT BELEK,ANTALYA,last slash suffix only; not externally verified,domestic_and_regional_project_references,139,137,right,black,catalogue_extracted_not_currently_verified,"Catalogue wording retained. Line wraps were reconstructed from the PDF layout; names, locations, project status and customer relationships were not externally verified."
657,LİMAK ÇİMENTO FABRİKASI / KIRKLARELİ,LİMAK ÇİMENTO FABRİKASI / KIRKLARELİ,LİMAK ÇİMENTO FABRİKASI,KIRKLARELİ,last slash suffix only; not externally verified,domestic_and_regional_project_references,139,137,right,black,catalogue_extracted_not_currently_verified,"Catalogue wording retained. Line wraps were reconstructed from the PDF layout; names, locations, project status and customer relationships were not externally verified."
658,LİMAŞ LİMAN A.Ş. / KOCAELİ,LİMAŞ LİMAN A.Ş. / KOCAELİ,LİMAŞ LİMAN A.Ş.,KOCAELİ,last slash suffix only; not externally verified,domestic_and_regional_project_references,139,137,right,black,catalogue_extracted_not_currently_verified,"Catalogue wording retained. Line wraps were reconstructed from the PDF layout; names, locations, project status and customer relationships were not externally verified."
659,LİMGAZ JES / AYDIN,LİMGAZ JES / AYDIN,LİMGAZ JES,AYDIN,last slash suffix only; not externally verified,domestic_and_regional_project_references,139,137,right,black,catalogue_extracted_not_currently_verified,"Catalogue wording retained. Line wraps were reconstructed from the PDF layout; names, locations, project status and customer relationships were not externally verified."
660,LİNEADEKOR FABRİKA VE GENEL MÜD. BİNASI GEBZE / KOCAELİ,LİNEADEKOR FABRİKA VE GENEL MÜD. BİNASI GEBZE / KOCAELİ,LİNEADEKOR FABRİKA VE GENEL MÜD. BİNASI GEBZE,KOCAELİ,last slash suffix only; not externally verified,domestic_and_regional_project_references,139,137,right,black,catalogue_extracted_not_currently_verified,"Catalogue wording retained. Line wraps were reconstructed from the PDF layout; names, locations, project status and customer relationships were not externally verified."
661,LİTPA AYDINLATMA / SAKARYA,LİTPA AYDINLATMA / SAKARYA,LİTPA AYDINLATMA,SAKARYA,last slash suffix only; not externally verified,domestic_and_regional_project_references,139,137,right,black,catalogue_extracted_not_currently_verified,"Catalogue wording retained. Line wraps were reconstructed from the PDF layout; names, locations, project status and customer relationships were not externally verified."
662,LOKUM EVLER / İSTANBUL,LOKUM EVLER / İSTANBUL,LOKUM EVLER,İSTANBUL,last slash suffix only; not externally verified,domestic_and_regional_project_references,139,137,right,black,catalogue_extracted_not_currently_verified,"Catalogue wording retained. Line wraps were reconstructed from the PDF layout; names, locations, project status and customer relationships were not externally verified."
663,LOTTE HOTEL / RUSYA,LOTTE HOTEL / RUSYA,LOTTE HOTEL,RUSYA,last slash suffix only; not externally verified,domestic_and_regional_project_references,139,137,right,black,catalogue_extracted_not_currently_verified,"Catalogue wording retained. Line wraps were reconstructed from the PDF layout; names, locations, project status and customer relationships were not externally verified."
664,LOTUS RESORT HOTEL / BURSA,LOTUS RESORT HOTEL / BURSA,LOTUS RESORT HOTEL,BURSA,last slash suffix only; not externally verified,domestic_and_regional_project_references,139,137,right,black,catalogue_extracted_not_currently_verified,"Catalogue wording retained. Line wraps were reconstructed from the PDF layout; names, locations, project status and customer relationships were not externally verified."
665,MACARİSTAN BÜYÜKELÇİLİK BİNASI / ANKARA,MACARİSTAN BÜYÜKELÇİLİK BİNASI / ANKARA,MACARİSTAN BÜYÜKELÇİLİK BİNASI,ANKARA,last slash suffix only; not externally verified,domestic_and_regional_project_references,139,137,right,black,catalogue_extracted_not_currently_verified,"Catalogue wording retained. Line wraps were reconstructed from the PDF layout; names, locations, project status and customer relationships were not externally verified."
666,MAHTUMKULU KONFEKSİYON FAB. / TÜRKMENİSTAN,MAHTUMKULU KONFEKSİYON FAB. / TÜRKMENİSTAN,MAHTUMKULU KONFEKSİYON FAB.,TÜRKMENİSTAN,last slash suffix only; not externally verified,domestic_and_regional_project_references,139,137,right,black,catalogue_extracted_not_currently_verified,"Catalogue wording retained. Line wraps were reconstructed from the PDF layout; names, locations, project status and customer relationships were not externally verified."
667,MAİ RESIDENCE KARTAL / İSTANBUL,MAİ RESIDENCE KARTAL / İSTANBUL,MAİ RESIDENCE KARTAL,İSTANBUL,last slash suffix only; not externally verified,domestic_and_regional_project_references,139,137,right,black,catalogue_extracted_not_currently_verified,"Catalogue wording retained. Line wraps were reconstructed from the PDF layout; names, locations, project status and customer relationships were not externally verified."
668,MAKYOL ESENYURT EVLERİ / İSTANBUL,MAKYOL ESENYURT EVLERİ / İSTANBUL,MAKYOL ESENYURT EVLERİ,İSTANBUL,last slash suffix only; not externally verified,domestic_and_regional_project_references,139,137,right,black,catalogue_extracted_not_currently_verified,"Catalogue wording retained. Line wraps were reconstructed from the PDF layout; names, locations, project status and customer relationships were not externally verified."
669,MAKYOL YAŞAM BEYLİKDÜZÜ / İSTANBUL,MAKYOL YAŞAM BEYLİKDÜZÜ / İSTANBUL,MAKYOL YAŞAM BEYLİKDÜZÜ,İSTANBUL,last slash suffix only; not externally verified,domestic_and_regional_project_references,139,137,right,black,catalogue_extracted_not_currently_verified,"Catalogue wording retained. Line wraps were reconstructed from the PDF layout; names, locations, project status and customer relationships were not externally verified."
670,MALATYA 300 YATAKLI KADIN DOĞUM VE ÇOCUK HASTANESİ,MALATYA 300 YATAKLI KADIN DOĞUM VE ÇOCUK HASTANESİ,MALATYA 300 YATAKLI KADIN DOĞUM VE ÇOCUK HASTANESİ,,no slash suffix,domestic_and_regional_project_references,139,137,right,black,catalogue_extracted_not_currently_verified,"Catalogue wording retained. Line wraps were reconstructed from the PDF layout; names, locations, project status and customer relationships were not externally verified."
671,MALATYA HAVAALANI,MALATYA HAVAALANI,MALATYA HAVAALANI,,no slash suffix,domestic_and_regional_project_references,139,137,right,black,catalogue_extracted_not_currently_verified,"Catalogue wording retained. Line wraps were reconstructed from the PDF layout; names, locations, project status and customer relationships were not externally verified."
672,MALL OF İSTANBUL AVM,MALL OF İSTANBUL AVM,MALL OF İSTANBUL AVM,,no slash suffix,domestic_and_regional_project_references,139,137,right,black,catalogue_extracted_not_currently_verified,"Catalogue wording retained. Line wraps were reconstructed from the PDF layout; names, locations, project status and customer relationships were not externally verified."
673,MANAVGAT ATIKSU ARITMA TESİSİ / ANTALYA,MANAVGAT ATIKSU ARITMA TESİSİ / ANTALYA,MANAVGAT ATIKSU ARITMA TESİSİ,ANTALYA,last slash suffix only; not externally verified,domestic_and_regional_project_references,139,137,right,black,catalogue_extracted_not_currently_verified,"Catalogue wording retained. Line wraps were reconstructed from the PDF layout; names, locations, project status and customer relationships were not externally verified."
674,MARDİN ADALET SARAYI,MARDİN ADALET SARAYI,MARDİN ADALET SARAYI,,no slash suffix,domestic_and_regional_project_references,139,137,right,black,catalogue_extracted_not_currently_verified,"Catalogue wording retained. Line wraps were reconstructed from the PDF layout; names, locations, project status and customer relationships were not externally verified."
675,MARDİN ATIKSU ARITMA TESİSİ,MARDİN ATIKSU ARITMA TESİSİ,MARDİN ATIKSU ARITMA TESİSİ,,no slash suffix,domestic_and_regional_project_references,139,137,right,black,catalogue_extracted_not_currently_verified,"Catalogue wording retained. Line wraps were reconstructed from the PDF layout; names, locations, project status and customer relationships were not externally verified."
676,MARMARA ÜNİ. EĞİTİM VE ARAŞTIRMA HASTANESİ / İSTANBUL,MARMARA ÜNİ. EĞİTİM VE ARAŞTIRMA HASTANESİ / İSTANBUL,MARMARA ÜNİ. EĞİTİM VE ARAŞTIRMA HASTANESİ,İSTANBUL,last slash suffix only; not externally verified,domestic_and_regional_project_references,139,137,right,black,catalogue_extracted_not_currently_verified,"Catalogue wording retained. Line wraps were reconstructed from the PDF layout; names, locations, project status and customer relationships were not externally verified."
677,MARMARA ÜNİVERSİTESİ DİŞ HEKİMLİĞİ FAKÜLTESİ / İSTANBUL,MARMARA ÜNİVERSİTESİ DİŞ HEKİMLİĞİ FAKÜLTESİ / İSTANBUL,MARMARA ÜNİVERSİTESİ DİŞ HEKİMLİĞİ FAKÜLTESİ,İSTANBUL,last slash suffix only; not externally verified,domestic_and_regional_project_references,139,137,right,black,catalogue_extracted_not_currently_verified,"Catalogue wording retained. Line wraps were reconstructed from the PDF layout; names, locations, project status and customer relationships were not externally verified."
678,MARMARAY ATALAR İSTASYONU / İSTANBUL,MARMARAY ATALAR İSTASYONU / İSTANBUL,MARMARAY ATALAR İSTASYONU,İSTANBUL,last slash suffix only; not externally verified,domestic_and_regional_project_references,139,137,right,black,catalogue_extracted_not_currently_verified,"Catalogue wording retained. Line wraps were reconstructed from the PDF layout; names, locations, project status and customer relationships were not externally verified."
679,MARMARAY CEVİZLİ İSTASYONU / İSTANBUL,MARMARAY CEVİZLİ İSTASYONU / İSTANBUL,MARMARAY CEVİZLİ İSTASYONU,İSTANBUL,last slash suffix only; not externally verified,domestic_and_regional_project_references,139,137,right,black,catalogue_extracted_not_currently_verified,"Catalogue wording retained. Line wraps were reconstructed from the PDF layout; names, locations, project status and customer relationships were not externally verified."
680,MARMARAY ÇAYIROVA İSTASYONU / KOCAELİ,MARMARAY ÇAYIROVA İSTASYONU / KOCAELİ,MARMARAY ÇAYIROVA İSTASYONU,KOCAELİ,last slash suffix only; not externally verified,domestic_and_regional_project_references,139,137,right,black,catalogue_extracted_not_currently_verified,"Catalogue wording retained. Line wraps were reconstructed from the PDF layout; names, locations, project status and customer relationships were not externally verified."
681,MARMARAY FENERYOLU İSTASYONU / İSTANBUL,MARMARAY FENERYOLU İSTASYONU / İSTANBUL,MARMARAY FENERYOLU İSTASYONU,İSTANBUL,last slash suffix only; not externally verified,domestic_and_regional_project_references,139,137,right,black,catalogue_extracted_not_currently_verified,"Catalogue wording retained. Line wraps were reconstructed from the PDF layout; names, locations, project status and customer relationships were not externally verified."
682,MARMARAY GEBZE İSTASYONU / KOCAELİ,MARMARAY GEBZE İSTASYONU / KOCAELİ,MARMARAY GEBZE İSTASYONU,KOCAELİ,last slash suffix only; not externally verified,domestic_and_regional_project_references,139,137,right,black,catalogue_extracted_not_currently_verified,"Catalogue wording retained. Line wraps were reconstructed from the PDF layout; names, locations, project status and customer relationships were not externally verified."
683,MARMARAY HALKALI İSTASYONU / İSTANBUL,MARMARAY HALKALI İSTASYONU / İSTANBUL,MARMARAY HALKALI İSTASYONU,İSTANBUL,last slash suffix only; not externally verified,domestic_and_regional_project_references,139,137,right,black,catalogue_extracted_not_currently_verified,"Catalogue wording retained. Line wraps were reconstructed from the PDF layout; names, locations, project status and customer relationships were not externally verified."
684,MARMARAY KOŞUYOLU İSTASYONU / İSTANBUL,MARMARAY KOŞUYOLU İSTASYONU / İSTANBUL,MARMARAY KOŞUYOLU İSTASYONU,İSTANBUL,last slash suffix only; not externally verified,domestic_and_regional_project_references,139,137,right,black,catalogue_extracted_not_currently_verified,"Catalogue wording retained. Line wraps were reconstructed from the PDF layout; names, locations, project status and customer relationships were not externally verified."
685,MARMARAY MALTEPE İSTASYONU / İSTANBUL,MARMARAY MALTEPE İSTASYONU / İSTANBUL,MARMARAY MALTEPE İSTASYONU,İSTANBUL,last slash suffix only; not externally verified,domestic_and_regional_project_references,139,137,right,black,catalogue_extracted_not_currently_verified,"Catalogue wording retained. Line wraps were reconstructed from the PDF layout; names, locations, project status and customer relationships were not externally verified."
686,MARMARAY YUNUS İSTASYONU / İSTANBUL,MARMARAY YUNUS İSTASYONU / İSTANBUL,MARMARAY YUNUS İSTASYONU,İSTANBUL,last slash suffix only; not externally verified,domestic_and_regional_project_references,139,137,right,black,catalogue_extracted_not_currently_verified,"Catalogue wording retained. Line wraps were reconstructed from the PDF layout; names, locations, project status and customer relationships were not externally verified."
687,MARMARAY ZEYTİNBURNU İSTASYONU / İSTANBUL,MARMARAY ZEYTİNBURNU İSTASYONU / İSTANBUL,MARMARAY ZEYTİNBURNU İSTASYONU,İSTANBUL,last slash suffix only; not externally verified,domestic_and_regional_project_references,139,137,right,black,catalogue_extracted_not_currently_verified,"Catalogue wording retained. Line wraps were reconstructed from the PDF layout; names, locations, project status and customer relationships were not externally verified."
688,MARRIOTT HOTEL KAPADOKYA / NEVŞEHİR,MARRIOTT HOTEL KAPADOKYA / NEVŞEHİR,MARRIOTT HOTEL KAPADOKYA,NEVŞEHİR,last slash suffix only; not externally verified,domestic_and_regional_project_references,139,137,right,black,catalogue_extracted_not_currently_verified,"Catalogue wording retained. Line wraps were reconstructed from the PDF layout; names, locations, project status and customer relationships were not externally verified."
689,MARRIOTT HOTEL KARAKÖY / İSTANBUL,MARRIOTT HOTEL KARAKÖY / İSTANBUL,MARRIOTT HOTEL KARAKÖY,İSTANBUL,last slash suffix only; not externally verified,domestic_and_regional_project_references,139,137,right,black,catalogue_extracted_not_currently_verified,"Catalogue wording retained. Line wraps were reconstructed from the PDF layout; names, locations, project status and customer relationships were not externally verified."
690,MARSHALL DİLOVASI / KOCAELİ,MARSHALL DİLOVASI / KOCAELİ,MARSHALL DİLOVASI,KOCAELİ,last slash suffix only; not externally verified,domestic_and_regional_project_references,139,137,right,black,catalogue_extracted_not_currently_verified,"Catalogue wording retained. Line wraps were reconstructed from the PDF layout; names, locations, project status and customer relationships were not externally verified."
691,MARTAŞ LİMAN TESİSLERİ / TEKİRDAĞ,MARTAŞ LİMAN TESİSLERİ / TEKİRDAĞ,MARTAŞ LİMAN TESİSLERİ,TEKİRDAĞ,last slash suffix only; not externally verified,domestic_and_regional_project_references,139,137,right,black,catalogue_extracted_not_currently_verified,"Catalogue wording retained. Line wraps were reconstructed from the PDF layout; names, locations, project status and customer relationships were not externally verified."
692,MARTEK LOJİSTİK GEBZE / KOCAELİ,MARTEK LOJİSTİK GEBZE / KOCAELİ,MARTEK LOJİSTİK GEBZE,KOCAELİ,last slash suffix only; not externally verified,domestic_and_regional_project_references,139,137,right,black,catalogue_extracted_not_currently_verified,"Catalogue wording retained. Line wraps were reconstructed from the PDF layout; names, locations, project status and customer relationships were not externally verified."
693,MASHATTEN KONUTLARI / İSTANBUL,MASHATTEN KONUTLARI / İSTANBUL,MASHATTEN KONUTLARI,İSTANBUL,last slash suffix only; not externally verified,domestic_and_regional_project_references,139,137,right,black,catalogue_extracted_not_currently_verified,"Catalogue wording retained. Line wraps were reconstructed from the PDF layout; names, locations, project status and customer relationships were not externally verified."
694,MASKİ GES / MANİSA,MASKİ GES / MANİSA,MASKİ GES,MANİSA,last slash suffix only; not externally verified,domestic_and_regional_project_references,139,137,right,black,catalogue_extracted_not_currently_verified,"Catalogue wording retained. Line wraps were reconstructed from the PDF layout; names, locations, project status and customer relationships were not externally verified."
695,MAV ELYAF SAN. VE TİC. A.Ş. / GAZİANTEP,MAV ELYAF SAN. VE TİC. A.Ş. / GAZİANTEP,MAV ELYAF SAN. VE TİC. A.Ş.,GAZİANTEP,last slash suffix only; not externally verified,domestic_and_regional_project_references,139,137,right,black,catalogue_extracted_not_currently_verified,"Catalogue wording retained. Line wraps were reconstructed from the PDF layout; names, locations, project status and customer relationships were not externally verified."
696,MAXICELLS İLAÇ SİLİVRİ ÜRETİM TESİSİ / İSTANBUL,MAXICELLS İLAÇ SİLİVRİ ÜRETİM TESİSİ / İSTANBUL,MAXICELLS İLAÇ SİLİVRİ ÜRETİM TESİSİ,İSTANBUL,last slash suffix only; not externally verified,domestic_and_regional_project_references,139,137,right,black,catalogue_extracted_not_currently_verified,"Catalogue wording retained. Line wraps were reconstructed from the PDF layout; names, locations, project status and customer relationships were not externally verified."
697,MAZI LAND RESIDENCE / IRAK,MAZI LAND RESIDENCE / IRAK,MAZI LAND RESIDENCE,IRAK,last slash suffix only; not externally verified,domestic_and_regional_project_references,139,137,right,black,catalogue_extracted_not_currently_verified,"Catalogue wording retained. Line wraps were reconstructed from the PDF layout; names, locations, project status and customer relationships were not externally verified."
698,MAZİ LAND KONUT DUHOK / IRAK,MAZİ LAND KONUT DUHOK / IRAK,MAZİ LAND KONUT DUHOK,IRAK,last slash suffix only; not externally verified,domestic_and_regional_project_references,139,137,right,black,catalogue_extracted_not_currently_verified,"Catalogue wording retained. Line wraps were reconstructed from the PDF layout; names, locations, project status and customer relationships were not externally verified."
699,MEDENİ DİNÇ AVM / TÜRKMENİSTAN,MEDENİ DİNÇ AVM / TÜRKMENİSTAN,MEDENİ DİNÇ AVM,TÜRKMENİSTAN,last slash suffix only; not externally verified,domestic_and_regional_project_references,139,137,right,black,catalogue_extracted_not_currently_verified,"Catalogue wording retained. Line wraps were reconstructed from the PDF layout; names, locations, project status and customer relationships were not externally verified."
700,MEDİCANA HASTANELERİ (TÜRKİYE GENELİ),MEDİCANA HASTANELERİ (TÜRKİYE GENELİ),MEDİCANA HASTANELERİ (TÜRKİYE GENELİ),,no slash suffix,domestic_and_regional_project_references,139,137,right,black,catalogue_extracted_not_currently_verified,"Catalogue wording retained. Line wraps were reconstructed from the PDF layout; names, locations, project status and customer relationships were not externally verified."
701,MEGA CITY SAMARA / RUSYA,MEGA CITY SAMARA / RUSYA,MEGA CITY SAMARA,RUSYA,last slash suffix only; not externally verified,domestic_and_regional_project_references,139,137,right,black,catalogue_extracted_not_currently_verified,"Catalogue wording retained. Line wraps were reconstructed from the PDF layout; names, locations, project status and customer relationships were not externally verified."
702,MELAS HOTEL BEŞİKTAŞ / İSTANBUL,MELAS HOTEL BEŞİKTAŞ / İSTANBUL,MELAS HOTEL BEŞİKTAŞ,İSTANBUL,last slash suffix only; not externally verified,domestic_and_regional_project_references,139,137,right,black,catalogue_extracted_not_currently_verified,"Catalogue wording retained. Line wraps were reconstructed from the PDF layout; names, locations, project status and customer relationships were not externally verified."
703,MEPSAN PETROL TRACO FABRİKA / KONYA,MEPSAN PETROL TRACO FABRİKA / KONYA,MEPSAN PETROL TRACO FABRİKA,KONYA,last slash suffix only; not externally verified,domestic_and_regional_project_references,139,137,right,black,catalogue_extracted_not_currently_verified,"Catalogue wording retained. Line wraps were reconstructed from the PDF layout; names, locations, project status and customer relationships were not externally verified."
704,MERCEDES BENZ TÜRK KAMYON FAB. / AKSARAY,MERCEDES BENZ TÜRK KAMYON FAB. / AKSARAY,MERCEDES BENZ TÜRK KAMYON FAB.,AKSARAY,last slash suffix only; not externally verified,domestic_and_regional_project_references,139,137,right,black,catalogue_extracted_not_currently_verified,"Catalogue wording retained. Line wraps were reconstructed from the PDF layout; names, locations, project status and customer relationships were not externally verified."
705,MERICHEM MERCAPTAN REMOVAL PROCESS ÜNİTELERİ / ADANA,MERICHEM MERCAPTAN REMOVAL PROCESS ÜNİTELERİ / ADANA,MERICHEM MERCAPTAN REMOVAL PROCESS ÜNİTELERİ,ADANA,last slash suffix only; not externally verified,domestic_and_regional_project_references,140,138,left,black,catalogue_extracted_not_currently_verified,"Catalogue wording retained. Line wraps were reconstructed from the PDF layout; names, locations, project status and customer relationships were not externally verified."
706,MERSİN ÜNİVERSİTESİ HASTANESİ / MERSİN,MERSİN ÜNİVERSİTESİ HASTANESİ / MERSİN,MERSİN ÜNİVERSİTESİ HASTANESİ,MERSİN,last slash suffix only; not externally verified,domestic_and_regional_project_references,140,138,left,black,catalogue_extracted_not_currently_verified,"Catalogue wording retained. Line wraps were reconstructed from the PDF layout; names, locations, project status and customer relationships were not externally verified."
707,MES MAKİNA ELEKTRİK KİMYA / KOCAELİ,MES MAKİNA ELEKTRİK KİMYA / KOCAELİ,MES MAKİNA ELEKTRİK KİMYA,KOCAELİ,last slash suffix only; not externally verified,domestic_and_regional_project_references,140,138,left,black,catalogue_extracted_not_currently_verified,"Catalogue wording retained. Line wraps were reconstructed from the PDF layout; names, locations, project status and customer relationships were not externally verified."
708,METRANS FABRİKA BİNASI DİLOVASI / KOCAELİ,METRANS FABRİKA BİNASI DİLOVASI / KOCAELİ,METRANS FABRİKA BİNASI DİLOVASI,KOCAELİ,last slash suffix only; not externally verified,domestic_and_regional_project_references,140,138,left,black,catalogue_extracted_not_currently_verified,"Catalogue wording retained. Line wraps were reconstructed from the PDF layout; names, locations, project status and customer relationships were not externally verified."
709,METRO GROSMARKET / DENİZLİ,METRO GROSMARKET / DENİZLİ,METRO GROSMARKET,DENİZLİ,last slash suffix only; not externally verified,domestic_and_regional_project_references,140,138,left,black,catalogue_extracted_not_currently_verified,"Catalogue wording retained. Line wraps were reconstructed from the PDF layout; names, locations, project status and customer relationships were not externally verified."
710,METRO GROSMARKET BAYRAMPAŞA / İSTANBUL,METRO GROSMARKET BAYRAMPAŞA / İSTANBUL,METRO GROSMARKET BAYRAMPAŞA,İSTANBUL,last slash suffix only; not externally verified,domestic_and_regional_project_references,140,138,left,black,catalogue_extracted_not_currently_verified,"Catalogue wording retained. Line wraps were reconstructed from the PDF layout; names, locations, project status and customer relationships were not externally verified."
711,METROGARDEN AVM / İSTANBUL,METROGARDEN AVM / İSTANBUL,METROGARDEN AVM,İSTANBUL,last slash suffix only; not externally verified,domestic_and_regional_project_references,140,138,left,black,catalogue_extracted_not_currently_verified,"Catalogue wording retained. Line wraps were reconstructed from the PDF layout; names, locations, project status and customer relationships were not externally verified."
712,METSAN NEXUS KARTAL / İSTANBUL,METSAN NEXUS KARTAL / İSTANBUL,METSAN NEXUS KARTAL,İSTANBUL,last slash suffix only; not externally verified,domestic_and_regional_project_references,140,138,left,black,catalogue_extracted_not_currently_verified,"Catalogue wording retained. Line wraps were reconstructed from the PDF layout; names, locations, project status and customer relationships were not externally verified."
713,MEZİTLİ ATIKSU ARITMA TESİSİ / MERSİN,MEZİTLİ ATIKSU ARITMA TESİSİ / MERSİN,MEZİTLİ ATIKSU ARITMA TESİSİ,MERSİN,last slash suffix only; not externally verified,domestic_and_regional_project_references,140,138,left,black,catalogue_extracted_not_currently_verified,"Catalogue wording retained. Line wraps were reconstructed from the PDF layout; names, locations, project status and customer relationships were not externally verified."
714,MİGROS MAĞAZALARI (TÜRKİYE GENELİ),MİGROS MAĞAZALARI (TÜRKİYE GENELİ),MİGROS MAĞAZALARI (TÜRKİYE GENELİ),,no slash suffix,domestic_and_regional_project_references,140,138,left,black,catalogue_extracted_not_currently_verified,"Catalogue wording retained. Line wraps were reconstructed from the PDF layout; names, locations, project status and customer relationships were not externally verified."
715,MİMAR SİNAN EVLERİ / İZMİR,MİMAR SİNAN EVLERİ / İZMİR,MİMAR SİNAN EVLERİ,İZMİR,last slash suffix only; not externally verified,domestic_and_regional_project_references,140,138,left,black,catalogue_extracted_not_currently_verified,"Catalogue wording retained. Line wraps were reconstructed from the PDF layout; names, locations, project status and customer relationships were not externally verified."
716,MİMAR SİNAN ÜNİVERSİTESİ / İSTANBUL,MİMAR SİNAN ÜNİVERSİTESİ / İSTANBUL,MİMAR SİNAN ÜNİVERSİTESİ,İSTANBUL,last slash suffix only; not externally verified,domestic_and_regional_project_references,140,138,left,black,catalogue_extracted_not_currently_verified,"Catalogue wording retained. Line wraps were reconstructed from the PDF layout; names, locations, project status and customer relationships were not externally verified."
717,MİMAR SİNAN ÜNİVERSİTESİ RESİM HEYKEL MÜZESİ / İSTANBUL,MİMAR SİNAN ÜNİVERSİTESİ RESİM HEYKEL MÜZESİ / İSTANBUL,MİMAR SİNAN ÜNİVERSİTESİ RESİM HEYKEL MÜZESİ,İSTANBUL,last slash suffix only; not externally verified,domestic_and_regional_project_references,140,138,left,black,catalogue_extracted_not_currently_verified,"Catalogue wording retained. Line wraps were reconstructed from the PDF layout; names, locations, project status and customer relationships were not externally verified."
718,MİSSAN HASTANESİ / IRAK,MİSSAN HASTANESİ / IRAK,MİSSAN HASTANESİ,IRAK,last slash suffix only; not externally verified,domestic_and_regional_project_references,140,138,left,black,catalogue_extracted_not_currently_verified,"Catalogue wording retained. Line wraps were reconstructed from the PDF layout; names, locations, project status and customer relationships were not externally verified."
719,MKE KIRIKKALE FABRİKASI,MKE KIRIKKALE FABRİKASI,MKE KIRIKKALE FABRİKASI,,no slash suffix,domestic_and_regional_project_references,140,138,left,black,catalogue_extracted_not_currently_verified,"Catalogue wording retained. Line wraps were reconstructed from the PDF layout; names, locations, project status and customer relationships were not externally verified."
720,MMK ATAKAŞ DİLOVASI / KOCAELİ,MMK ATAKAŞ DİLOVASI / KOCAELİ,MMK ATAKAŞ DİLOVASI,KOCAELİ,last slash suffix only; not externally verified,domestic_and_regional_project_references,140,138,left,black,catalogue_extracted_not_currently_verified,"Catalogue wording retained. Line wraps were reconstructed from the PDF layout; names, locations, project status and customer relationships were not externally verified."
721,MNG HAVAYOLLARI VE HİZMET BİNALARI / İSTANBUL,MNG HAVAYOLLARI VE HİZMET BİNALARI / İSTANBUL,MNG HAVAYOLLARI VE HİZMET BİNALARI,İSTANBUL,last slash suffix only; not externally verified,domestic_and_regional_project_references,140,138,left,black,catalogue_extracted_not_currently_verified,"Catalogue wording retained. Line wraps were reconstructed from the PDF layout; names, locations, project status and customer relationships were not externally verified."
722,MNG JET HANGAR / İSTANBUL,MNG JET HANGAR / İSTANBUL,MNG JET HANGAR,İSTANBUL,last slash suffix only; not externally verified,domestic_and_regional_project_references,140,138,left,black,catalogue_extracted_not_currently_verified,"Catalogue wording retained. Line wraps were reconstructed from the PDF layout; names, locations, project status and customer relationships were not externally verified."
723,MNG KARGO AKTARMA MERKEZİ KEMERBURGAZ / İSTANBUL,MNG KARGO AKTARMA MERKEZİ KEMERBURGAZ / İSTANBUL,MNG KARGO AKTARMA MERKEZİ KEMERBURGAZ,İSTANBUL,last slash suffix only; not externally verified,domestic_and_regional_project_references,140,138,left,black,catalogue_extracted_not_currently_verified,"Catalogue wording retained. Line wraps were reconstructed from the PDF layout; names, locations, project status and customer relationships were not externally verified."
724,MOBİTEK KAYSERİ,MOBİTEK KAYSERİ,MOBİTEK KAYSERİ,,no slash suffix,domestic_and_regional_project_references,140,138,left,black,catalogue_extracted_not_currently_verified,"Catalogue wording retained. Line wraps were reconstructed from the PDF layout; names, locations, project status and customer relationships were not externally verified."
725,MODERN AMBALAJ GEBZE FABRİKASI / KOCAELİ,MODERN AMBALAJ GEBZE FABRİKASI / KOCAELİ,MODERN AMBALAJ GEBZE FABRİKASI,KOCAELİ,last slash suffix only; not externally verified,domestic_and_regional_project_references,140,138,left,black,catalogue_extracted_not_currently_verified,"Catalogue wording retained. Line wraps were reconstructed from the PDF layout; names, locations, project status and customer relationships were not externally verified."
726,MODUL ÇELİK MAGNA / KOCAELİ,MODUL ÇELİK MAGNA / KOCAELİ,MODUL ÇELİK MAGNA,KOCAELİ,last slash suffix only; not externally verified,domestic_and_regional_project_references,140,138,left,black,catalogue_extracted_not_currently_verified,"Catalogue wording retained. Line wraps were reconstructed from the PDF layout; names, locations, project status and customer relationships were not externally verified."
727,MOLDOVA CHİSİNAU ARENA STADYUM,MOLDOVA CHİSİNAU ARENA STADYUM,MOLDOVA CHİSİNAU ARENA STADYUM,,no slash suffix,domestic_and_regional_project_references,140,138,left,black,catalogue_extracted_not_currently_verified,"Catalogue wording retained. Line wraps were reconstructed from the PDF layout; names, locations, project status and customer relationships were not externally verified."
728,MOSQUEE D’ORAN / CEZAYİR,MOSQUEE D’ORAN / CEZAYİR,MOSQUEE D’ORAN,CEZAYİR,last slash suffix only; not externally verified,domestic_and_regional_project_references,140,138,left,black,catalogue_extracted_not_currently_verified,"Catalogue wording retained. Line wraps were reconstructed from the PDF layout; names, locations, project status and customer relationships were not externally verified."
729,MSB 140 KİŞİLİK ER KOMPLEKSİ / ANKARA,MSB 140 KİŞİLİK ER KOMPLEKSİ / ANKARA,MSB 140 KİŞİLİK ER KOMPLEKSİ,ANKARA,last slash suffix only; not externally verified,domestic_and_regional_project_references,140,138,left,black,catalogue_extracted_not_currently_verified,"Catalogue wording retained. Line wraps were reconstructed from the PDF layout; names, locations, project status and customer relationships were not externally verified."
730,MUHİTTİN AKDİK İLKOKULU FATİH / İSTANBUL,MUHİTTİN AKDİK İLKOKULU FATİH / İSTANBUL,MUHİTTİN AKDİK İLKOKULU FATİH,İSTANBUL,last slash suffix only; not externally verified,domestic_and_regional_project_references,140,138,left,black,catalogue_extracted_not_currently_verified,"Catalogue wording retained. Line wraps were reconstructed from the PDF layout; names, locations, project status and customer relationships were not externally verified."
731,MUSTAFA KEMAL PAŞA ATIKSU ARITMA TESİSİ / BURSA,MUSTAFA KEMAL PAŞA ATIKSU ARITMA TESİSİ / BURSA,MUSTAFA KEMAL PAŞA ATIKSU ARITMA TESİSİ,BURSA,last slash suffix only; not externally verified,domestic_and_regional_project_references,140,138,left,black,catalogue_extracted_not_currently_verified,"Catalogue wording retained. Line wraps were reconstructed from the PDF layout; names, locations, project status and customer relationships were not externally verified."
732,MUSTAFA KEMAL ÜNİVERSİTESİ / HATAY,MUSTAFA KEMAL ÜNİVERSİTESİ / HATAY,MUSTAFA KEMAL ÜNİVERSİTESİ,HATAY,last slash suffix only; not externally verified,domestic_and_regional_project_references,140,138,left,black,catalogue_extracted_not_currently_verified,"Catalogue wording retained. Line wraps were reconstructed from the PDF layout; names, locations, project status and customer relationships were not externally verified."
733,MUTLU AKÜ A.Ş. / İSTANBUL,MUTLU AKÜ A.Ş. / İSTANBUL,MUTLU AKÜ A.Ş.,İSTANBUL,last slash suffix only; not externally verified,domestic_and_regional_project_references,140,138,left,black,catalogue_extracted_not_currently_verified,"Catalogue wording retained. Line wraps were reconstructed from the PDF layout; names, locations, project status and customer relationships were not externally verified."
734,MUTLU SANAYİ SİTESİ ORHANLI / İSTANBUL,MUTLU SANAYİ SİTESİ ORHANLI / İSTANBUL,MUTLU SANAYİ SİTESİ ORHANLI,İSTANBUL,last slash suffix only; not externally verified,domestic_and_regional_project_references,140,138,left,black,catalogue_extracted_not_currently_verified,"Catalogue wording retained. Line wraps were reconstructed from the PDF layout; names, locations, project status and customer relationships were not externally verified."
735,MY HOME MASLAK / İSTANBUL,MY HOME MASLAK / İSTANBUL,MY HOME MASLAK,İSTANBUL,last slash suffix only; not externally verified,domestic_and_regional_project_references,140,138,left,black,catalogue_extracted_not_currently_verified,"Catalogue wording retained. Line wraps were reconstructed from the PDF layout; names, locations, project status and customer relationships were not externally verified."
736,NARPLAS PLASTİK METAL FABRİKA / İSTANBUL,NARPLAS PLASTİK METAL FABRİKA / İSTANBUL,NARPLAS PLASTİK METAL FABRİKA,İSTANBUL,last slash suffix only; not externally verified,domestic_and_regional_project_references,140,138,left,black,catalogue_extracted_not_currently_verified,"Catalogue wording retained. Line wraps were reconstructed from the PDF layout; names, locations, project status and customer relationships were not externally verified."
737,NASİRİYAH HASTANESİ / IRAK,NASİRİYAH HASTANESİ / IRAK,NASİRİYAH HASTANESİ,IRAK,last slash suffix only; not externally verified,domestic_and_regional_project_references,140,138,left,black,catalogue_extracted_not_currently_verified,"Catalogue wording retained. Line wraps were reconstructed from the PDF layout; names, locations, project status and customer relationships were not externally verified."
738,NATURA GIDA KARACABEY DEPOSU / BURSA,NATURA GIDA KARACABEY DEPOSU / BURSA,NATURA GIDA KARACABEY DEPOSU,BURSA,last slash suffix only; not externally verified,domestic_and_regional_project_references,140,138,left,black,catalogue_extracted_not_currently_verified,"Catalogue wording retained. Line wraps were reconstructed from the PDF layout; names, locations, project status and customer relationships were not externally verified."
739,NAZ CITY OTEL TAKSİM / İSTANBUL,NAZ CITY OTEL TAKSİM / İSTANBUL,NAZ CITY OTEL TAKSİM,İSTANBUL,last slash suffix only; not externally verified,domestic_and_regional_project_references,140,138,left,black,catalogue_extracted_not_currently_verified,"Catalogue wording retained. Line wraps were reconstructed from the PDF layout; names, locations, project status and customer relationships were not externally verified."
740,NAZAR KİMYA SABUN TUZLA / İSTANBUL,NAZAR KİMYA SABUN TUZLA / İSTANBUL,NAZAR KİMYA SABUN TUZLA,İSTANBUL,last slash suffix only; not externally verified,domestic_and_regional_project_references,140,138,left,black,catalogue_extracted_not_currently_verified,"Catalogue wording retained. Line wraps were reconstructed from the PDF layout; names, locations, project status and customer relationships were not externally verified."
741,NAZARBAYEV ÜNİVERSİTESİ ASTANA / KAZAKİSTAN,NAZARBAYEV ÜNİVERSİTESİ ASTANA / KAZAKİSTAN,NAZARBAYEV ÜNİVERSİTESİ ASTANA,KAZAKİSTAN,last slash suffix only; not externally verified,domestic_and_regional_project_references,140,138,left,black,catalogue_extracted_not_currently_verified,"Catalogue wording retained. Line wraps were reconstructed from the PDF layout; names, locations, project status and customer relationships were not externally verified."
742,NECEF ATIKSI ARITMA TESİSİ / IRAK,NECEF ATIKSI ARITMA TESİSİ / IRAK,NECEF ATIKSI ARITMA TESİSİ,IRAK,last slash suffix only; not externally verified,domestic_and_regional_project_references,140,138,left,black,catalogue_extracted_not_currently_verified,"Catalogue wording retained. Line wraps were reconstructed from the PDF layout; names, locations, project status and customer relationships were not externally verified."
743,NEF MERTER 13 KONUT VE OFİS / İSTANBUL,NEF MERTER 13 KONUT VE OFİS / İSTANBUL,NEF MERTER 13 KONUT VE OFİS,İSTANBUL,last slash suffix only; not externally verified,domestic_and_regional_project_references,140,138,left,black,catalogue_extracted_not_currently_verified,"Catalogue wording retained. Line wraps were reconstructed from the PDF layout; names, locations, project status and customer relationships were not externally verified."
744,NEF POINTS 98 KAĞITHANE KONUT / İSTANBUL,NEF POINTS 98 KAĞITHANE KONUT / İSTANBUL,NEF POINTS 98 KAĞITHANE KONUT,İSTANBUL,last slash suffix only; not externally verified,domestic_and_regional_project_references,140,138,left,black,catalogue_extracted_not_currently_verified,"Catalogue wording retained. Line wraps were reconstructed from the PDF layout; names, locations, project status and customer relationships were not externally verified."
745,NEO AVM / ESKİŞEHİR,NEO AVM / ESKİŞEHİR,NEO AVM,ESKİŞEHİR,last slash suffix only; not externally verified,domestic_and_regional_project_references,140,138,left,black,catalogue_extracted_not_currently_verified,"Catalogue wording retained. Line wraps were reconstructed from the PDF layout; names, locations, project status and customer relationships were not externally verified."
746,NEOMARİN AVM / İSTANBUL,NEOMARİN AVM / İSTANBUL,NEOMARİN AVM,İSTANBUL,last slash suffix only; not externally verified,domestic_and_regional_project_references,140,138,left,black,catalogue_extracted_not_currently_verified,"Catalogue wording retained. Line wraps were reconstructed from the PDF layout; names, locations, project status and customer relationships were not externally verified."
747,NG KÜTAHYA SERAMİK FABRİKASI,NG KÜTAHYA SERAMİK FABRİKASI,NG KÜTAHYA SERAMİK FABRİKASI,,no slash suffix,domestic_and_regional_project_references,140,138,left,black,catalogue_extracted_not_currently_verified,"Catalogue wording retained. Line wraps were reconstructed from the PDF layout; names, locations, project status and customer relationships were not externally verified."
748,NİĞDE OSB ALTYAPI İŞLERİ,NİĞDE OSB ALTYAPI İŞLERİ,NİĞDE OSB ALTYAPI İŞLERİ,,no slash suffix,domestic_and_regional_project_references,140,138,left,black,catalogue_extracted_not_currently_verified,"Catalogue wording retained. Line wraps were reconstructed from the PDF layout; names, locations, project status and customer relationships were not externally verified."
749,NİJERYA ŞIRINGA FABRİKA BİNASI,NİJERYA ŞIRINGA FABRİKA BİNASI,NİJERYA ŞIRINGA FABRİKA BİNASI,,no slash suffix,domestic_and_regional_project_references,140,138,left,black,catalogue_extracted_not_currently_verified,"Catalogue wording retained. Line wraps were reconstructed from the PDF layout; names, locations, project status and customer relationships were not externally verified."
750,NİSSA O2 RESIDANCE / İSTANBUL,NİSSA O2 RESIDANCE / İSTANBUL,NİSSA O2 RESIDANCE,İSTANBUL,last slash suffix only; not externally verified,domestic_and_regional_project_references,140,138,left,black,catalogue_extracted_not_currently_verified,"Catalogue wording retained. Line wraps were reconstructed from the PDF layout; names, locations, project status and customer relationships were not externally verified."
751,NİVO İSTANBUL KONUT,NİVO İSTANBUL KONUT,NİVO İSTANBUL KONUT,,no slash suffix,domestic_and_regional_project_references,140,138,left,black,catalogue_extracted_not_currently_verified,"Catalogue wording retained. Line wraps were reconstructed from the PDF layout; names, locations, project status and customer relationships were not externally verified."
752,NND100 TOWER İŞ VE YAŞAM MERKEZİ KARTAL / İSTANBUL,NND100 TOWER İŞ VE YAŞAM MERKEZİ KARTAL / İSTANBUL,NND100 TOWER İŞ VE YAŞAM MERKEZİ KARTAL,İSTANBUL,last slash suffix only; not externally verified,domestic_and_regional_project_references,140,138,left,black,catalogue_extracted_not_currently_verified,"Catalogue wording retained. Line wraps were reconstructed from the PDF layout; names, locations, project status and customer relationships were not externally verified."
753,NOBEL FARMA İLAÇ / DÜZCE,NOBEL FARMA İLAÇ / DÜZCE,NOBEL FARMA İLAÇ,DÜZCE,last slash suffix only; not externally verified,domestic_and_regional_project_references,140,138,left,black,catalogue_extracted_not_currently_verified,"Catalogue wording retained. Line wraps were reconstructed from the PDF layout; names, locations, project status and customer relationships were not externally verified."
754,NOVADA ATAŞEHİR / İSTANBUL,NOVADA ATAŞEHİR / İSTANBUL,NOVADA ATAŞEHİR,İSTANBUL,last slash suffix only; not externally verified,domestic_and_regional_project_references,140,138,left,black,catalogue_extracted_not_currently_verified,"Catalogue wording retained. Line wraps were reconstructed from the PDF layout; names, locations, project status and customer relationships were not externally verified."
755,NOVADA AVM 2.ETAP / BALIKESİR,NOVADA AVM 2.ETAP / BALIKESİR,NOVADA AVM 2.ETAP,BALIKESİR,last slash suffix only; not externally verified,domestic_and_regional_project_references,140,138,left,black,catalogue_extracted_not_currently_verified,"Catalogue wording retained. Line wraps were reconstructed from the PDF layout; names, locations, project status and customer relationships were not externally verified."
756,NOVARTİS İLAÇ / İSTANBUL,NOVARTİS İLAÇ / İSTANBUL,NOVARTİS İLAÇ,İSTANBUL,last slash suffix only; not externally verified,domestic_and_regional_project_references,140,138,left,black,catalogue_extracted_not_currently_verified,"Catalogue wording retained. Line wraps were reconstructed from the PDF layout; names, locations, project status and customer relationships were not externally verified."
757,NUROL PARK GÜNEŞLİ / İSTANBUL,NUROL PARK GÜNEŞLİ / İSTANBUL,NUROL PARK GÜNEŞLİ,İSTANBUL,last slash suffix only; not externally verified,domestic_and_regional_project_references,140,138,left,black,catalogue_extracted_not_currently_verified,"Catalogue wording retained. Line wraps were reconstructed from the PDF layout; names, locations, project status and customer relationships were not externally verified."
758,NUROL TOWER / İSTANBUL,NUROL TOWER / İSTANBUL,NUROL TOWER,İSTANBUL,last slash suffix only; not externally verified,domestic_and_regional_project_references,140,138,left,black,catalogue_extracted_not_currently_verified,"Catalogue wording retained. Line wraps were reconstructed from the PDF layout; names, locations, project status and customer relationships were not externally verified."
759,OBARİ ENERJİ SANTRALİ / LİBYA,OBARİ ENERJİ SANTRALİ / LİBYA,OBARİ ENERJİ SANTRALİ,LİBYA,last slash suffix only; not externally verified,domestic_and_regional_project_references,140,138,right,black,catalogue_extracted_not_currently_verified,"Catalogue wording retained. Line wraps were reconstructed from the PDF layout; names, locations, project status and customer relationships were not externally verified."
760,OFLAZ İNŞAAT YAKACIK LEKULE / İSTANBUL,OFLAZ İNŞAAT YAKACIK LEKULE / İSTANBUL,OFLAZ İNŞAAT YAKACIK LEKULE,İSTANBUL,last slash suffix only; not externally verified,domestic_and_regional_project_references,140,138,right,black,catalogue_extracted_not_currently_verified,"Catalogue wording retained. Line wraps were reconstructed from the PDF layout; names, locations, project status and customer relationships were not externally verified."
761,OKAN KOLEJİ ATAŞEHİR / İSTANBUL,OKAN KOLEJİ ATAŞEHİR / İSTANBUL,OKAN KOLEJİ ATAŞEHİR,İSTANBUL,last slash suffix only; not externally verified,domestic_and_regional_project_references,140,138,right,black,catalogue_extracted_not_currently_verified,"Catalogue wording retained. Line wraps were reconstructed from the PDF layout; names, locations, project status and customer relationships were not externally verified."
762,OKMEYDANI EĞİTİM VE ARAŞTIRMA HASTANESİ,OKMEYDANI EĞİTİM VE ARAŞTIRMA HASTANESİ,OKMEYDANI EĞİTİM VE ARAŞTIRMA HASTANESİ,,no slash suffix,domestic_and_regional_project_references,140,138,right,black,catalogue_extracted_not_currently_verified,"Catalogue wording retained. Line wraps were reconstructed from the PDF layout; names, locations, project status and customer relationships were not externally verified."
763,OLİMPİYAT KOMPLEKSİ / TÜRKMENİSTAN,OLİMPİYAT KOMPLEKSİ / TÜRKMENİSTAN,OLİMPİYAT KOMPLEKSİ,TÜRKMENİSTAN,last slash suffix only; not externally verified,domestic_and_regional_project_references,140,138,right,black,catalogue_extracted_not_currently_verified,"Catalogue wording retained. Line wraps were reconstructed from the PDF layout; names, locations, project status and customer relationships were not externally verified."
764,ORA AVM / İSTANBUL,ORA AVM / İSTANBUL,ORA AVM,İSTANBUL,last slash suffix only; not externally verified,domestic_and_regional_project_references,140,138,right,black,catalogue_extracted_not_currently_verified,"Catalogue wording retained. Line wraps were reconstructed from the PDF layout; names, locations, project status and customer relationships were not externally verified."
765,ORDU ATIKSU ARITMA TESİSİ,ORDU ATIKSU ARITMA TESİSİ,ORDU ATIKSU ARITMA TESİSİ,,no slash suffix,domestic_and_regional_project_references,140,138,right,black,catalogue_extracted_not_currently_verified,"Catalogue wording retained. Line wraps were reconstructed from the PDF layout; names, locations, project status and customer relationships were not externally verified."
766,ORJİN MASLAK İŞ MERKEZİ / İSTANBUL,ORJİN MASLAK İŞ MERKEZİ / İSTANBUL,ORJİN MASLAK İŞ MERKEZİ,İSTANBUL,last slash suffix only; not externally verified,domestic_and_regional_project_references,140,138,right,black,catalogue_extracted_not_currently_verified,"Catalogue wording retained. Line wraps were reconstructed from the PDF layout; names, locations, project status and customer relationships were not externally verified."
767,ORMANADA ZEKERİYAKÖY / İSTANBUL,ORMANADA ZEKERİYAKÖY / İSTANBUL,ORMANADA ZEKERİYAKÖY,İSTANBUL,last slash suffix only; not externally verified,domestic_and_regional_project_references,140,138,right,black,catalogue_extracted_not_currently_verified,"Catalogue wording retained. Line wraps were reconstructed from the PDF layout; names, locations, project status and customer relationships were not externally verified."
768,ORTAKÖY ATIKSU ARITMA TESİSİ / AKSARAY,ORTAKÖY ATIKSU ARITMA TESİSİ / AKSARAY,ORTAKÖY ATIKSU ARITMA TESİSİ,AKSARAY,last slash suffix only; not externally verified,domestic_and_regional_project_references,140,138,right,black,catalogue_extracted_not_currently_verified,"Catalogue wording retained. Line wraps were reconstructed from the PDF layout; names, locations, project status and customer relationships were not externally verified."
769,ORYATAŞ OTEL VE REZIDANS ÜMRANİYE / İSTANBUL,ORYATAŞ OTEL VE REZIDANS ÜMRANİYE / İSTANBUL,ORYATAŞ OTEL VE REZIDANS ÜMRANİYE,İSTANBUL,last slash suffix only; not externally verified,domestic_and_regional_project_references,140,138,right,black,catalogue_extracted_not_currently_verified,"Catalogue wording retained. Line wraps were reconstructed from the PDF layout; names, locations, project status and customer relationships were not externally verified."
770,OSMANGAZİ ÜNİVERSİTESİ / ESKİŞEHİR,OSMANGAZİ ÜNİVERSİTESİ / ESKİŞEHİR,OSMANGAZİ ÜNİVERSİTESİ,ESKİŞEHİR,last slash suffix only; not externally verified,domestic_and_regional_project_references,140,138,right,black,catalogue_extracted_not_currently_verified,"Catalogue wording retained. Line wraps were reconstructed from the PDF layout; names, locations, project status and customer relationships were not externally verified."
771,OTOGAR-KİRAZLI 1 HAFİF RAYLI SİSTEMİ / İSTANBUL,OTOGAR-KİRAZLI 1 HAFİF RAYLI SİSTEMİ / İSTANBUL,OTOGAR-KİRAZLI 1 HAFİF RAYLI SİSTEMİ,İSTANBUL,last slash suffix only; not externally verified,domestic_and_regional_project_references,140,138,right,black,catalogue_extracted_not_currently_verified,"Catalogue wording retained. Line wraps were reconstructed from the PDF layout; names, locations, project status and customer relationships were not externally verified."
772,OVİT TÜNELİ / RİZE,OVİT TÜNELİ / RİZE,OVİT TÜNELİ,RİZE,last slash suffix only; not externally verified,domestic_and_regional_project_references,140,138,right,black,catalogue_extracted_not_currently_verified,"Catalogue wording retained. Line wraps were reconstructed from the PDF layout; names, locations, project status and customer relationships were not externally verified."
773,OYAK PORT YARIMCA / KOCAELİ,OYAK PORT YARIMCA / KOCAELİ,OYAK PORT YARIMCA,KOCAELİ,last slash suffix only; not externally verified,domestic_and_regional_project_references,140,138,right,black,catalogue_extracted_not_currently_verified,"Catalogue wording retained. Line wraps were reconstructed from the PDF layout; names, locations, project status and customer relationships were not externally verified."
774,OYAK RENAULT FABRİKASI / BURSA,OYAK RENAULT FABRİKASI / BURSA,OYAK RENAULT FABRİKASI,BURSA,last slash suffix only; not externally verified,domestic_and_regional_project_references,140,138,right,black,catalogue_extracted_not_currently_verified,"Catalogue wording retained. Line wraps were reconstructed from the PDF layout; names, locations, project status and customer relationships were not externally verified."
775,OYKA ENERJİ BİYOKÜTLE SANTRALİ ÇAYCUMA / ZONGULDAK,OYKA ENERJİ BİYOKÜTLE SANTRALİ ÇAYCUMA / ZONGULDAK,OYKA ENERJİ BİYOKÜTLE SANTRALİ ÇAYCUMA,ZONGULDAK,last slash suffix only; not externally verified,domestic_and_regional_project_references,140,138,right,black,catalogue_extracted_not_currently_verified,"Catalogue wording retained. Line wraps were reconstructed from the PDF layout; names, locations, project status and customer relationships were not externally verified."
776,ÖDÜL İSTANBUL KONUT,ÖDÜL İSTANBUL KONUT,ÖDÜL İSTANBUL KONUT,,no slash suffix,domestic_and_regional_project_references,140,138,right,black,catalogue_extracted_not_currently_verified,"Catalogue wording retained. Line wraps were reconstructed from the PDF layout; names, locations, project status and customer relationships were not externally verified."
777,ÖMÜR İSTANBUL KONUT,ÖMÜR İSTANBUL KONUT,ÖMÜR İSTANBUL KONUT,,no slash suffix,domestic_and_regional_project_references,140,138,right,black,catalogue_extracted_not_currently_verified,"Catalogue wording retained. Line wraps were reconstructed from the PDF layout; names, locations, project status and customer relationships were not externally verified."
778,ÖZAK WEST 34 ATAŞEHİR / İSTANBUL,ÖZAK WEST 34 ATAŞEHİR / İSTANBUL,ÖZAK WEST 34 ATAŞEHİR,İSTANBUL,last slash suffix only; not externally verified,domestic_and_regional_project_references,140,138,right,black,catalogue_extracted_not_currently_verified,"Catalogue wording retained. Line wraps were reconstructed from the PDF layout; names, locations, project status and customer relationships were not externally verified."
779,ÖZBEKİSTAN BORU ÜRETİM TESİSİ,ÖZBEKİSTAN BORU ÜRETİM TESİSİ,ÖZBEKİSTAN BORU ÜRETİM TESİSİ,,no slash suffix,domestic_and_regional_project_references,140,138,right,black,catalogue_extracted_not_currently_verified,"Catalogue wording retained. Line wraps were reconstructed from the PDF layout; names, locations, project status and customer relationships were not externally verified."
780,ÖZCANLAR TEKSTİL GES / TEKİRDAĞ,ÖZCANLAR TEKSTİL GES / TEKİRDAĞ,ÖZCANLAR TEKSTİL GES,TEKİRDAĞ,last slash suffix only; not externally verified,domestic_and_regional_project_references,140,138,right,black,catalogue_extracted_not_currently_verified,"Catalogue wording retained. Line wraps were reconstructed from the PDF layout; names, locations, project status and customer relationships were not externally verified."
781,ÖZDEN CENGİZ ANADOLU LİSESİ / İSTANBUL,ÖZDEN CENGİZ ANADOLU LİSESİ / İSTANBUL,ÖZDEN CENGİZ ANADOLU LİSESİ,İSTANBUL,last slash suffix only; not externally verified,domestic_and_regional_project_references,140,138,right,black,catalogue_extracted_not_currently_verified,"Catalogue wording retained. Line wraps were reconstructed from the PDF layout; names, locations, project status and customer relationships were not externally verified."
782,ÖZDİLEK LEVENT AVM / İSTANBUL,ÖZDİLEK LEVENT AVM / İSTANBUL,ÖZDİLEK LEVENT AVM,İSTANBUL,last slash suffix only; not externally verified,domestic_and_regional_project_references,140,138,right,black,catalogue_extracted_not_currently_verified,"Catalogue wording retained. Line wraps were reconstructed from the PDF layout; names, locations, project status and customer relationships were not externally verified."
783,ÖZDOKU TEKSTİL ESENYURT / İSTANBUL,ÖZDOKU TEKSTİL ESENYURT / İSTANBUL,ÖZDOKU TEKSTİL ESENYURT,İSTANBUL,last slash suffix only; not externally verified,domestic_and_regional_project_references,140,138,right,black,catalogue_extracted_not_currently_verified,"Catalogue wording retained. Line wraps were reconstructed from the PDF layout; names, locations, project status and customer relationships were not externally verified."
784,ÖZEL AMASYA ATAŞEHİR HASTANESİ,ÖZEL AMASYA ATAŞEHİR HASTANESİ,ÖZEL AMASYA ATAŞEHİR HASTANESİ,,no slash suffix,domestic_and_regional_project_references,140,138,right,black,catalogue_extracted_not_currently_verified,"Catalogue wording retained. Line wraps were reconstructed from the PDF layout; names, locations, project status and customer relationships were not externally verified."
785,ÖZMEN JES / MANİSA,ÖZMEN JES / MANİSA,ÖZMEN JES,MANİSA,last slash suffix only; not externally verified,domestic_and_regional_project_references,140,138,right,black,catalogue_extracted_not_currently_verified,"Catalogue wording retained. Line wraps were reconstructed from the PDF layout; names, locations, project status and customer relationships were not externally verified."
786,PALACE HOTEL TİFLİS / GÜRCİSTAN,PALACE HOTEL TİFLİS / GÜRCİSTAN,PALACE HOTEL TİFLİS,GÜRCİSTAN,last slash suffix only; not externally verified,domestic_and_regional_project_references,140,138,right,black,catalogue_extracted_not_currently_verified,"Catalogue wording retained. Line wraps were reconstructed from the PDF layout; names, locations, project status and customer relationships were not externally verified."
787,PALM CITY AVM / MERSİN,PALM CITY AVM / MERSİN,PALM CITY AVM,MERSİN,last slash suffix only; not externally verified,domestic_and_regional_project_references,140,138,right,black,catalogue_extracted_not_currently_verified,"Catalogue wording retained. Line wraps were reconstructed from the PDF layout; names, locations, project status and customer relationships were not externally verified."
788,PAPİRUS PLAZA / İSTANBUL,PAPİRUS PLAZA / İSTANBUL,PAPİRUS PLAZA,İSTANBUL,last slash suffix only; not externally verified,domestic_and_regional_project_references,140,138,right,black,catalogue_extracted_not_currently_verified,"Catalogue wording retained. Line wraps were reconstructed from the PDF layout; names, locations, project status and customer relationships were not externally verified."
789,PARK AFYON AVM,PARK AFYON AVM,PARK AFYON AVM,,no slash suffix,domestic_and_regional_project_references,140,138,right,black,catalogue_extracted_not_currently_verified,"Catalogue wording retained. Line wraps were reconstructed from the PDF layout; names, locations, project status and customer relationships were not externally verified."
790,PARK MAVERA BAŞAKŞEHİR MAKRO / İSTANBUL,PARK MAVERA BAŞAKŞEHİR MAKRO / İSTANBUL,PARK MAVERA BAŞAKŞEHİR MAKRO,İSTANBUL,last slash suffix only; not externally verified,domestic_and_regional_project_references,140,138,right,black,catalogue_extracted_not_currently_verified,"Catalogue wording retained. Line wraps were reconstructed from the PDF layout; names, locations, project status and customer relationships were not externally verified."
791,PARK PANORAMA GEBZE / KOCAELİ,PARK PANORAMA GEBZE / KOCAELİ,PARK PANORAMA GEBZE,KOCAELİ,last slash suffix only; not externally verified,domestic_and_regional_project_references,140,138,right,black,catalogue_extracted_not_currently_verified,"Catalogue wording retained. Line wraps were reconstructed from the PDF layout; names, locations, project status and customer relationships were not externally verified."
792,PETKİM LİMANI ALİAĞA / İZMİR,PETKİM LİMANI ALİAĞA / İZMİR,PETKİM LİMANI ALİAĞA,İZMİR,last slash suffix only; not externally verified,domestic_and_regional_project_references,140,138,right,black,catalogue_extracted_not_currently_verified,"Catalogue wording retained. Line wraps were reconstructed from the PDF layout; names, locations, project status and customer relationships were not externally verified."
793,PETKİM TESİSLERİ ALİAĞA / İZMİR,PETKİM TESİSLERİ ALİAĞA / İZMİR,PETKİM TESİSLERİ ALİAĞA,İZMİR,last slash suffix only; not externally verified,domestic_and_regional_project_references,140,138,right,black,catalogue_extracted_not_currently_verified,"Catalogue wording retained. Line wraps were reconstructed from the PDF layout; names, locations, project status and customer relationships were not externally verified."
794,PİYALEPAŞA BEYOĞLU / İSTANBUL,PİYALEPAŞA BEYOĞLU / İSTANBUL,PİYALEPAŞA BEYOĞLU,İSTANBUL,last slash suffix only; not externally verified,domestic_and_regional_project_references,140,138,right,black,catalogue_extracted_not_currently_verified,"Catalogue wording retained. Line wraps were reconstructed from the PDF layout; names, locations, project status and customer relationships were not externally verified."
795,PLAST-MET KALIP / İSTANBUL,PLAST-MET KALIP / İSTANBUL,PLAST-MET KALIP,İSTANBUL,last slash suffix only; not externally verified,domestic_and_regional_project_references,140,138,right,black,catalogue_extracted_not_currently_verified,"Catalogue wording retained. Line wraps were reconstructed from the PDF layout; names, locations, project status and customer relationships were not externally verified."
796,PLATFORM MERTER AVM / İSTANBUL,PLATFORM MERTER AVM / İSTANBUL,PLATFORM MERTER AVM,İSTANBUL,last slash suffix only; not externally verified,domestic_and_regional_project_references,140,138,right,black,catalogue_extracted_not_currently_verified,"Catalogue wording retained. Line wraps were reconstructed from the PDF layout; names, locations, project status and customer relationships were not externally verified."
797,POLİSAN HOLDİNG A.Ş. / KOCAELİ,POLİSAN HOLDİNG A.Ş. / KOCAELİ,POLİSAN HOLDİNG A.Ş.,KOCAELİ,last slash suffix only; not externally verified,domestic_and_regional_project_references,140,138,right,black,catalogue_extracted_not_currently_verified,"Catalogue wording retained. Line wraps were reconstructed from the PDF layout; names, locations, project status and customer relationships were not externally verified."
798,POLİSAN KİMYA YENİ REÇİNE TESİSİ / KOCAELİ,POLİSAN KİMYA YENİ REÇİNE TESİSİ / KOCAELİ,POLİSAN KİMYA YENİ REÇİNE TESİSİ,KOCAELİ,last slash suffix only; not externally verified,domestic_and_regional_project_references,140,138,right,black,catalogue_extracted_not_currently_verified,"Catalogue wording retained. Line wraps were reconstructed from the PDF layout; names, locations, project status and customer relationships were not externally verified."
799,POLYPLEX EUROPA POLYESTER / TEKİRDAĞ,POLYPLEX EUROPA POLYESTER / TEKİRDAĞ,POLYPLEX EUROPA POLYESTER,TEKİRDAĞ,last slash suffix only; not externally verified,domestic_and_regional_project_references,140,138,right,black,catalogue_extracted_not_currently_verified,"Catalogue wording retained. Line wraps were reconstructed from the PDF layout; names, locations, project status and customer relationships were not externally verified."
800,PRIME MALL AVM / GAZİANTEP,PRIME MALL AVM / GAZİANTEP,PRIME MALL AVM,GAZİANTEP,last slash suffix only; not externally verified,domestic_and_regional_project_references,140,138,right,black,catalogue_extracted_not_currently_verified,"Catalogue wording retained. Line wraps were reconstructed from the PDF layout; names, locations, project status and customer relationships were not externally verified."
801,PROMESA LEVENT KULE / İSTANBUL,PROMESA LEVENT KULE / İSTANBUL,PROMESA LEVENT KULE,İSTANBUL,last slash suffix only; not externally verified,domestic_and_regional_project_references,140,138,right,black,catalogue_extracted_not_currently_verified,"Catalogue wording retained. Line wraps were reconstructed from the PDF layout; names, locations, project status and customer relationships were not externally verified."
802,PRUVA 34 BAKIRKÖY / İSTANBUL,PRUVA 34 BAKIRKÖY / İSTANBUL,PRUVA 34 BAKIRKÖY,İSTANBUL,last slash suffix only; not externally verified,domestic_and_regional_project_references,140,138,right,black,catalogue_extracted_not_currently_verified,"Catalogue wording retained. Line wraps were reconstructed from the PDF layout; names, locations, project status and customer relationships were not externally verified."
803,PULVER KİMYA GEBZE FABRİKA / KOCAELİ,PULVER KİMYA GEBZE FABRİKA / KOCAELİ,PULVER KİMYA GEBZE FABRİKA,KOCAELİ,last slash suffix only; not externally verified,domestic_and_regional_project_references,140,138,right,black,catalogue_extracted_not_currently_verified,"Catalogue wording retained. Line wraps were reconstructed from the PDF layout; names, locations, project status and customer relationships were not externally verified."
804,RABWA RESIDENTIAL / İSTANBUL,RABWA RESIDENTIAL / İSTANBUL,RABWA RESIDENTIAL,İSTANBUL,last slash suffix only; not externally verified,domestic_and_regional_project_references,140,138,right,black,catalogue_extracted_not_currently_verified,"Catalogue wording retained. Line wraps were reconstructed from the PDF layout; names, locations, project status and customer relationships were not externally verified."
805,RADIOTHERAPY HOSPITAL / IRAK,RADIOTHERAPY HOSPITAL / IRAK,RADIOTHERAPY HOSPITAL,IRAK,last slash suffix only; not externally verified,domestic_and_regional_project_references,140,138,right,black,catalogue_extracted_not_currently_verified,"Catalogue wording retained. Line wraps were reconstructed from the PDF layout; names, locations, project status and customer relationships were not externally verified."
806,RADISSON BLU OTEL TAKSİM / İSTANBUL,RADISSON BLU OTEL TAKSİM / İSTANBUL,RADISSON BLU OTEL TAKSİM,İSTANBUL,last slash suffix only; not externally verified,domestic_and_regional_project_references,140,138,right,black,catalogue_extracted_not_currently_verified,"Catalogue wording retained. Line wraps were reconstructed from the PDF layout; names, locations, project status and customer relationships were not externally verified."
807,RAMADA OTEL / ADANA,RAMADA OTEL / ADANA,RAMADA OTEL,ADANA,last slash suffix only; not externally verified,domestic_and_regional_project_references,140,138,right,black,catalogue_extracted_not_currently_verified,"Catalogue wording retained. Line wraps were reconstructed from the PDF layout; names, locations, project status and customer relationships were not externally verified."
808,RAMADA OTEL GEBZE / KOCAELİ,RAMADA OTEL GEBZE / KOCAELİ,RAMADA OTEL GEBZE,KOCAELİ,last slash suffix only; not externally verified,domestic_and_regional_project_references,140,138,right,black,catalogue_extracted_not_currently_verified,"Catalogue wording retained. Line wraps were reconstructed from the PDF layout; names, locations, project status and customer relationships were not externally verified."
809,RAMADA OTEL İZMİT / KOCAELİ,RAMADA OTEL İZMİT / KOCAELİ,RAMADA OTEL İZMİT,KOCAELİ,last slash suffix only; not externally verified,domestic_and_regional_project_references,140,138,right,black,catalogue_extracted_not_currently_verified,"Catalogue wording retained. Line wraps were reconstructed from the PDF layout; names, locations, project status and customer relationships were not externally verified."
810,RAMADİ HASTANESİ / IRAK,RAMADİ HASTANESİ / IRAK,RAMADİ HASTANESİ,IRAK,last slash suffix only; not externally verified,domestic_and_regional_project_references,140,138,right,black,catalogue_extracted_not_currently_verified,"Catalogue wording retained. Line wraps were reconstructed from the PDF layout; names, locations, project status and customer relationships were not externally verified."
811,RANİA HASTANESİ / IRAK,RANİA HASTANESİ / IRAK,RANİA HASTANESİ,IRAK,last slash suffix only; not externally verified,domestic_and_regional_project_references,140,138,right,black,catalogue_extracted_not_currently_verified,"Catalogue wording retained. Line wraps were reconstructed from the PDF layout; names, locations, project status and customer relationships were not externally verified."
812,RANİYE HASTANESİ / IRAK,RANİYE HASTANESİ / IRAK,RANİYE HASTANESİ,IRAK,last slash suffix only; not externally verified,domestic_and_regional_project_references,140,138,right,black,catalogue_extracted_not_currently_verified,"Catalogue wording retained. Line wraps were reconstructed from the PDF layout; names, locations, project status and customer relationships were not externally verified."
813,RECKITT BENCKISER TUZLA / İSTANBUL,RECKITT BENCKISER TUZLA / İSTANBUL,RECKITT BENCKISER TUZLA,İSTANBUL,last slash suffix only; not externally verified,domestic_and_regional_project_references,141,139,left,black,catalogue_extracted_not_currently_verified,"Catalogue wording retained. Line wraps were reconstructed from the PDF layout; names, locations, project status and customer relationships were not externally verified."
814,RECORDATI ÇERKEZKÖY İLAÇ FABRİKASI / TEKİRDAĞ,RECORDATI ÇERKEZKÖY İLAÇ FABRİKASI / TEKİRDAĞ,RECORDATI ÇERKEZKÖY İLAÇ FABRİKASI,TEKİRDAĞ,last slash suffix only; not externally verified,domestic_and_regional_project_references,141,139,left,black,catalogue_extracted_not_currently_verified,"Catalogue wording retained. Line wraps were reconstructed from the PDF layout; names, locations, project status and customer relationships were not externally verified."
815,REFERANS BAHÇEŞEHİR / İSTANBUL,REFERANS BAHÇEŞEHİR / İSTANBUL,REFERANS BAHÇEŞEHİR,İSTANBUL,last slash suffix only; not externally verified,domestic_and_regional_project_references,141,139,left,black,catalogue_extracted_not_currently_verified,"Catalogue wording retained. Line wraps were reconstructed from the PDF layout; names, locations, project status and customer relationships were not externally verified."
816,REFERANS BEYLİKDÜZÜ / İSTANBUL,REFERANS BEYLİKDÜZÜ / İSTANBUL,REFERANS BEYLİKDÜZÜ,İSTANBUL,last slash suffix only; not externally verified,domestic_and_regional_project_references,141,139,left,black,catalogue_extracted_not_currently_verified,"Catalogue wording retained. Line wraps were reconstructed from the PDF layout; names, locations, project status and customer relationships were not externally verified."
817,REGNUM CARYA GOLF & SPA RESORT OTEL / ANTALYA,REGNUM CARYA GOLF & SPA RESORT OTEL / ANTALYA,REGNUM CARYA GOLF & SPA RESORT OTEL,ANTALYA,last slash suffix only; not externally verified,domestic_and_regional_project_references,141,139,left,black,catalogue_extracted_not_currently_verified,"Catalogue wording retained. Line wraps were reconstructed from the PDF layout; names, locations, project status and customer relationships were not externally verified."
818,RENAULT MAİS YEDEK PARÇA AMBARI KESTEL OSB / BURSA,RENAULT MAİS YEDEK PARÇA AMBARI KESTEL OSB / BURSA,RENAULT MAİS YEDEK PARÇA AMBARI KESTEL OSB,BURSA,last slash suffix only; not externally verified,domestic_and_regional_project_references,141,139,left,black,catalogue_extracted_not_currently_verified,"Catalogue wording retained. Line wraps were reconstructed from the PDF layout; names, locations, project status and customer relationships were not externally verified."
819,RENOVA LOT 1-2-3 / GÜRCİSTAN,RENOVA LOT 1-2-3 / GÜRCİSTAN,RENOVA LOT 1-2-3,GÜRCİSTAN,last slash suffix only; not externally verified,domestic_and_regional_project_references,141,139,left,black,catalogue_extracted_not_currently_verified,"Catalogue wording retained. Line wraps were reconstructed from the PDF layout; names, locations, project status and customer relationships were not externally verified."
820,RESİM İSTANBUL,RESİM İSTANBUL,RESİM İSTANBUL,,no slash suffix,domestic_and_regional_project_references,141,139,left,black,catalogue_extracted_not_currently_verified,"Catalogue wording retained. Line wraps were reconstructed from the PDF layout; names, locations, project status and customer relationships were not externally verified."
821,REŞADİYE VİLLALARI / İSTANBUL,REŞADİYE VİLLALARI / İSTANBUL,REŞADİYE VİLLALARI,İSTANBUL,last slash suffix only; not externally verified,domestic_and_regional_project_references,141,139,left,black,catalogue_extracted_not_currently_verified,"Catalogue wording retained. Line wraps were reconstructed from the PDF layout; names, locations, project status and customer relationships were not externally verified."
822,RİNGS İSTANBUL,RİNGS İSTANBUL,RİNGS İSTANBUL,,no slash suffix,domestic_and_regional_project_references,141,139,left,black,catalogue_extracted_not_currently_verified,"Catalogue wording retained. Line wraps were reconstructed from the PDF layout; names, locations, project status and customer relationships were not externally verified."
823,RİXOS PERA OTEL / İSTANBUL,RİXOS PERA OTEL / İSTANBUL,RİXOS PERA OTEL,İSTANBUL,last slash suffix only; not externally verified,domestic_and_regional_project_references,141,139,left,black,catalogue_extracted_not_currently_verified,"Catalogue wording retained. Line wraps were reconstructed from the PDF layout; names, locations, project status and customer relationships were not externally verified."
824,RKB HASTANESİ / MOLDOVA,RKB HASTANESİ / MOLDOVA,RKB HASTANESİ,MOLDOVA,last slash suffix only; not externally verified,domestic_and_regional_project_references,141,139,left,black,catalogue_extracted_not_currently_verified,"Catalogue wording retained. Line wraps were reconstructed from the PDF layout; names, locations, project status and customer relationships were not externally verified."
825,ROKETSAN ELMADAĞ YERLEŞKESİ HİZMET BİNASI / ANKARA,ROKETSAN ELMADAĞ YERLEŞKESİ HİZMET BİNASI / ANKARA,ROKETSAN ELMADAĞ YERLEŞKESİ HİZMET BİNASI,ANKARA,last slash suffix only; not externally verified,domestic_and_regional_project_references,141,139,left,black,catalogue_extracted_not_currently_verified,"Catalogue wording retained. Line wraps were reconstructed from the PDF layout; names, locations, project status and customer relationships were not externally verified."
826,ROKETSAN KIRKLARELİ TESİSİ,ROKETSAN KIRKLARELİ TESİSİ,ROKETSAN KIRKLARELİ TESİSİ,,no slash suffix,domestic_and_regional_project_references,141,139,left,black,catalogue_extracted_not_currently_verified,"Catalogue wording retained. Line wraps were reconstructed from the PDF layout; names, locations, project status and customer relationships were not externally verified."
827,ROKETSAN N61 / ANKARA,ROKETSAN N61 / ANKARA,ROKETSAN N61,ANKARA,last slash suffix only; not externally verified,domestic_and_regional_project_references,141,139,left,black,catalogue_extracted_not_currently_verified,"Catalogue wording retained. Line wraps were reconstructed from the PDF layout; names, locations, project status and customer relationships were not externally verified."
828,ROKETSAN TAPA ÜRETİM TESİSLERİ / ANKARA,ROKETSAN TAPA ÜRETİM TESİSLERİ / ANKARA,ROKETSAN TAPA ÜRETİM TESİSLERİ,ANKARA,last slash suffix only; not externally verified,domestic_and_regional_project_references,141,139,left,black,catalogue_extracted_not_currently_verified,"Catalogue wording retained. Line wraps were reconstructed from the PDF layout; names, locations, project status and customer relationships were not externally verified."
829,RUSSKY STANDART VODKA FABRİKASI / RUSYA,RUSSKY STANDART VODKA FABRİKASI / RUSYA,RUSSKY STANDART VODKA FABRİKASI,RUSYA,last slash suffix only; not externally verified,domestic_and_regional_project_references,141,139,left,black,catalogue_extracted_not_currently_verified,"Catalogue wording retained. Line wraps were reconstructed from the PDF layout; names, locations, project status and customer relationships were not externally verified."
830,SABANCI ÜNİVERSİTESİ NANODAM / İSTANBUL,SABANCI ÜNİVERSİTESİ NANODAM / İSTANBUL,SABANCI ÜNİVERSİTESİ NANODAM,İSTANBUL,last slash suffix only; not externally verified,domestic_and_regional_project_references,141,139,left,black,catalogue_extracted_not_currently_verified,"Catalogue wording retained. Line wraps were reconstructed from the PDF layout; names, locations, project status and customer relationships were not externally verified."
831,SABİHA GÖKÇEN HAVAALANI / İSTANBUL,SABİHA GÖKÇEN HAVAALANI / İSTANBUL,SABİHA GÖKÇEN HAVAALANI,İSTANBUL,last slash suffix only; not externally verified,domestic_and_regional_project_references,141,139,left,black,catalogue_extracted_not_currently_verified,"Catalogue wording retained. Line wraps were reconstructed from the PDF layout; names, locations, project status and customer relationships were not externally verified."
832,SAKARYA 3.OSB ALT YAPI İŞLERİ,SAKARYA 3.OSB ALT YAPI İŞLERİ,SAKARYA 3.OSB ALT YAPI İŞLERİ,,no slash suffix,domestic_and_regional_project_references,141,139,left,black,catalogue_extracted_not_currently_verified,"Catalogue wording retained. Line wraps were reconstructed from the PDF layout; names, locations, project status and customer relationships were not externally verified."
833,SAKARYA ENTEGRE KATI ATIK YÖN.A.Ş,SAKARYA ENTEGRE KATI ATIK YÖN.A.Ş,SAKARYA ENTEGRE KATI ATIK YÖN.A.Ş,,no slash suffix,domestic_and_regional_project_references,141,139,left,black,catalogue_extracted_not_currently_verified,"Catalogue wording retained. Line wraps were reconstructed from the PDF layout; names, locations, project status and customer relationships were not externally verified."
834,SAKARYA STADYUM,SAKARYA STADYUM,SAKARYA STADYUM,,no slash suffix,domestic_and_regional_project_references,141,139,left,black,catalogue_extracted_not_currently_verified,"Catalogue wording retained. Line wraps were reconstructed from the PDF layout; names, locations, project status and customer relationships were not externally verified."
835,SAKARYA ÜNİVERSİTESİ,SAKARYA ÜNİVERSİTESİ,SAKARYA ÜNİVERSİTESİ,,no slash suffix,domestic_and_regional_project_references,141,139,left,black,catalogue_extracted_not_currently_verified,"Catalogue wording retained. Line wraps were reconstructed from the PDF layout; names, locations, project status and customer relationships were not externally verified."
836,SAMSUN 900 YATAKLI ŞEHİR HASTANESİ,SAMSUN 900 YATAKLI ŞEHİR HASTANESİ,SAMSUN 900 YATAKLI ŞEHİR HASTANESİ,,no slash suffix,domestic_and_regional_project_references,141,139,left,black,catalogue_extracted_not_currently_verified,"Catalogue wording retained. Line wraps were reconstructed from the PDF layout; names, locations, project status and customer relationships were not externally verified."
837,SAMURLU RES MENEMEN / İZMİR,SAMURLU RES MENEMEN / İZMİR,SAMURLU RES MENEMEN,İZMİR,last slash suffix only; not externally verified,domestic_and_regional_project_references,141,139,left,black,catalogue_extracted_not_currently_verified,"Catalogue wording retained. Line wraps were reconstructed from the PDF layout; names, locations, project status and customer relationships were not externally verified."
838,SANCAKTEPE KÜLTÜR MERKEZİ / İSTANBUL,SANCAKTEPE KÜLTÜR MERKEZİ / İSTANBUL,SANCAKTEPE KÜLTÜR MERKEZİ,İSTANBUL,last slash suffix only; not externally verified,domestic_and_regional_project_references,141,139,left,black,catalogue_extracted_not_currently_verified,"Catalogue wording retained. Line wraps were reconstructed from the PDF layout; names, locations, project status and customer relationships were not externally verified."
839,SANTA FARMA İLAÇ FABRİKASI GEBZE / KOCAELİ,SANTA FARMA İLAÇ FABRİKASI GEBZE / KOCAELİ,SANTA FARMA İLAÇ FABRİKASI GEBZE,KOCAELİ,last slash suffix only; not externally verified,domestic_and_regional_project_references,141,139,left,black,catalogue_extracted_not_currently_verified,"Catalogue wording retained. Line wraps were reconstructed from the PDF layout; names, locations, project status and customer relationships were not externally verified."
840,SARAY RİVER GES / ÇORUM,SARAY RİVER GES / ÇORUM,SARAY RİVER GES,ÇORUM,last slash suffix only; not externally verified,domestic_and_regional_project_references,141,139,left,black,catalogue_extracted_not_currently_verified,"Catalogue wording retained. Line wraps were reconstructed from the PDF layout; names, locations, project status and customer relationships were not externally verified."
841,SARES RES / ÇANAKKALE,SARES RES / ÇANAKKALE,SARES RES,ÇANAKKALE,last slash suffix only; not externally verified,domestic_and_regional_project_references,141,139,left,black,catalogue_extracted_not_currently_verified,"Catalogue wording retained. Line wraps were reconstructed from the PDF layout; names, locations, project status and customer relationships were not externally verified."
842,SARIKAMIŞ ATIKSI ARITMA TESİSİ / KARS,SARIKAMIŞ ATIKSI ARITMA TESİSİ / KARS,SARIKAMIŞ ATIKSI ARITMA TESİSİ,KARS,last slash suffix only; not externally verified,domestic_and_regional_project_references,141,139,left,black,catalogue_extracted_not_currently_verified,"Catalogue wording retained. Line wraps were reconstructed from the PDF layout; names, locations, project status and customer relationships were not externally verified."
843,SARISSA EVLERİ / İSTANBUL,SARISSA EVLERİ / İSTANBUL,SARISSA EVLERİ,İSTANBUL,last slash suffix only; not externally verified,domestic_and_regional_project_references,141,139,left,black,catalogue_extracted_not_currently_verified,"Catalogue wording retained. Line wraps were reconstructed from the PDF layout; names, locations, project status and customer relationships were not externally verified."
844,SASA POLYESTER ELYAF TESİSLERİ / ADANA,SASA POLYESTER ELYAF TESİSLERİ / ADANA,SASA POLYESTER ELYAF TESİSLERİ,ADANA,last slash suffix only; not externally verified,domestic_and_regional_project_references,141,139,left,black,catalogue_extracted_not_currently_verified,"Catalogue wording retained. Line wraps were reconstructed from the PDF layout; names, locations, project status and customer relationships were not externally verified."
845,SAYALAR-2 RES / MANİSA,SAYALAR-2 RES / MANİSA,SAYALAR-2 RES,MANİSA,last slash suffix only; not externally verified,domestic_and_regional_project_references,141,139,left,black,catalogue_extracted_not_currently_verified,"Catalogue wording retained. Line wraps were reconstructed from the PDF layout; names, locations, project status and customer relationships were not externally verified."
846,SEA PEARL ATAKÖY KONUT / İSTANBUL,SEA PEARL ATAKÖY KONUT / İSTANBUL,SEA PEARL ATAKÖY KONUT,İSTANBUL,last slash suffix only; not externally verified,domestic_and_regional_project_references,141,139,left,black,catalogue_extracted_not_currently_verified,"Catalogue wording retained. Line wraps were reconstructed from the PDF layout; names, locations, project status and customer relationships were not externally verified."
847,SECRET GARDEN KONUT / İSTANBUL,SECRET GARDEN KONUT / İSTANBUL,SECRET GARDEN KONUT,İSTANBUL,last slash suffix only; not externally verified,domestic_and_regional_project_references,141,139,left,black,catalogue_extracted_not_currently_verified,"Catalogue wording retained. Line wraps were reconstructed from the PDF layout; names, locations, project status and customer relationships were not externally verified."
848,SELENIUM ATAKÖY KONUTLARI / İSTANBUL,SELENIUM ATAKÖY KONUTLARI / İSTANBUL,SELENIUM ATAKÖY KONUTLARI,İSTANBUL,last slash suffix only; not externally verified,domestic_and_regional_project_references,141,139,left,black,catalogue_extracted_not_currently_verified,"Catalogue wording retained. Line wraps were reconstructed from the PDF layout; names, locations, project status and customer relationships were not externally verified."
849,SEMİLYON PARK ÇORLU / TEKİRDAĞ,SEMİLYON PARK ÇORLU / TEKİRDAĞ,SEMİLYON PARK ÇORLU,TEKİRDAĞ,last slash suffix only; not externally verified,domestic_and_regional_project_references,141,139,left,black,catalogue_extracted_not_currently_verified,"Catalogue wording retained. Line wraps were reconstructed from the PDF layout; names, locations, project status and customer relationships were not externally verified."
850,SERİK ATIKSU ARITMA TESİSİ / ANTALYA,SERİK ATIKSU ARITMA TESİSİ / ANTALYA,SERİK ATIKSU ARITMA TESİSİ,ANTALYA,last slash suffix only; not externally verified,domestic_and_regional_project_references,141,139,left,black,catalogue_extracted_not_currently_verified,"Catalogue wording retained. Line wraps were reconstructed from the PDF layout; names, locations, project status and customer relationships were not externally verified."
851,SETİF PARK MALL / CEZAYİR,SETİF PARK MALL / CEZAYİR,SETİF PARK MALL,CEZAYİR,last slash suffix only; not externally verified,domestic_and_regional_project_references,141,139,left,black,catalogue_extracted_not_currently_verified,"Catalogue wording retained. Line wraps were reconstructed from the PDF layout; names, locations, project status and customer relationships were not externally verified."
852,SETUR AYVALIK MARİNA / BALIKESİR,SETUR AYVALIK MARİNA / BALIKESİR,SETUR AYVALIK MARİNA,BALIKESİR,last slash suffix only; not externally verified,domestic_and_regional_project_references,141,139,left,black,catalogue_extracted_not_currently_verified,"Catalogue wording retained. Line wraps were reconstructed from the PDF layout; names, locations, project status and customer relationships were not externally verified."
853,SEYRAN ŞEHİR KONUTLARI / İSTANBUL,SEYRAN ŞEHİR KONUTLARI / İSTANBUL,SEYRAN ŞEHİR KONUTLARI,İSTANBUL,last slash suffix only; not externally verified,domestic_and_regional_project_references,141,139,left,black,catalogue_extracted_not_currently_verified,"Catalogue wording retained. Line wraps were reconstructed from the PDF layout; names, locations, project status and customer relationships were not externally verified."
854,SEYRANTEPE ŞİŞLİ ETFAL HASTANESİ / İSTANBUL,SEYRANTEPE ŞİŞLİ ETFAL HASTANESİ / İSTANBUL,SEYRANTEPE ŞİŞLİ ETFAL HASTANESİ,İSTANBUL,last slash suffix only; not externally verified,domestic_and_regional_project_references,141,139,left,black,catalogue_extracted_not_currently_verified,"Catalogue wording retained. Line wraps were reconstructed from the PDF layout; names, locations, project status and customer relationships were not externally verified."
855,SF SANDALYE FABRİKASI ÇAYCUMA / ZONGULDAK,SF SANDALYE FABRİKASI ÇAYCUMA / ZONGULDAK,SF SANDALYE FABRİKASI ÇAYCUMA,ZONGULDAK,last slash suffix only; not externally verified,domestic_and_regional_project_references,141,139,left,black,catalogue_extracted_not_currently_verified,"Catalogue wording retained. Line wraps were reconstructed from the PDF layout; names, locations, project status and customer relationships were not externally verified."
856,SHABRAN-SİYEZEN ATIKSU ARITMA TESİSİ / AZERBAYCAN,SHABRAN-SİYEZEN ATIKSU ARITMA TESİSİ / AZERBAYCAN,SHABRAN-SİYEZEN ATIKSU ARITMA TESİSİ,AZERBAYCAN,last slash suffix only; not externally verified,domestic_and_regional_project_references,141,139,left,black,catalogue_extracted_not_currently_verified,"Catalogue wording retained. Line wraps were reconstructed from the PDF layout; names, locations, project status and customer relationships were not externally verified."
857,SHAKHTAR DONETSK STADYUMU / UKRAYNA,SHAKHTAR DONETSK STADYUMU / UKRAYNA,SHAKHTAR DONETSK STADYUMU,UKRAYNA,last slash suffix only; not externally verified,domestic_and_regional_project_references,141,139,left,black,catalogue_extracted_not_currently_verified,"Catalogue wording retained. Line wraps were reconstructed from the PDF layout; names, locations, project status and customer relationships were not externally verified."
858,SHANGRI-LA BOSPHORUS HOTEL / İSTANBUL,SHANGRI-LA BOSPHORUS HOTEL / İSTANBUL,SHANGRI-LA BOSPHORUS HOTEL,İSTANBUL,last slash suffix only; not externally verified,domestic_and_regional_project_references,141,139,left,black,catalogue_extracted_not_currently_verified,"Catalogue wording retained. Line wraps were reconstructed from the PDF layout; names, locations, project status and customer relationships were not externally verified."
859,SİNPAŞ GYO AYDOS COUNTRY / İSTANBUL,SİNPAŞ GYO AYDOS COUNTRY / İSTANBUL,SİNPAŞ GYO AYDOS COUNTRY,İSTANBUL,last slash suffix only; not externally verified,domestic_and_regional_project_references,141,139,left,black,catalogue_extracted_not_currently_verified,"Catalogue wording retained. Line wraps were reconstructed from the PDF layout; names, locations, project status and customer relationships were not externally verified."
860,SİNPAŞ GYO BOMONTİ QUEEN CENTRAL PARK / İSTANBUL,SİNPAŞ GYO BOMONTİ QUEEN CENTRAL PARK / İSTANBUL,SİNPAŞ GYO BOMONTİ QUEEN CENTRAL PARK,İSTANBUL,last slash suffix only; not externally verified,domestic_and_regional_project_references,141,139,left,black,catalogue_extracted_not_currently_verified,"Catalogue wording retained. Line wraps were reconstructed from the PDF layout; names, locations, project status and customer relationships were not externally verified."
861,SİNPAŞ GYO BOSPHORUS CITY / İSTANBUL,SİNPAŞ GYO BOSPHORUS CITY / İSTANBUL,SİNPAŞ GYO BOSPHORUS CITY,İSTANBUL,last slash suffix only; not externally verified,domestic_and_regional_project_references,141,139,left,black,catalogue_extracted_not_currently_verified,"Catalogue wording retained. Line wraps were reconstructed from the PDF layout; names, locations, project status and customer relationships were not externally verified."
862,SİNPAŞ GYO EGE VADİSİ / ANKARA,SİNPAŞ GYO EGE VADİSİ / ANKARA,SİNPAŞ GYO EGE VADİSİ,ANKARA,last slash suffix only; not externally verified,domestic_and_regional_project_references,141,139,left,black,catalogue_extracted_not_currently_verified,"Catalogue wording retained. Line wraps were reconstructed from the PDF layout; names, locations, project status and customer relationships were not externally verified."
863,SİNPAŞ GYO EGE YAKASI / İSTANBUL,SİNPAŞ GYO EGE YAKASI / İSTANBUL,SİNPAŞ GYO EGE YAKASI,İSTANBUL,last slash suffix only; not externally verified,domestic_and_regional_project_references,141,139,left,black,catalogue_extracted_not_currently_verified,"Catalogue wording retained. Line wraps were reconstructed from the PDF layout; names, locations, project status and customer relationships were not externally verified."
864,SİNPAŞ GYO FİNANS ŞEHİR / İSTANBUL,SİNPAŞ GYO FİNANS ŞEHİR / İSTANBUL,SİNPAŞ GYO FİNANS ŞEHİR,İSTANBUL,last slash suffix only; not externally verified,domestic_and_regional_project_references,141,139,left,black,catalogue_extracted_not_currently_verified,"Catalogue wording retained. Line wraps were reconstructed from the PDF layout; names, locations, project status and customer relationships were not externally verified."
865,SİNPAŞ GYO İSTANBUL SARAYLARI,SİNPAŞ GYO İSTANBUL SARAYLARI,SİNPAŞ GYO İSTANBUL SARAYLARI,,no slash suffix,domestic_and_regional_project_references,141,139,left,black,catalogue_extracted_not_currently_verified,"Catalogue wording retained. Line wraps were reconstructed from the PDF layout; names, locations, project status and customer relationships were not externally verified."
866,SİNPAŞ GYO KAĞITHANE FLAT OFİS / İSTANBUL,SİNPAŞ GYO KAĞITHANE FLAT OFİS / İSTANBUL,SİNPAŞ GYO KAĞITHANE FLAT OFİS,İSTANBUL,last slash suffix only; not externally verified,domestic_and_regional_project_references,141,139,left,black,catalogue_extracted_not_currently_verified,"Catalogue wording retained. Line wraps were reconstructed from the PDF layout; names, locations, project status and customer relationships were not externally verified."
867,SİNPAŞ GYO KÖYCEĞİZ / İSTANBUL,SİNPAŞ GYO KÖYCEĞİZ / İSTANBUL,SİNPAŞ GYO KÖYCEĞİZ,İSTANBUL,last slash suffix only; not externally verified,domestic_and_regional_project_references,141,139,right,black,catalogue_extracted_not_currently_verified,"Catalogue wording retained. Line wraps were reconstructed from the PDF layout; names, locations, project status and customer relationships were not externally verified."
868,SİNPAŞ GYO METROLİFE / İSTANBUL,SİNPAŞ GYO METROLİFE / İSTANBUL,SİNPAŞ GYO METROLİFE,İSTANBUL,last slash suffix only; not externally verified,domestic_and_regional_project_references,141,139,right,black,catalogue_extracted_not_currently_verified,"Catalogue wording retained. Line wraps were reconstructed from the PDF layout; names, locations, project status and customer relationships were not externally verified."
869,SİNPAŞ GYO PALAS FİNANS ŞEHİR / İSTANBUL,SİNPAŞ GYO PALAS FİNANS ŞEHİR / İSTANBUL,SİNPAŞ GYO PALAS FİNANS ŞEHİR,İSTANBUL,last slash suffix only; not externally verified,domestic_and_regional_project_references,141,139,right,black,catalogue_extracted_not_currently_verified,"Catalogue wording retained. Line wraps were reconstructed from the PDF layout; names, locations, project status and customer relationships were not externally verified."
870,SKY TOWER / BURSA,SKY TOWER / BURSA,SKY TOWER,BURSA,last slash suffix only; not externally verified,domestic_and_regional_project_references,141,139,right,black,catalogue_extracted_not_currently_verified,"Catalogue wording retained. Line wraps were reconstructed from the PDF layout; names, locations, project status and customer relationships were not externally verified."
871,SODA SAN. A.Ş. / MERSİN,SODA SAN. A.Ş. / MERSİN,SODA SAN. A.Ş.,MERSİN,last slash suffix only; not externally verified,domestic_and_regional_project_references,141,139,right,black,catalogue_extracted_not_currently_verified,"Catalogue wording retained. Line wraps were reconstructed from the PDF layout; names, locations, project status and customer relationships were not externally verified."
872,SOMA TERMİK SANTRALİ / MANİSA,SOMA TERMİK SANTRALİ / MANİSA,SOMA TERMİK SANTRALİ,MANİSA,last slash suffix only; not externally verified,domestic_and_regional_project_references,141,139,right,black,catalogue_extracted_not_currently_verified,"Catalogue wording retained. Line wraps were reconstructed from the PDF layout; names, locations, project status and customer relationships were not externally verified."
873,SOYAK EVOSTAR / İSTANBUL,SOYAK EVOSTAR / İSTANBUL,SOYAK EVOSTAR,İSTANBUL,last slash suffix only; not externally verified,domestic_and_regional_project_references,141,139,right,black,catalogue_extracted_not_currently_verified,"Catalogue wording retained. Line wraps were reconstructed from the PDF layout; names, locations, project status and customer relationships were not externally verified."
874,SOYAK KONFORİA / İSTANBUL,SOYAK KONFORİA / İSTANBUL,SOYAK KONFORİA,İSTANBUL,last slash suffix only; not externally verified,domestic_and_regional_project_references,141,139,right,black,catalogue_extracted_not_currently_verified,"Catalogue wording retained. Line wraps were reconstructed from the PDF layout; names, locations, project status and customer relationships were not externally verified."
875,SOYAK MAVİŞEHİR OPTİMUS / İZMİR,SOYAK MAVİŞEHİR OPTİMUS / İZMİR,SOYAK MAVİŞEHİR OPTİMUS,İZMİR,last slash suffix only; not externally verified,domestic_and_regional_project_references,141,139,right,black,catalogue_extracted_not_currently_verified,"Catalogue wording retained. Line wraps were reconstructed from the PDF layout; names, locations, project status and customer relationships were not externally verified."
876,SOYAK PARK APARTS / İSTANBUL,SOYAK PARK APARTS / İSTANBUL,SOYAK PARK APARTS,İSTANBUL,last slash suffix only; not externally verified,domestic_and_regional_project_references,141,139,right,black,catalogue_extracted_not_currently_verified,"Catalogue wording retained. Line wraps were reconstructed from the PDF layout; names, locations, project status and customer relationships were not externally verified."
877,SÖKE BATI ÇİMENTO / AYDIN,SÖKE BATI ÇİMENTO / AYDIN,SÖKE BATI ÇİMENTO,AYDIN,last slash suffix only; not externally verified,domestic_and_regional_project_references,141,139,right,black,catalogue_extracted_not_currently_verified,"Catalogue wording retained. Line wraps were reconstructed from the PDF layout; names, locations, project status and customer relationships were not externally verified."
878,SÖNMEZ TRAFO YENİ FABRİKA / KOCAELİ,SÖNMEZ TRAFO YENİ FABRİKA / KOCAELİ,SÖNMEZ TRAFO YENİ FABRİKA,KOCAELİ,last slash suffix only; not externally verified,domestic_and_regional_project_references,141,139,right,black,catalogue_extracted_not_currently_verified,"Catalogue wording retained. Line wraps were reconstructed from the PDF layout; names, locations, project status and customer relationships were not externally verified."
879,SPINE TOWER MASLAK / İSTANBUL,SPINE TOWER MASLAK / İSTANBUL,SPINE TOWER MASLAK,İSTANBUL,last slash suffix only; not externally verified,domestic_and_regional_project_references,141,139,right,black,catalogue_extracted_not_currently_verified,"Catalogue wording retained. Line wraps were reconstructed from the PDF layout; names, locations, project status and customer relationships were not externally verified."
880,STAR AVM / YALOVA,STAR AVM / YALOVA,STAR AVM,YALOVA,last slash suffix only; not externally verified,domestic_and_regional_project_references,141,139,right,black,catalogue_extracted_not_currently_verified,"Catalogue wording retained. Line wraps were reconstructed from the PDF layout; names, locations, project status and customer relationships were not externally verified."
881,STAR OF BOSPHORUS DATA CENTER / İSTANBUL,STAR OF BOSPHORUS DATA CENTER / İSTANBUL,STAR OF BOSPHORUS DATA CENTER,İSTANBUL,last slash suffix only; not externally verified,domestic_and_regional_project_references,141,139,right,black,catalogue_extracted_not_currently_verified,"Catalogue wording retained. Line wraps were reconstructed from the PDF layout; names, locations, project status and customer relationships were not externally verified."
882,STAR RAFİNERİSİ ALİAĞA / İZMİR,STAR RAFİNERİSİ ALİAĞA / İZMİR,STAR RAFİNERİSİ ALİAĞA,İZMİR,last slash suffix only; not externally verified,domestic_and_regional_project_references,141,139,right,black,catalogue_extracted_not_currently_verified,"Catalogue wording retained. Line wraps were reconstructed from the PDF layout; names, locations, project status and customer relationships were not externally verified."
883,SUNGURLU ATIKSU ARITMA TESİSİ / ÇORUM,SUNGURLU ATIKSU ARITMA TESİSİ / ÇORUM,SUNGURLU ATIKSU ARITMA TESİSİ,ÇORUM,last slash suffix only; not externally verified,domestic_and_regional_project_references,141,139,right,black,catalogue_extracted_not_currently_verified,"Catalogue wording retained. Line wraps were reconstructed from the PDF layout; names, locations, project status and customer relationships were not externally verified."
884,SURYAPI ANTALYA KONUTLARI,SURYAPI ANTALYA KONUTLARI,SURYAPI ANTALYA KONUTLARI,,no slash suffix,domestic_and_regional_project_references,141,139,right,black,catalogue_extracted_not_currently_verified,"Catalogue wording retained. Line wraps were reconstructed from the PDF layout; names, locations, project status and customer relationships were not externally verified."
885,SURYAPI BAHÇEKAYA / İSTANBUL,SURYAPI BAHÇEKAYA / İSTANBUL,SURYAPI BAHÇEKAYA,İSTANBUL,last slash suffix only; not externally verified,domestic_and_regional_project_references,141,139,right,black,catalogue_extracted_not_currently_verified,"Catalogue wording retained. Line wraps were reconstructed from the PDF layout; names, locations, project status and customer relationships were not externally verified."
886,SURYAPI GÖLBAHÇE / İSTANBUL,SURYAPI GÖLBAHÇE / İSTANBUL,SURYAPI GÖLBAHÇE,İSTANBUL,last slash suffix only; not externally verified,domestic_and_regional_project_references,141,139,right,black,catalogue_extracted_not_currently_verified,"Catalogue wording retained. Line wraps were reconstructed from the PDF layout; names, locations, project status and customer relationships were not externally verified."
887,SURYAPI İDİLİA SULTANBEYLİ / İSTANBUL,SURYAPI İDİLİA SULTANBEYLİ / İSTANBUL,SURYAPI İDİLİA SULTANBEYLİ,İSTANBUL,last slash suffix only; not externally verified,domestic_and_regional_project_references,141,139,right,black,catalogue_extracted_not_currently_verified,"Catalogue wording retained. Line wraps were reconstructed from the PDF layout; names, locations, project status and customer relationships were not externally verified."
888,SURYAPI İLKBAHAR SULTANBEYLİ / İSTANBUL,SURYAPI İLKBAHAR SULTANBEYLİ / İSTANBUL,SURYAPI İLKBAHAR SULTANBEYLİ,İSTANBUL,last slash suffix only; not externally verified,domestic_and_regional_project_references,141,139,right,black,catalogue_extracted_not_currently_verified,"Catalogue wording retained. Line wraps were reconstructed from the PDF layout; names, locations, project status and customer relationships were not externally verified."
889,SURYAPI LAVENDER / İSTANBUL,SURYAPI LAVENDER / İSTANBUL,SURYAPI LAVENDER,İSTANBUL,last slash suffix only; not externally verified,domestic_and_regional_project_references,141,139,right,black,catalogue_extracted_not_currently_verified,"Catalogue wording retained. Line wraps were reconstructed from the PDF layout; names, locations, project status and customer relationships were not externally verified."
890,SURYAPI MİRAGE BAĞCILAR / İSTANBUL,SURYAPI MİRAGE BAĞCILAR / İSTANBUL,SURYAPI MİRAGE BAĞCILAR,İSTANBUL,last slash suffix only; not externally verified,domestic_and_regional_project_references,141,139,right,black,catalogue_extracted_not_currently_verified,"Catalogue wording retained. Line wraps were reconstructed from the PDF layout; names, locations, project status and customer relationships were not externally verified."
891,SURYAPI MUHİT SANCAKTEPE,SURYAPI MUHİT SANCAKTEPE,SURYAPI MUHİT SANCAKTEPE,,no slash suffix,domestic_and_regional_project_references,141,139,right,black,catalogue_extracted_not_currently_verified,"Catalogue wording retained. Line wraps were reconstructed from the PDF layout; names, locations, project status and customer relationships were not externally verified."
892,SURYAPI SEMT BAHÇEKENT / İSTANBUL,SURYAPI SEMT BAHÇEKENT / İSTANBUL,SURYAPI SEMT BAHÇEKENT,İSTANBUL,last slash suffix only; not externally verified,domestic_and_regional_project_references,141,139,right,black,catalogue_extracted_not_currently_verified,"Catalogue wording retained. Line wraps were reconstructed from the PDF layout; names, locations, project status and customer relationships were not externally verified."
893,SURYAPI ŞEHİR KONAKLARI / İSTANBUL,SURYAPI ŞEHİR KONAKLARI / İSTANBUL,SURYAPI ŞEHİR KONAKLARI,İSTANBUL,last slash suffix only; not externally verified,domestic_and_regional_project_references,141,139,right,black,catalogue_extracted_not_currently_verified,"Catalogue wording retained. Line wraps were reconstructed from the PDF layout; names, locations, project status and customer relationships were not externally verified."
894,SURYAPI TAKSİM CAMİ / İSTANBUL,SURYAPI TAKSİM CAMİ / İSTANBUL,SURYAPI TAKSİM CAMİ,İSTANBUL,last slash suffix only; not externally verified,domestic_and_regional_project_references,141,139,right,black,catalogue_extracted_not_currently_verified,"Catalogue wording retained. Line wraps were reconstructed from the PDF layout; names, locations, project status and customer relationships were not externally verified."
895,SURYAPI TEMPO CITY KAĞITHANE / İSTANBUL,SURYAPI TEMPO CITY KAĞITHANE / İSTANBUL,SURYAPI TEMPO CITY KAĞITHANE,İSTANBUL,last slash suffix only; not externally verified,domestic_and_regional_project_references,141,139,right,black,catalogue_extracted_not_currently_verified,"Catalogue wording retained. Line wraps were reconstructed from the PDF layout; names, locations, project status and customer relationships were not externally verified."
896,SURYAPI TİLİA ÇEKMEKÖY / İSTANBUL,SURYAPI TİLİA ÇEKMEKÖY / İSTANBUL,SURYAPI TİLİA ÇEKMEKÖY,İSTANBUL,last slash suffix only; not externally verified,domestic_and_regional_project_references,141,139,right,black,catalogue_extracted_not_currently_verified,"Catalogue wording retained. Line wraps were reconstructed from the PDF layout; names, locations, project status and customer relationships were not externally verified."
897,SURYAPI TOPKAPI KONUT / İSTANBUL,SURYAPI TOPKAPI KONUT / İSTANBUL,SURYAPI TOPKAPI KONUT,İSTANBUL,last slash suffix only; not externally verified,domestic_and_regional_project_references,141,139,right,black,catalogue_extracted_not_currently_verified,"Catalogue wording retained. Line wraps were reconstructed from the PDF layout; names, locations, project status and customer relationships were not externally verified."
898,SURYAPI YEŞİL MAVİ MALTEPE / İSTANBUL,SURYAPI YEŞİL MAVİ MALTEPE / İSTANBUL,SURYAPI YEŞİL MAVİ MALTEPE,İSTANBUL,last slash suffix only; not externally verified,domestic_and_regional_project_references,141,139,right,black,catalogue_extracted_not_currently_verified,"Catalogue wording retained. Line wraps were reconstructed from the PDF layout; names, locations, project status and customer relationships were not externally verified."
899,SUSURLUK ATIKSU ARITMA TESİSİ / BALIKESİR,SUSURLUK ATIKSU ARITMA TESİSİ / BALIKESİR,SUSURLUK ATIKSU ARITMA TESİSİ,BALIKESİR,last slash suffix only; not externally verified,domestic_and_regional_project_references,141,139,right,black,catalogue_extracted_not_currently_verified,"Catalogue wording retained. Line wraps were reconstructed from the PDF layout; names, locations, project status and customer relationships were not externally verified."
900,ŞAHSUVAROĞLU ANKARA PLAZA,ŞAHSUVAROĞLU ANKARA PLAZA,ŞAHSUVAROĞLU ANKARA PLAZA,,no slash suffix,domestic_and_regional_project_references,141,139,right,black,catalogue_extracted_not_currently_verified,"Catalogue wording retained. Line wraps were reconstructed from the PDF layout; names, locations, project status and customer relationships were not externally verified."
901,ŞAİR MEHMET EMİN YURDAKUL İLKOKULU / İSTANBUL,ŞAİR MEHMET EMİN YURDAKUL İLKOKULU / İSTANBUL,ŞAİR MEHMET EMİN YURDAKUL İLKOKULU,İSTANBUL,last slash suffix only; not externally verified,domestic_and_regional_project_references,141,139,right,black,catalogue_extracted_not_currently_verified,"Catalogue wording retained. Line wraps were reconstructed from the PDF layout; names, locations, project status and customer relationships were not externally verified."
902,ŞARKIŞLA ATIKSU ARITMA TESİSİ / SİVAS,ŞARKIŞLA ATIKSU ARITMA TESİSİ / SİVAS,ŞARKIŞLA ATIKSU ARITMA TESİSİ,SİVAS,last slash suffix only; not externally verified,domestic_and_regional_project_references,141,139,right,black,catalogue_extracted_not_currently_verified,"Catalogue wording retained. Line wraps were reconstructed from the PDF layout; names, locations, project status and customer relationships were not externally verified."
903,ŞARKÖY RES / TEKİRDAĞ,ŞARKÖY RES / TEKİRDAĞ,ŞARKÖY RES,TEKİRDAĞ,last slash suffix only; not externally verified,domestic_and_regional_project_references,141,139,right,black,catalogue_extracted_not_currently_verified,"Catalogue wording retained. Line wraps were reconstructed from the PDF layout; names, locations, project status and customer relationships were not externally verified."
904,ŞEHİT HÜSEYİN TUNÇ ÖZEL EĞT. İŞ UYG. OKULU / İSTANBUL,ŞEHİT HÜSEYİN TUNÇ ÖZEL EĞT. İŞ UYG. OKULU / İSTANBUL,ŞEHİT HÜSEYİN TUNÇ ÖZEL EĞT. İŞ UYG. OKULU,İSTANBUL,last slash suffix only; not externally verified,domestic_and_regional_project_references,141,139,right,black,catalogue_extracted_not_currently_verified,"Catalogue wording retained. Line wraps were reconstructed from the PDF layout; names, locations, project status and customer relationships were not externally verified."
905,ŞEKİ ATIKSU ARITMA TESİSİ / AZERBAYCAN,ŞEKİ ATIKSU ARITMA TESİSİ / AZERBAYCAN,ŞEKİ ATIKSU ARITMA TESİSİ,AZERBAYCAN,last slash suffix only; not externally verified,domestic_and_regional_project_references,141,139,right,black,catalogue_extracted_not_currently_verified,"Catalogue wording retained. Line wraps were reconstructed from the PDF layout; names, locations, project status and customer relationships were not externally verified."
906,ŞENBÜK RES / HATAY,ŞENBÜK RES / HATAY,ŞENBÜK RES,HATAY,last slash suffix only; not externally verified,domestic_and_regional_project_references,141,139,right,black,catalogue_extracted_not_currently_verified,"Catalogue wording retained. Line wraps were reconstructed from the PDF layout; names, locations, project status and customer relationships were not externally verified."
907,ŞİŞECAM KIRKLARELİ PAŞABAHÇE FABRİKASI,ŞİŞECAM KIRKLARELİ PAŞABAHÇE FABRİKASI,ŞİŞECAM KIRKLARELİ PAŞABAHÇE FABRİKASI,,no slash suffix,domestic_and_regional_project_references,141,139,right,black,catalogue_extracted_not_currently_verified,"Catalogue wording retained. Line wraps were reconstructed from the PDF layout; names, locations, project status and customer relationships were not externally verified."
908,ŞİŞECAM SODA 3C2 TUZ İŞLETMESİ / MERSİN,ŞİŞECAM SODA 3C2 TUZ İŞLETMESİ / MERSİN,ŞİŞECAM SODA 3C2 TUZ İŞLETMESİ,MERSİN,last slash suffix only; not externally verified,domestic_and_regional_project_references,141,139,right,black,catalogue_extracted_not_currently_verified,"Catalogue wording retained. Line wraps were reconstructed from the PDF layout; names, locations, project status and customer relationships were not externally verified."
909,T.A.V. ATATÜRK HAVAALANI / İSTANBUL,T.A.V. ATATÜRK HAVAALANI / İSTANBUL,T.A.V. ATATÜRK HAVAALANI,İSTANBUL,last slash suffix only; not externally verified,domestic_and_regional_project_references,141,139,right,black,catalogue_extracted_not_currently_verified,"Catalogue wording retained. Line wraps were reconstructed from the PDF layout; names, locations, project status and customer relationships were not externally verified."
910,TAEGUTEC KESİCİ TAKIMLAR FABRİKASI / KOCAELİ,TAEGUTEC KESİCİ TAKIMLAR FABRİKASI / KOCAELİ,TAEGUTEC KESİCİ TAKIMLAR FABRİKASI,KOCAELİ,last slash suffix only; not externally verified,domestic_and_regional_project_references,141,139,right,black,catalogue_extracted_not_currently_verified,"Catalogue wording retained. Line wraps were reconstructed from the PDF layout; names, locations, project status and customer relationships were not externally verified."
911,TAKSİM YENİKAPI METRO İSTASYONLARI / İSTANBUL,TAKSİM YENİKAPI METRO İSTASYONLARI / İSTANBUL,TAKSİM YENİKAPI METRO İSTASYONLARI,İSTANBUL,last slash suffix only; not externally verified,domestic_and_regional_project_references,141,139,right,black,catalogue_extracted_not_currently_verified,"Catalogue wording retained. Line wraps were reconstructed from the PDF layout; names, locations, project status and customer relationships were not externally verified."
912,TANAP MS-4 İPSALA / EDİRNE,TANAP MS-4 İPSALA / EDİRNE,TANAP MS-4 İPSALA,EDİRNE,last slash suffix only; not externally verified,domestic_and_regional_project_references,141,139,right,black,catalogue_extracted_not_currently_verified,"Catalogue wording retained. Line wraps were reconstructed from the PDF layout; names, locations, project status and customer relationships were not externally verified."
913,TANZANYA RAYLI SİSTEM POWER STATIONS,TANZANYA RAYLI SİSTEM POWER STATIONS,TANZANYA RAYLI SİSTEM POWER STATIONS,,no slash suffix,domestic_and_regional_project_references,141,139,right,black,catalogue_extracted_not_currently_verified,"Catalogue wording retained. Line wraps were reconstructed from the PDF layout; names, locations, project status and customer relationships were not externally verified."
914,TCDD YENİCE LOJİSTİK MERKEZİ / ADANA,TCDD YENİCE LOJİSTİK MERKEZİ / ADANA,TCDD YENİCE LOJİSTİK MERKEZİ,ADANA,last slash suffix only; not externally verified,domestic_and_regional_project_references,141,139,right,black,catalogue_extracted_not_currently_verified,"Catalogue wording retained. Line wraps were reconstructed from the PDF layout; names, locations, project status and customer relationships were not externally verified."
915,TEKFEN EMLAK HEP İSTANBUL,TEKFEN EMLAK HEP İSTANBUL,TEKFEN EMLAK HEP İSTANBUL,,no slash suffix,domestic_and_regional_project_references,141,139,right,black,catalogue_extracted_not_currently_verified,"Catalogue wording retained. Line wraps were reconstructed from the PDF layout; names, locations, project status and customer relationships were not externally verified."
916,TEKFEN ÖZ KAĞITHANE OFİSLERİ / İSTANBUL,TEKFEN ÖZ KAĞITHANE OFİSLERİ / İSTANBUL,TEKFEN ÖZ KAĞITHANE OFİSLERİ,İSTANBUL,last slash suffix only; not externally verified,domestic_and_regional_project_references,141,139,right,black,catalogue_extracted_not_currently_verified,"Catalogue wording retained. Line wraps were reconstructed from the PDF layout; names, locations, project status and customer relationships were not externally verified."
917,TEKFEN TOWER / İSTANBUL,TEKFEN TOWER / İSTANBUL,TEKFEN TOWER,İSTANBUL,last slash suffix only; not externally verified,domestic_and_regional_project_references,141,139,right,black,catalogue_extracted_not_currently_verified,"Catalogue wording retained. Line wraps were reconstructed from the PDF layout; names, locations, project status and customer relationships were not externally verified."
918,TEKNO KAUÇUK FABRİKASI / DÜZCE,TEKNO KAUÇUK FABRİKASI / DÜZCE,TEKNO KAUÇUK FABRİKASI,DÜZCE,last slash suffix only; not externally verified,domestic_and_regional_project_references,141,139,right,black,catalogue_extracted_not_currently_verified,"Catalogue wording retained. Line wraps were reconstructed from the PDF layout; names, locations, project status and customer relationships were not externally verified."
919,TEKNOPARK KURTKÖY / İSTANBUL,TEKNOPARK KURTKÖY / İSTANBUL,TEKNOPARK KURTKÖY,İSTANBUL,last slash suffix only; not externally verified,domestic_and_regional_project_references,141,139,right,black,catalogue_extracted_not_currently_verified,"Catalogue wording retained. Line wraps were reconstructed from the PDF layout; names, locations, project status and customer relationships were not externally verified."
920,TEKNOROT OTOMOTİV ÜRÜNLERİ FABRİKASI / DÜZCE,TEKNOROT OTOMOTİV ÜRÜNLERİ FABRİKASI / DÜZCE,TEKNOROT OTOMOTİV ÜRÜNLERİ FABRİKASI,DÜZCE,last slash suffix only; not externally verified,domestic_and_regional_project_references,141,139,right,black,catalogue_extracted_not_currently_verified,"Catalogue wording retained. Line wraps were reconstructed from the PDF layout; names, locations, project status and customer relationships were not externally verified."
921,TEM34 KONUT 2.ETAP / İSTANBUL,TEM34 KONUT 2.ETAP / İSTANBUL,TEM34 KONUT 2.ETAP,İSTANBUL,last slash suffix only; not externally verified,domestic_and_regional_project_references,142,140,left,black,catalogue_extracted_not_currently_verified,"Catalogue wording retained. Line wraps were reconstructed from the PDF layout; names, locations, project status and customer relationships were not externally verified."
922,TEMA PARK HALKALI / İSTANBUL,TEMA PARK HALKALI / İSTANBUL,TEMA PARK HALKALI,İSTANBUL,last slash suffix only; not externally verified,domestic_and_regional_project_references,142,140,left,black,catalogue_extracted_not_currently_verified,"Catalogue wording retained. Line wraps were reconstructed from the PDF layout; names, locations, project status and customer relationships were not externally verified."
923,TEMİZEL OTEL / RİZE,TEMİZEL OTEL / RİZE,TEMİZEL OTEL,RİZE,last slash suffix only; not externally verified,domestic_and_regional_project_references,142,140,left,black,catalogue_extracted_not_currently_verified,"Catalogue wording retained. Line wraps were reconstructed from the PDF layout; names, locations, project status and customer relationships were not externally verified."
924,TEPSAN PLASTİK FABRİAKSI / TEKİRDAĞ,TEPSAN PLASTİK FABRİAKSI / TEKİRDAĞ,TEPSAN PLASTİK FABRİAKSI,TEKİRDAĞ,last slash suffix only; not externally verified,domestic_and_regional_project_references,142,140,left,black,catalogue_extracted_not_currently_verified,"Catalogue wording retained. Line wraps were reconstructed from the PDF layout; names, locations, project status and customer relationships were not externally verified."
925,TERAS TEMA HALKALI / İSTANBUL,TERAS TEMA HALKALI / İSTANBUL,TERAS TEMA HALKALI,İSTANBUL,last slash suffix only; not externally verified,domestic_and_regional_project_references,142,140,left,black,catalogue_extracted_not_currently_verified,"Catalogue wording retained. Line wraps were reconstructed from the PDF layout; names, locations, project status and customer relationships were not externally verified."
926,TERSANE İSTANBUL,TERSANE İSTANBUL,TERSANE İSTANBUL,,no slash suffix,domestic_and_regional_project_references,142,140,left,black,catalogue_extracted_not_currently_verified,"Catalogue wording retained. Line wraps were reconstructed from the PDF layout; names, locations, project status and customer relationships were not externally verified."
927,TEVFİKBEY OTOPARK / İSTANBUL,TEVFİKBEY OTOPARK / İSTANBUL,TEVFİKBEY OTOPARK,İSTANBUL,last slash suffix only; not externally verified,domestic_and_regional_project_references,142,140,left,black,catalogue_extracted_not_currently_verified,"Catalogue wording retained. Line wraps were reconstructed from the PDF layout; names, locations, project status and customer relationships were not externally verified."
928,THE HOUSE RESIDENCE BOMONTİ ŞİŞLİ / İSTANBUL,THE HOUSE RESIDENCE BOMONTİ ŞİŞLİ / İSTANBUL,THE HOUSE RESIDENCE BOMONTİ ŞİŞLİ,İSTANBUL,last slash suffix only; not externally verified,domestic_and_regional_project_references,142,140,left,black,catalogue_extracted_not_currently_verified,"Catalogue wording retained. Line wraps were reconstructed from the PDF layout; names, locations, project status and customer relationships were not externally verified."
929,THE İSTANBUL VELİEFENDİ / İSTANBUL,THE İSTANBUL VELİEFENDİ / İSTANBUL,THE İSTANBUL VELİEFENDİ,İSTANBUL,last slash suffix only; not externally verified,domestic_and_regional_project_references,142,140,left,black,catalogue_extracted_not_currently_verified,"Catalogue wording retained. Line wraps were reconstructed from the PDF layout; names, locations, project status and customer relationships were not externally verified."
930,THY SİMÜLATÖR TESİSİ / İSTANBUL,THY SİMÜLATÖR TESİSİ / İSTANBUL,THY SİMÜLATÖR TESİSİ,İSTANBUL,last slash suffix only; not externally verified,domestic_and_regional_project_references,142,140,left,black,catalogue_extracted_not_currently_verified,"Catalogue wording retained. Line wraps were reconstructed from the PDF layout; names, locations, project status and customer relationships were not externally verified."
931,TİFLİS HAVALİMANI / GÜRCİSTAN,TİFLİS HAVALİMANI / GÜRCİSTAN,TİFLİS HAVALİMANI,GÜRCİSTAN,last slash suffix only; not externally verified,domestic_and_regional_project_references,142,140,left,black,catalogue_extracted_not_currently_verified,"Catalogue wording retained. Line wraps were reconstructed from the PDF layout; names, locations, project status and customer relationships were not externally verified."
932,TİGEM KARACABEY ENERJİ ÜRETİM TESİSİ / BURSA,TİGEM KARACABEY ENERJİ ÜRETİM TESİSİ / BURSA,TİGEM KARACABEY ENERJİ ÜRETİM TESİSİ,BURSA,last slash suffix only; not externally verified,domestic_and_regional_project_references,142,140,left,black,catalogue_extracted_not_currently_verified,"Catalogue wording retained. Line wraps were reconstructed from the PDF layout; names, locations, project status and customer relationships were not externally verified."
933,TİRE ATIKSU ARITMA TESİSİ / İZMİR,TİRE ATIKSU ARITMA TESİSİ / İZMİR,TİRE ATIKSU ARITMA TESİSİ,İZMİR,last slash suffix only; not externally verified,domestic_and_regional_project_references,142,140,left,black,catalogue_extracted_not_currently_verified,"Catalogue wording retained. Line wraps were reconstructed from the PDF layout; names, locations, project status and customer relationships were not externally verified."
934,TİREBOLU ATIKSU ARITMA TESİSİ / GİRESUN,TİREBOLU ATIKSU ARITMA TESİSİ / GİRESUN,TİREBOLU ATIKSU ARITMA TESİSİ,GİRESUN,last slash suffix only; not externally verified,domestic_and_regional_project_references,142,140,left,black,catalogue_extracted_not_currently_verified,"Catalogue wording retained. Line wraps were reconstructed from the PDF layout; names, locations, project status and customer relationships were not externally verified."
935,TOGG GEMLİK BATARYA BİNASI / BURSAA,TOGG GEMLİK BATARYA BİNASI / BURSAA,TOGG GEMLİK BATARYA BİNASI,BURSAA,last slash suffix only; not externally verified,domestic_and_regional_project_references,142,140,left,black,catalogue_extracted_not_currently_verified,"Catalogue wording retained. Line wraps were reconstructed from the PDF layout; names, locations, project status and customer relationships were not externally verified."
936,TOGG GEMLİK ÜRETİM TESİSLERİ / BURSA,TOGG GEMLİK ÜRETİM TESİSLERİ / BURSA,TOGG GEMLİK ÜRETİM TESİSLERİ,BURSA,last slash suffix only; not externally verified,domestic_and_regional_project_references,142,140,left,black,catalogue_extracted_not_currently_verified,"Catalogue wording retained. Line wraps were reconstructed from the PDF layout; names, locations, project status and customer relationships were not externally verified."
937,TOKİ / EDİRNE,TOKİ / EDİRNE,TOKİ,EDİRNE,last slash suffix only; not externally verified,domestic_and_regional_project_references,142,140,left,black,catalogue_extracted_not_currently_verified,"Catalogue wording retained. Line wraps were reconstructed from the PDF layout; names, locations, project status and customer relationships were not externally verified."
938,TOKİ / GAZİANTEP,TOKİ / GAZİANTEP,TOKİ,GAZİANTEP,last slash suffix only; not externally verified,domestic_and_regional_project_references,142,140,left,black,catalogue_extracted_not_currently_verified,"Catalogue wording retained. Line wraps were reconstructed from the PDF layout; names, locations, project status and customer relationships were not externally verified."
939,TOKİ / İZMİR,TOKİ / İZMİR,TOKİ,İZMİR,last slash suffix only; not externally verified,domestic_and_regional_project_references,142,140,left,black,catalogue_extracted_not_currently_verified,"Catalogue wording retained. Line wraps were reconstructed from the PDF layout; names, locations, project status and customer relationships were not externally verified."
940,TOKİ / KÜYAHYA,TOKİ / KÜYAHYA,TOKİ,KÜYAHYA,last slash suffix only; not externally verified,domestic_and_regional_project_references,142,140,left,black,catalogue_extracted_not_currently_verified,"Catalogue wording retained. Line wraps were reconstructed from the PDF layout; names, locations, project status and customer relationships were not externally verified."
941,TOKİ DİLOVASI 915 KONUT / KOCAELİ,TOKİ DİLOVASI 915 KONUT / KOCAELİ,TOKİ DİLOVASI 915 KONUT,KOCAELİ,last slash suffix only; not externally verified,domestic_and_regional_project_references,142,140,left,black,catalogue_extracted_not_currently_verified,"Catalogue wording retained. Line wraps were reconstructed from the PDF layout; names, locations, project status and customer relationships were not externally verified."
942,TOKİ ESENLER KENTSEL DÖNÜŞÜM 2.ETAP / İSTANBUL,TOKİ ESENLER KENTSEL DÖNÜŞÜM 2.ETAP / İSTANBUL,TOKİ ESENLER KENTSEL DÖNÜŞÜM 2.ETAP,İSTANBUL,last slash suffix only; not externally verified,domestic_and_regional_project_references,142,140,left,black,catalogue_extracted_not_currently_verified,"Catalogue wording retained. Line wraps were reconstructed from the PDF layout; names, locations, project status and customer relationships were not externally verified."
943,TOKİ HALKALI / İSTANBUL,TOKİ HALKALI / İSTANBUL,TOKİ HALKALI,İSTANBUL,last slash suffix only; not externally verified,domestic_and_regional_project_references,142,140,left,black,catalogue_extracted_not_currently_verified,"Catalogue wording retained. Line wraps were reconstructed from the PDF layout; names, locations, project status and customer relationships were not externally verified."
944,TOKİ KAYABAŞI KONUTLARI / İSTANBUL,TOKİ KAYABAŞI KONUTLARI / İSTANBUL,TOKİ KAYABAŞI KONUTLARI,İSTANBUL,last slash suffix only; not externally verified,domestic_and_regional_project_references,142,140,left,black,catalogue_extracted_not_currently_verified,"Catalogue wording retained. Line wraps were reconstructed from the PDF layout; names, locations, project status and customer relationships were not externally verified."
945,TOKİ OSMANELİ EVLERİ / BİLECİK,TOKİ OSMANELİ EVLERİ / BİLECİK,TOKİ OSMANELİ EVLERİ,BİLECİK,last slash suffix only; not externally verified,domestic_and_regional_project_references,142,140,left,black,catalogue_extracted_not_currently_verified,"Catalogue wording retained. Line wraps were reconstructed from the PDF layout; names, locations, project status and customer relationships were not externally verified."
946,TOKİ TURKUAZ SPOR KOMPLEKSİ / ANKARA,TOKİ TURKUAZ SPOR KOMPLEKSİ / ANKARA,TOKİ TURKUAZ SPOR KOMPLEKSİ,ANKARA,last slash suffix only; not externally verified,domestic_and_regional_project_references,142,140,left,black,catalogue_extracted_not_currently_verified,"Catalogue wording retained. Line wraps were reconstructed from the PDF layout; names, locations, project status and customer relationships were not externally verified."
947,TOKİ ÜSKÜP / KIRKLARELİ,TOKİ ÜSKÜP / KIRKLARELİ,TOKİ ÜSKÜP,KIRKLARELİ,last slash suffix only; not externally verified,domestic_and_regional_project_references,142,140,left,black,catalogue_extracted_not_currently_verified,"Catalogue wording retained. Line wraps were reconstructed from the PDF layout; names, locations, project status and customer relationships were not externally verified."
948,TORKAM FİKİRTEPE KONUT / İSTANBUL,TORKAM FİKİRTEPE KONUT / İSTANBUL,TORKAM FİKİRTEPE KONUT,İSTANBUL,last slash suffix only; not externally verified,domestic_and_regional_project_references,142,140,left,black,catalogue_extracted_not_currently_verified,"Catalogue wording retained. Line wraps were reconstructed from the PDF layout; names, locations, project status and customer relationships were not externally verified."
949,TOSCELİK CEZAYİR RM ÜRETİM TESİSİ,TOSCELİK CEZAYİR RM ÜRETİM TESİSİ,TOSCELİK CEZAYİR RM ÜRETİM TESİSİ,,no slash suffix,domestic_and_regional_project_references,142,140,left,black,catalogue_extracted_not_currently_verified,"Catalogue wording retained. Line wraps were reconstructed from the PDF layout; names, locations, project status and customer relationships were not externally verified."
950,TOSÇELİK OSMANİYE ERW BORU FABRİKASI,TOSÇELİK OSMANİYE ERW BORU FABRİKASI,TOSÇELİK OSMANİYE ERW BORU FABRİKASI,,no slash suffix,domestic_and_regional_project_references,142,140,left,black,catalogue_extracted_not_currently_verified,"Catalogue wording retained. Line wraps were reconstructed from the PDF layout; names, locations, project status and customer relationships were not externally verified."
951,TOSÇELİK PROFİL VE SAÇ A.Ş. DİLOVASI / KOCAELİ,TOSÇELİK PROFİL VE SAÇ A.Ş. DİLOVASI / KOCAELİ,TOSÇELİK PROFİL VE SAÇ A.Ş. DİLOVASI,KOCAELİ,last slash suffix only; not externally verified,domestic_and_regional_project_references,142,140,left,black,catalogue_extracted_not_currently_verified,"Catalogue wording retained. Line wraps were reconstructed from the PDF layout; names, locations, project status and customer relationships were not externally verified."
952,TOSYALI DEMİR ÇELİK SANAYİ A.Ş / İSKENDERUN,TOSYALI DEMİR ÇELİK SANAYİ A.Ş / İSKENDERUN,TOSYALI DEMİR ÇELİK SANAYİ A.Ş,İSKENDERUN,last slash suffix only; not externally verified,domestic_and_regional_project_references,142,140,left,black,catalogue_extracted_not_currently_verified,"Catalogue wording retained. Line wraps were reconstructed from the PDF layout; names, locations, project status and customer relationships were not externally verified."
953,TOSYALI HOLDİNG / CEZAYİR,TOSYALI HOLDİNG / CEZAYİR,TOSYALI HOLDİNG,CEZAYİR,last slash suffix only; not externally verified,domestic_and_regional_project_references,142,140,left,black,catalogue_extracted_not_currently_verified,"Catalogue wording retained. Line wraps were reconstructed from the PDF layout; names, locations, project status and customer relationships were not externally verified."
954,TOSYALI TOYO ÇELİK A.Ş / OSMANİYE,TOSYALI TOYO ÇELİK A.Ş / OSMANİYE,TOSYALI TOYO ÇELİK A.Ş,OSMANİYE,last slash suffix only; not externally verified,domestic_and_regional_project_references,142,140,left,black,catalogue_extracted_not_currently_verified,"Catalogue wording retained. Line wraps were reconstructed from the PDF layout; names, locations, project status and customer relationships were not externally verified."
955,TOYOTETSU FABRİKASI TAYSAD OSB / KOCAELİ,TOYOTETSU FABRİKASI TAYSAD OSB / KOCAELİ,TOYOTETSU FABRİKASI TAYSAD OSB,KOCAELİ,last slash suffix only; not externally verified,domestic_and_regional_project_references,142,140,left,black,catalogue_extracted_not_currently_verified,"Catalogue wording retained. Line wraps were reconstructed from the PDF layout; names, locations, project status and customer relationships were not externally verified."
956,TRAKYA CAM YENİŞEHİR FABRİKASI / BURSA,TRAKYA CAM YENİŞEHİR FABRİKASI / BURSA,TRAKYA CAM YENİŞEHİR FABRİKASI,BURSA,last slash suffix only; not externally verified,domestic_and_regional_project_references,142,140,left,black,catalogue_extracted_not_currently_verified,"Catalogue wording retained. Line wraps were reconstructed from the PDF layout; names, locations, project status and customer relationships were not externally verified."
957,TRAKYA CAM YENİŞEHİR TR5 SOĞUK TAMİR İNŞAAT İŞLERİ,TRAKYA CAM YENİŞEHİR TR5 SOĞUK TAMİR İNŞAAT İŞLERİ,TRAKYA CAM YENİŞEHİR TR5 SOĞUK TAMİR İNŞAAT İŞLERİ,,no slash suffix,domestic_and_regional_project_references,142,140,left,black,catalogue_extracted_not_currently_verified,"Catalogue wording retained. Line wraps were reconstructed from the PDF layout; names, locations, project status and customer relationships were not externally verified."
958,TUAL ADALAR / İSTANBUL,TUAL ADALAR / İSTANBUL,TUAL ADALAR,İSTANBUL,last slash suffix only; not externally verified,domestic_and_regional_project_references,142,140,left,black,catalogue_extracted_not_currently_verified,"Catalogue wording retained. Line wraps were reconstructed from the PDF layout; names, locations, project status and customer relationships were not externally verified."
959,TUANA EVLERİ 2.ETAP / KOCAELİ,TUANA EVLERİ 2.ETAP / KOCAELİ,TUANA EVLERİ 2.ETAP,KOCAELİ,last slash suffix only; not externally verified,domestic_and_regional_project_references,142,140,left,black,catalogue_extracted_not_currently_verified,"Catalogue wording retained. Line wraps were reconstructed from the PDF layout; names, locations, project status and customer relationships were not externally verified."
960,TURKCELL (TÜRKİYE GENELİ),TURKCELL (TÜRKİYE GENELİ),TURKCELL (TÜRKİYE GENELİ),,no slash suffix,domestic_and_regional_project_references,142,140,left,black,catalogue_extracted_not_currently_verified,"Catalogue wording retained. Line wraps were reconstructed from the PDF layout; names, locations, project status and customer relationships were not externally verified."
961,TURKCELL ANKARA VERİ MERKEZİ,TURKCELL ANKARA VERİ MERKEZİ,TURKCELL ANKARA VERİ MERKEZİ,,no slash suffix,domestic_and_regional_project_references,142,140,left,black,catalogue_extracted_not_currently_verified,"Catalogue wording retained. Line wraps were reconstructed from the PDF layout; names, locations, project status and customer relationships were not externally verified."
962,TURKCELL GEM-4 GEBZE VERİ MERKEZİ / KOCAELİ,TURKCELL GEM-4 GEBZE VERİ MERKEZİ / KOCAELİ,TURKCELL GEM-4 GEBZE VERİ MERKEZİ,KOCAELİ,last slash suffix only; not externally verified,domestic_and_regional_project_references,142,140,left,black,catalogue_extracted_not_currently_verified,"Catalogue wording retained. Line wraps were reconstructed from the PDF layout; names, locations, project status and customer relationships were not externally verified."
963,TURKCELL GEM-5 GEBZE VERİ MERKEZİ / KOCAELİ,TURKCELL GEM-5 GEBZE VERİ MERKEZİ / KOCAELİ,TURKCELL GEM-5 GEBZE VERİ MERKEZİ,KOCAELİ,last slash suffix only; not externally verified,domestic_and_regional_project_references,142,140,left,black,catalogue_extracted_not_currently_verified,"Catalogue wording retained. Line wraps were reconstructed from the PDF layout; names, locations, project status and customer relationships were not externally verified."
964,TURKCELL KARTAL BİNASI / İSTANBUL,TURKCELL KARTAL BİNASI / İSTANBUL,TURKCELL KARTAL BİNASI,İSTANBUL,last slash suffix only; not externally verified,domestic_and_regional_project_references,142,140,left,black,catalogue_extracted_not_currently_verified,"Catalogue wording retained. Line wraps were reconstructed from the PDF layout; names, locations, project status and customer relationships were not externally verified."
965,TURKCELL OMC BİNASI / ANKARA,TURKCELL OMC BİNASI / ANKARA,TURKCELL OMC BİNASI,ANKARA,last slash suffix only; not externally verified,domestic_and_regional_project_references,142,140,left,black,catalogue_extracted_not_currently_verified,"Catalogue wording retained. Line wraps were reconstructed from the PDF layout; names, locations, project status and customer relationships were not externally verified."
966,TUZLA BELEDİYESİ ÇEVRE DÜZENLEMESİ / İSTANBUL,TUZLA BELEDİYESİ ÇEVRE DÜZENLEMESİ / İSTANBUL,TUZLA BELEDİYESİ ÇEVRE DÜZENLEMESİ,İSTANBUL,last slash suffix only; not externally verified,domestic_and_regional_project_references,142,140,left,black,catalogue_extracted_not_currently_verified,"Catalogue wording retained. Line wraps were reconstructed from the PDF layout; names, locations, project status and customer relationships were not externally verified."
967,TÜBİTAK HANGAR BİNASI / KOCAELİ,TÜBİTAK HANGAR BİNASI / KOCAELİ,TÜBİTAK HANGAR BİNASI,KOCAELİ,last slash suffix only; not externally verified,domestic_and_regional_project_references,142,140,left,black,catalogue_extracted_not_currently_verified,"Catalogue wording retained. Line wraps were reconstructed from the PDF layout; names, locations, project status and customer relationships were not externally verified."
968,TÜPRAĞ KIŞLADAĞ ALTIN MADENİ / UŞAK,TÜPRAĞ KIŞLADAĞ ALTIN MADENİ / UŞAK,TÜPRAĞ KIŞLADAĞ ALTIN MADENİ,UŞAK,last slash suffix only; not externally verified,domestic_and_regional_project_references,142,140,left,black,catalogue_extracted_not_currently_verified,"Catalogue wording retained. Line wraps were reconstructed from the PDF layout; names, locations, project status and customer relationships were not externally verified."
969,TÜPRAŞ RAFİNERİSİ / BATMAN,TÜPRAŞ RAFİNERİSİ / BATMAN,TÜPRAŞ RAFİNERİSİ,BATMAN,last slash suffix only; not externally verified,domestic_and_regional_project_references,142,140,left,black,catalogue_extracted_not_currently_verified,"Catalogue wording retained. Line wraps were reconstructed from the PDF layout; names, locations, project status and customer relationships were not externally verified."
970,TÜPRAŞ RAFİNERİSİ / İZMİR,TÜPRAŞ RAFİNERİSİ / İZMİR,TÜPRAŞ RAFİNERİSİ,İZMİR,last slash suffix only; not externally verified,domestic_and_regional_project_references,142,140,left,black,catalogue_extracted_not_currently_verified,"Catalogue wording retained. Line wraps were reconstructed from the PDF layout; names, locations, project status and customer relationships were not externally verified."
971,TÜPRAŞ RAFİNERİSİ İZMİT / KOCAELİ,TÜPRAŞ RAFİNERİSİ İZMİT / KOCAELİ,TÜPRAŞ RAFİNERİSİ İZMİT,KOCAELİ,last slash suffix only; not externally verified,domestic_and_regional_project_references,142,140,left,black,catalogue_extracted_not_currently_verified,"Catalogue wording retained. Line wraps were reconstructed from the PDF layout; names, locations, project status and customer relationships were not externally verified."
972,TÜPRAŞ RUP İZMİT / KOCAELİ,TÜPRAŞ RUP İZMİT / KOCAELİ,TÜPRAŞ RUP İZMİT,KOCAELİ,last slash suffix only; not externally verified,domestic_and_regional_project_references,142,140,left,black,catalogue_extracted_not_currently_verified,"Catalogue wording retained. Line wraps were reconstructed from the PDF layout; names, locations, project status and customer relationships were not externally verified."
973,TÜRK TRAKTÖR ADAPAZARI FABRİKASI / SAKARYA,TÜRK TRAKTÖR ADAPAZARI FABRİKASI / SAKARYA,TÜRK TRAKTÖR ADAPAZARI FABRİKASI,SAKARYA,last slash suffix only; not externally verified,domestic_and_regional_project_references,142,140,left,black,catalogue_extracted_not_currently_verified,"Catalogue wording retained. Line wraps were reconstructed from the PDF layout; names, locations, project status and customer relationships were not externally verified."
974,TÜRKAKIM ALIM TERMİNALİ İPSALA / EDİRNE,TÜRKAKIM ALIM TERMİNALİ İPSALA / EDİRNE,TÜRKAKIM ALIM TERMİNALİ İPSALA,EDİRNE,last slash suffix only; not externally verified,domestic_and_regional_project_references,142,140,left,black,catalogue_extracted_not_currently_verified,"Catalogue wording retained. Line wraps were reconstructed from the PDF layout; names, locations, project status and customer relationships were not externally verified."
975,TÜRKAKIM ALIM TERMİNALİ KIYIKÖY / KIRKLARELİ,TÜRKAKIM ALIM TERMİNALİ KIYIKÖY / KIRKLARELİ,TÜRKAKIM ALIM TERMİNALİ KIYIKÖY,KIRKLARELİ,last slash suffix only; not externally verified,domestic_and_regional_project_references,142,140,right,black,catalogue_extracted_not_currently_verified,"Catalogue wording retained. Line wraps were reconstructed from the PDF layout; names, locations, project status and customer relationships were not externally verified."
976,TÜRKİYE HALK SAĞ.KUR. İLE TÜRKİYE İLAÇ VE TIB. CİHAZ KUR.,TÜRKİYE HALK SAĞ.KUR. İLE TÜRKİYE İLAÇ VE TIB. CİHAZ KUR.,TÜRKİYE HALK SAĞ.KUR. İLE TÜRKİYE İLAÇ VE TIB. CİHAZ KUR.,,no slash suffix,domestic_and_regional_project_references,142,140,right,black,catalogue_extracted_not_currently_verified,"Catalogue wording retained. Line wraps were reconstructed from the PDF layout; names, locations, project status and customer relationships were not externally verified."
977,TÜRKMENBAŞI LİMANI / TÜRKMENİSTAN,TÜRKMENBAŞI LİMANI / TÜRKMENİSTAN,TÜRKMENBAŞI LİMANI,TÜRKMENİSTAN,last slash suffix only; not externally verified,domestic_and_regional_project_references,142,140,right,black,catalogue_extracted_not_currently_verified,"Catalogue wording retained. Line wraps were reconstructed from the PDF layout; names, locations, project status and customer relationships were not externally verified."
978,TÜRKMENİSTAN AQUA PARK,TÜRKMENİSTAN AQUA PARK,TÜRKMENİSTAN AQUA PARK,,no slash suffix,domestic_and_regional_project_references,142,140,right,black,catalogue_extracted_not_currently_verified,"Catalogue wording retained. Line wraps were reconstructed from the PDF layout; names, locations, project status and customer relationships were not externally verified."
979,TÜRKMENİSTAN DEVLET ETALON MERKEZİ,TÜRKMENİSTAN DEVLET ETALON MERKEZİ,TÜRKMENİSTAN DEVLET ETALON MERKEZİ,,no slash suffix,domestic_and_regional_project_references,142,140,right,black,catalogue_extracted_not_currently_verified,"Catalogue wording retained. Line wraps were reconstructed from the PDF layout; names, locations, project status and customer relationships were not externally verified."
980,TÜRKMENİSTAN KÖŞİ 180 DAİRELİ KONUT,TÜRKMENİSTAN KÖŞİ 180 DAİRELİ KONUT,TÜRKMENİSTAN KÖŞİ 180 DAİRELİ KONUT,,no slash suffix,domestic_and_regional_project_references,142,140,right,black,catalogue_extracted_not_currently_verified,"Catalogue wording retained. Line wraps were reconstructed from the PDF layout; names, locations, project status and customer relationships were not externally verified."
981,TÜRKMENİSTAN KÖŞİ OKUL,TÜRKMENİSTAN KÖŞİ OKUL,TÜRKMENİSTAN KÖŞİ OKUL,,no slash suffix,domestic_and_regional_project_references,142,140,right,black,catalogue_extracted_not_currently_verified,"Catalogue wording retained. Line wraps were reconstructed from the PDF layout; names, locations, project status and customer relationships were not externally verified."
982,TÜRKMENİSTAN OLİMPİYAT KOMPLEKSİ,TÜRKMENİSTAN OLİMPİYAT KOMPLEKSİ,TÜRKMENİSTAN OLİMPİYAT KOMPLEKSİ,,no slash suffix,domestic_and_regional_project_references,142,140,right,black,catalogue_extracted_not_currently_verified,"Catalogue wording retained. Line wraps were reconstructed from the PDF layout; names, locations, project status and customer relationships were not externally verified."
983,TÜRKMENİSTAN TEKNOLOJİLER MERKEZİ,TÜRKMENİSTAN TEKNOLOJİLER MERKEZİ,TÜRKMENİSTAN TEKNOLOJİLER MERKEZİ,,no slash suffix,domestic_and_regional_project_references,142,140,right,black,catalogue_extracted_not_currently_verified,"Catalogue wording retained. Line wraps were reconstructed from the PDF layout; names, locations, project status and customer relationships were not externally verified."
984,TÜRKMENİSTAN TELEVİZYON KULESİ,TÜRKMENİSTAN TELEVİZYON KULESİ,TÜRKMENİSTAN TELEVİZYON KULESİ,,no slash suffix,domestic_and_regional_project_references,142,140,right,black,catalogue_extracted_not_currently_verified,"Catalogue wording retained. Line wraps were reconstructed from the PDF layout; names, locations, project status and customer relationships were not externally verified."
985,TÜRKMENİSTAN TURİZM VE MET. BAKANLIĞI,TÜRKMENİSTAN TURİZM VE MET. BAKANLIĞI,TÜRKMENİSTAN TURİZM VE MET. BAKANLIĞI,,no slash suffix,domestic_and_regional_project_references,142,140,right,black,catalogue_extracted_not_currently_verified,"Catalogue wording retained. Line wraps were reconstructed from the PDF layout; names, locations, project status and customer relationships were not externally verified."
986,UMMAN AL SHARQIYAH OTOYOLU VE AL AQQ TÜNELLERİ,UMMAN AL SHARQIYAH OTOYOLU VE AL AQQ TÜNELLERİ,UMMAN AL SHARQIYAH OTOYOLU VE AL AQQ TÜNELLERİ,,no slash suffix,domestic_and_regional_project_references,142,140,right,black,catalogue_extracted_not_currently_verified,"Catalogue wording retained. Line wraps were reconstructed from the PDF layout; names, locations, project status and customer relationships were not externally verified."
987,UMUR BASIM VE KIRTASİYE A.Ş. / İSTANBUL,UMUR BASIM VE KIRTASİYE A.Ş. / İSTANBUL,UMUR BASIM VE KIRTASİYE A.Ş.,İSTANBUL,last slash suffix only; not externally verified,domestic_and_regional_project_references,142,140,right,black,catalogue_extracted_not_currently_verified,"Catalogue wording retained. Line wraps were reconstructed from the PDF layout; names, locations, project status and customer relationships were not externally verified."
988,UŞAK ÜNİVERSİTESİ REKTÖRLÜK BİNASI,UŞAK ÜNİVERSİTESİ REKTÖRLÜK BİNASI,UŞAK ÜNİVERSİTESİ REKTÖRLÜK BİNASI,,no slash suffix,domestic_and_regional_project_references,142,140,right,black,catalogue_extracted_not_currently_verified,"Catalogue wording retained. Line wraps were reconstructed from the PDF layout; names, locations, project status and customer relationships were not externally verified."
989,ÜÇGEN PİGMENTLER VE POLİMER FABRİKA / İSTANBUL,ÜÇGEN PİGMENTLER VE POLİMER FABRİKA / İSTANBUL,ÜÇGEN PİGMENTLER VE POLİMER FABRİKA,İSTANBUL,last slash suffix only; not externally verified,domestic_and_regional_project_references,142,140,right,black,catalogue_extracted_not_currently_verified,"Catalogue wording retained. Line wraps were reconstructed from the PDF layout; names, locations, project status and customer relationships were not externally verified."
990,ÜMRANİYE NEVZAT AYAZ LİSESİ / İSTANBUL,ÜMRANİYE NEVZAT AYAZ LİSESİ / İSTANBUL,ÜMRANİYE NEVZAT AYAZ LİSESİ,İSTANBUL,last slash suffix only; not externally verified,domestic_and_regional_project_references,142,140,right,black,catalogue_extracted_not_currently_verified,"Catalogue wording retained. Line wraps were reconstructed from the PDF layout; names, locations, project status and customer relationships were not externally verified."
991,VADİSTANBUL / İSTANBUL,VADİSTANBUL / İSTANBUL,VADİSTANBUL,İSTANBUL,last slash suffix only; not externally verified,domestic_and_regional_project_references,142,140,right,black,catalogue_extracted_not_currently_verified,"Catalogue wording retained. Line wraps were reconstructed from the PDF layout; names, locations, project status and customer relationships were not externally verified."
992,VAGZAL TREN İSTASYONU ASTANA / KAZAKİSTAN,VAGZAL TREN İSTASYONU ASTANA / KAZAKİSTAN,VAGZAL TREN İSTASYONU ASTANA,KAZAKİSTAN,last slash suffix only; not externally verified,domestic_and_regional_project_references,142,140,right,black,catalogue_extracted_not_currently_verified,"Catalogue wording retained. Line wraps were reconstructed from the PDF layout; names, locations, project status and customer relationships were not externally verified."
993,VALLE LOCUS BÜYÜKÇEKMECE / İSTANBUL,VALLE LOCUS BÜYÜKÇEKMECE / İSTANBUL,VALLE LOCUS BÜYÜKÇEKMECE,İSTANBUL,last slash suffix only; not externally verified,domestic_and_regional_project_references,142,140,right,black,catalogue_extracted_not_currently_verified,"Catalogue wording retained. Line wraps were reconstructed from the PDF layout; names, locations, project status and customer relationships were not externally verified."
994,VEMA TUZLA KONUTLARI / İSTANBUL,VEMA TUZLA KONUTLARI / İSTANBUL,VEMA TUZLA KONUTLARI,İSTANBUL,last slash suffix only; not externally verified,domestic_and_regional_project_references,142,140,right,black,catalogue_extracted_not_currently_verified,"Catalogue wording retained. Line wraps were reconstructed from the PDF layout; names, locations, project status and customer relationships were not externally verified."
995,VIP HANGAR AŞKABAT / TÜRKMENİSTAN,VIP HANGAR AŞKABAT / TÜRKMENİSTAN,VIP HANGAR AŞKABAT,TÜRKMENİSTAN,last slash suffix only; not externally verified,domestic_and_regional_project_references,142,140,right,black,catalogue_extracted_not_currently_verified,"Catalogue wording retained. Line wraps were reconstructed from the PDF layout; names, locations, project status and customer relationships were not externally verified."
996,VİAPORT MARİNA TUZLA / İSTANBUL,VİAPORT MARİNA TUZLA / İSTANBUL,VİAPORT MARİNA TUZLA,İSTANBUL,last slash suffix only; not externally verified,domestic_and_regional_project_references,142,140,right,black,catalogue_extracted_not_currently_verified,"Catalogue wording retained. Line wraps were reconstructed from the PDF layout; names, locations, project status and customer relationships were not externally verified."
997,VİAPORT VENEZİA / İSTANBUL,VİAPORT VENEZİA / İSTANBUL,VİAPORT VENEZİA,İSTANBUL,last slash suffix only; not externally verified,domestic_and_regional_project_references,142,140,right,black,catalogue_extracted_not_currently_verified,"Catalogue wording retained. Line wraps were reconstructed from the PDF layout; names, locations, project status and customer relationships were not externally verified."
998,VİLAYETLER İLKYARDIM HASTANELERİ / TÜRKMENİSTAN,VİLAYETLER İLKYARDIM HASTANELERİ / TÜRKMENİSTAN,VİLAYETLER İLKYARDIM HASTANELERİ,TÜRKMENİSTAN,last slash suffix only; not externally verified,domestic_and_regional_project_references,142,140,right,black,catalogue_extracted_not_currently_verified,"Catalogue wording retained. Line wraps were reconstructed from the PDF layout; names, locations, project status and customer relationships were not externally verified."
999,VİNERO ŞARAP FABRİKASI / ÇANAKKALE,VİNERO ŞARAP FABRİKASI / ÇANAKKALE,VİNERO ŞARAP FABRİKASI,ÇANAKKALE,last slash suffix only; not externally verified,domestic_and_regional_project_references,142,140,right,black,catalogue_extracted_not_currently_verified,"Catalogue wording retained. Line wraps were reconstructed from the PDF layout; names, locations, project status and customer relationships were not externally verified."
1000,VK108 NİŞANTAŞI KONUT / İSTANBUL,VK108 NİŞANTAŞI KONUT / İSTANBUL,VK108 NİŞANTAŞI KONUT,İSTANBUL,last slash suffix only; not externally verified,domestic_and_regional_project_references,142,140,right,black,catalogue_extracted_not_currently_verified,"Catalogue wording retained. Line wraps were reconstructed from the PDF layout; names, locations, project status and customer relationships were not externally verified."
1001,VODAFONE (TÜRKİYE GENELİ),VODAFONE (TÜRKİYE GENELİ),VODAFONE (TÜRKİYE GENELİ),,no slash suffix,domestic_and_regional_project_references,142,140,right,black,catalogue_extracted_not_currently_verified,"Catalogue wording retained. Line wraps were reconstructed from the PDF layout; names, locations, project status and customer relationships were not externally verified."
1002,VOLUME KURTKÖY OFİS / İSTANBUL,VOLUME KURTKÖY OFİS / İSTANBUL,VOLUME KURTKÖY OFİS,İSTANBUL,last slash suffix only; not externally verified,domestic_and_regional_project_references,142,140,right,black,catalogue_extracted_not_currently_verified,"Catalogue wording retained. Line wraps were reconstructed from the PDF layout; names, locations, project status and customer relationships were not externally verified."
1003,WEST BLOKS BÜYÜKÇEKMECE / İSTANBUL,WEST BLOKS BÜYÜKÇEKMECE / İSTANBUL,WEST BLOKS BÜYÜKÇEKMECE,İSTANBUL,last slash suffix only; not externally verified,domestic_and_regional_project_references,142,140,right,black,catalogue_extracted_not_currently_verified,"Catalogue wording retained. Line wraps were reconstructed from the PDF layout; names, locations, project status and customer relationships were not externally verified."
1004,WEST QURNA BASRA / IRAK,WEST QURNA BASRA / IRAK,WEST QURNA BASRA,IRAK,last slash suffix only; not externally verified,domestic_and_regional_project_references,142,140,right,black,catalogue_extracted_not_currently_verified,"Catalogue wording retained. Line wraps were reconstructed from the PDF layout; names, locations, project status and customer relationships were not externally verified."
1005,WORLD MEDICINE ÇERKEZKÖY / İSTANBUL,WORLD MEDICINE ÇERKEZKÖY / İSTANBUL,WORLD MEDICINE ÇERKEZKÖY,İSTANBUL,last slash suffix only; not externally verified,domestic_and_regional_project_references,142,140,right,black,catalogue_extracted_not_currently_verified,"Catalogue wording retained. Line wraps were reconstructed from the PDF layout; names, locations, project status and customer relationships were not externally verified."
1006,YAHYALI RES / KAYSERİ,YAHYALI RES / KAYSERİ,YAHYALI RES,KAYSERİ,last slash suffix only; not externally verified,domestic_and_regional_project_references,142,140,right,black,catalogue_extracted_not_currently_verified,"Catalogue wording retained. Line wraps were reconstructed from the PDF layout; names, locations, project status and customer relationships were not externally verified."
1007,YAKIN DOĞU ÜNİVERSİTESİ HASTANESİ / KIBRIS,YAKIN DOĞU ÜNİVERSİTESİ HASTANESİ / KIBRIS,YAKIN DOĞU ÜNİVERSİTESİ HASTANESİ,KIBRIS,last slash suffix only; not externally verified,domestic_and_regional_project_references,142,140,right,black,catalogue_extracted_not_currently_verified,"Catalogue wording retained. Line wraps were reconstructed from the PDF layout; names, locations, project status and customer relationships were not externally verified."
1008,YALOVA ÜNİVERSİTESİ,YALOVA ÜNİVERSİTESİ,YALOVA ÜNİVERSİTESİ,,no slash suffix,domestic_and_regional_project_references,142,140,right,black,catalogue_extracted_not_currently_verified,"Catalogue wording retained. Line wraps were reconstructed from the PDF layout; names, locations, project status and customer relationships were not externally verified."
1009,YAYLALAR HOLDİNG BİNASI BEYLİZDÜZÜ / İSTANBUL,YAYLALAR HOLDİNG BİNASI BEYLİZDÜZÜ / İSTANBUL,YAYLALAR HOLDİNG BİNASI BEYLİZDÜZÜ,İSTANBUL,last slash suffix only; not externally verified,domestic_and_regional_project_references,142,140,right,black,catalogue_extracted_not_currently_verified,"Catalogue wording retained. Line wraps were reconstructed from the PDF layout; names, locations, project status and customer relationships were not externally verified."
1010,YELKEN KAFE / KOCAELİ,YELKEN KAFE / KOCAELİ,YELKEN KAFE,KOCAELİ,last slash suffix only; not externally verified,domestic_and_regional_project_references,142,140,right,black,catalogue_extracted_not_currently_verified,"Catalogue wording retained. Line wraps were reconstructed from the PDF layout; names, locations, project status and customer relationships were not externally verified."
1011,YENİKÖY KEMERKÖY TERMİK SANTRALİ REHABİ. / MUĞLA,YENİKÖY KEMERKÖY TERMİK SANTRALİ REHABİ. / MUĞLA,YENİKÖY KEMERKÖY TERMİK SANTRALİ REHABİ.,MUĞLA,last slash suffix only; not externally verified,domestic_and_regional_project_references,142,140,right,black,catalogue_extracted_not_currently_verified,"Catalogue wording retained. Line wraps were reconstructed from the PDF layout; names, locations, project status and customer relationships were not externally verified."
1012,YENİTEPE İZMİR KONUT,YENİTEPE İZMİR KONUT,YENİTEPE İZMİR KONUT,,no slash suffix,domestic_and_regional_project_references,142,140,right,black,catalogue_extracted_not_currently_verified,"Catalogue wording retained. Line wraps were reconstructed from the PDF layout; names, locations, project status and customer relationships were not externally verified."
1013,YENİTEPE KADIKÖY KONUT / İSTANBUL,YENİTEPE KADIKÖY KONUT / İSTANBUL,YENİTEPE KADIKÖY KONUT,İSTANBUL,last slash suffix only; not externally verified,domestic_and_regional_project_references,142,140,right,black,catalogue_extracted_not_currently_verified,"Catalogue wording retained. Line wraps were reconstructed from the PDF layout; names, locations, project status and customer relationships were not externally verified."
1014,YİĞİTOĞLU RESİDANCE GÜNEŞLİ / İSTANBUL,YİĞİTOĞLU RESİDANCE GÜNEŞLİ / İSTANBUL,YİĞİTOĞLU RESİDANCE GÜNEŞLİ,İSTANBUL,last slash suffix only; not externally verified,domestic_and_regional_project_references,142,140,right,black,catalogue_extracted_not_currently_verified,"Catalogue wording retained. Line wraps were reconstructed from the PDF layout; names, locations, project status and customer relationships were not externally verified."
1015,YOLETEN PROJESİ / TÜRKMENİSTAN,YOLETEN PROJESİ / TÜRKMENİSTAN,YOLETEN PROJESİ,TÜRKMENİSTAN,last slash suffix only; not externally verified,domestic_and_regional_project_references,142,140,right,black,catalogue_extracted_not_currently_verified,"Catalogue wording retained. Line wraps were reconstructed from the PDF layout; names, locations, project status and customer relationships were not externally verified."
1016,YTONG FABRİKA BİNASI DİLOVASI / KOCAELİ,YTONG FABRİKA BİNASI DİLOVASI / KOCAELİ,YTONG FABRİKA BİNASI DİLOVASI,KOCAELİ,last slash suffix only; not externally verified,domestic_and_regional_project_references,142,140,right,black,catalogue_extracted_not_currently_verified,"Catalogue wording retained. Line wraps were reconstructed from the PDF layout; names, locations, project status and customer relationships were not externally verified."
1017,YUNUS EMRE TERMİK SANTRALİ MİHALIÇÇIK / ESKİŞEHİR,YUNUS EMRE TERMİK SANTRALİ MİHALIÇÇIK / ESKİŞEHİR,YUNUS EMRE TERMİK SANTRALİ MİHALIÇÇIK,ESKİŞEHİR,last slash suffix only; not externally verified,domestic_and_regional_project_references,142,140,right,black,catalogue_extracted_not_currently_verified,"Catalogue wording retained. Line wraps were reconstructed from the PDF layout; names, locations, project status and customer relationships were not externally verified."
1018,YÜCEL BORU A.Ş. / KOCAELİ,YÜCEL BORU A.Ş. / KOCAELİ,YÜCEL BORU A.Ş.,KOCAELİ,last slash suffix only; not externally verified,domestic_and_regional_project_references,142,140,right,black,catalogue_extracted_not_currently_verified,"Catalogue wording retained. Line wraps were reconstructed from the PDF layout; names, locations, project status and customer relationships were not externally verified."
1019,ZAFER HAVAALANI / KÜTAHYA,ZAFER HAVAALANI / KÜTAHYA,ZAFER HAVAALANI,KÜTAHYA,last slash suffix only; not externally verified,domestic_and_regional_project_references,142,140,right,black,catalogue_extracted_not_currently_verified,"Catalogue wording retained. Line wraps were reconstructed from the PDF layout; names, locations, project status and customer relationships were not externally verified."
1020,ZENIUM ONE DATA CENTER / İSTANBUL,ZENIUM ONE DATA CENTER / İSTANBUL,ZENIUM ONE DATA CENTER,İSTANBUL,last slash suffix only; not externally verified,domestic_and_regional_project_references,142,140,right,black,catalogue_extracted_not_currently_verified,"Catalogue wording retained. Line wraps were reconstructed from the PDF layout; names, locations, project status and customer relationships were not externally verified."
1021,ZENİUM ONE İSTANBUL DATA CENTER,ZENİUM ONE İSTANBUL DATA CENTER,ZENİUM ONE İSTANBUL DATA CENTER,,no slash suffix,domestic_and_regional_project_references,142,140,right,black,catalogue_extracted_not_currently_verified,"Catalogue wording retained. Line wraps were reconstructed from the PDF layout; names, locations, project status and customer relationships were not externally verified."
1022,ZEYTİNBURNU KAYMAKAMLIK BİNASI / İSTANBUL,ZEYTİNBURNU KAYMAKAMLIK BİNASI / İSTANBUL,ZEYTİNBURNU KAYMAKAMLIK BİNASI,İSTANBUL,last slash suffix only; not externally verified,domestic_and_regional_project_references,142,140,right,black,catalogue_extracted_not_currently_verified,"Catalogue wording retained. Line wraps were reconstructed from the PDF layout; names, locations, project status and customer relationships were not externally verified."
1023,ZIN D DIAMOND / İSTANBUL,ZIN D DIAMOND / İSTANBUL,ZIN D DIAMOND,İSTANBUL,last slash suffix only; not externally verified,domestic_and_regional_project_references,142,140,right,black,catalogue_extracted_not_currently_verified,"Catalogue wording retained. Line wraps were reconstructed from the PDF layout; names, locations, project status and customer relationships were not externally verified."
1024,ZİN D DUDULLU SUITS / İSTANBUL,ZİN D DUDULLU SUITS / İSTANBUL,ZİN D DUDULLU SUITS,İSTANBUL,last slash suffix only; not externally verified,domestic_and_regional_project_references,142,140,right,black,catalogue_extracted_not_currently_verified,"Catalogue wording retained. Line wraps were reconstructed from the PDF layout; names, locations, project status and customer relationships were not externally verified."
1025,ZONGULDAK ATIKSU ARITMA TESİSİ,ZONGULDAK ATIKSU ARITMA TESİSİ,ZONGULDAK ATIKSU ARITMA TESİSİ,,no slash suffix,domestic_and_regional_project_references,142,140,right,black,catalogue_extracted_not_currently_verified,"Catalogue wording retained. Line wraps were reconstructed from the PDF layout; names, locations, project status and customer relationships were not externally verified."
1026,ZONGULDAK ÇATALAĞZI TERMİK SANTRALİ,ZONGULDAK ÇATALAĞZI TERMİK SANTRALİ,ZONGULDAK ÇATALAĞZI TERMİK SANTRALİ,,no slash suffix,domestic_and_regional_project_references,142,140,right,black,catalogue_extracted_not_currently_verified,"Catalogue wording retained. Line wraps were reconstructed from the PDF layout; names, locations, project status and customer relationships were not externally verified."
1027,ZORLU CENTER / İSTANBUL,ZORLU CENTER / İSTANBUL,ZORLU CENTER,İSTANBUL,last slash suffix only; not externally verified,domestic_and_regional_project_references,142,140,right,black,catalogue_extracted_not_currently_verified,"Catalogue wording retained. Line wraps were reconstructed from the PDF layout; names, locations, project status and customer relationships were not externally verified."
1028,ZORLU KIZILDERE JEOTERMAL SANTRALİ / DENİZLİ,ZORLU KIZILDERE JEOTERMAL SANTRALİ / DENİZLİ,ZORLU KIZILDERE JEOTERMAL SANTRALİ,DENİZLİ,last slash suffix only; not externally verified,domestic_and_regional_project_references,142,140,right,black,catalogue_extracted_not_currently_verified,"Catalogue wording retained. Line wraps were reconstructed from the PDF layout; names, locations, project status and customer relationships were not externally verified."
