market,viewport,route,tier,assetType,url,isR2,runsObserved,aboveFold,loadedBeforeScrollRate,loadingAttr,poster,renderedWidth,renderedHeight,naturalWidth,naturalHeight,httpStatus,contentType,contentLengthBytes,cacheControl,etag,medianStartTimeMs,medianResponseEndMs,medianDurationMs,medianVideoCanPlayMs,medianPageLcpMs,pageLcpIsThisAssetRate,medianPageCls,classification,classificationScore,classificationReasons
uk,desktop,/,priority,image,https://pub-f1a143f96bfc47df8ff1ccd1aaea6671.r2.dev/brand/infravolt-wordmark-primary.webp,true,3,true,1,eager,,252,57,1040,235,200,image/webp,126044,,"""15ab34f45bad11445e87379fdf35c690""",168.80000000447035,295.30000000447035,126.5,,2640,0,0,NEEDS OPTIMISATION,3,above the fold; no effective cache-control for repeat visits
uk,desktop,/,priority,image,https://pub-f1a143f96bfc47df8ff1ccd1aaea6671.r2.dev/media/hero-badges/cable-management.webp,true,3,false,1,lazy,,213,213,1024,1024,200,image/webp,1695614,,"""0504d347880f826b43fc96ac12cbc6fb""",2443.7000000029802,2576.7000000029802,133,,2640,0,0,CRITICAL,6,large file (1.62 MB); no effective cache-control for repeat visits; fetched before scroll despite being below the fold (unnecessary initial-load bytes)
uk,desktop,/,priority,image,https://pub-f1a143f96bfc47df8ff1ccd1aaea6671.r2.dev/media/hero-badges/busbar-systems.webp,true,3,false,1,eager,,213,213,1024,1024,200,image/webp,1637973,,"""9c06a079753a8741c9937486f7259cba""",168.89999999850988,357.1000000014901,190.79999999701977,,2640,0,0,CRITICAL,6,large file (1.56 MB); no effective cache-control for repeat visits; fetched before scroll despite being below the fold (unnecessary initial-load bytes)
uk,desktop,/,priority,image,https://pub-f1a143f96bfc47df8ff1ccd1aaea6671.r2.dev/media/hero-badges/underfloor-cable-trunking.webp,true,3,false,1,lazy,,213,213,1024,1024,200,image/webp,1620336,,"""12e01da1555dd0591896fd36b2732f57""",2443.8000000044703,2551,120,,2640,0,0,CRITICAL,6,large file (1.55 MB); no effective cache-control for repeat visits; fetched before scroll despite being below the fold (unnecessary initial-load bytes)
uk,desktop,/,priority,image,https://pub-f1a143f96bfc47df8ff1ccd1aaea6671.r2.dev/media/hero-badges/earthing-lightning-protection.webp,true,3,false,1,lazy,,213,213,1024,1024,200,image/webp,1781015,,"""277621dec07d86630ff44111c28dace1""",2443.8000000044703,2743.2000000029802,215,,2640,0,0,CRITICAL,7,large file (1.70 MB); no effective cache-control for repeat visits; fetched before scroll despite being below the fold (unnecessary initial-load bytes)
uk,desktop,/,priority,image,https://pub-f1a143f96bfc47df8ff1ccd1aaea6671.r2.dev/media/hero-badges/led-systems.webp,true,3,false,1,lazy,,213,213,1024,1024,200,image/webp,1717800,,"""6c6b2620906827ac13a5760292e962ab""",2443.89999999851,2701.3000000044703,257.40000000596046,,2640,0,0,CRITICAL,7,large file (1.64 MB); no effective cache-control for repeat visits; fetched before scroll despite being below the fold (unnecessary initial-load bytes)
uk,desktop,/,priority,image,https://pub-f1a143f96bfc47df8ff1ccd1aaea6671.r2.dev/media/hero-badges/ev-charging-systems.webp,true,3,false,1,lazy,,213,213,1024,1024,200,image/webp,1645686,,"""a1f5b5480144c89fa2d1b2b5325fa9ae""",2444.10000000149,2691.10000000149,330.20000000298023,,2640,0,0,CRITICAL,7,large file (1.57 MB); no effective cache-control for repeat visits; fetched before scroll despite being below the fold (unnecessary initial-load bytes)
uk,desktop,/,priority,image,https://pub-f1a143f96bfc47df8ff1ccd1aaea6671.r2.dev/company/gersan-zonguldak-factory.webp,true,3,false,1,lazy,,707,398,1672,941,200,image/webp,2514210,,"""3da72dff4693e6e71389643ce1ca0a41""",2445.60000000149,3056.10000000149,610.5,,2640,0,0,CRITICAL,8,moderate transfer time (611 ms); large file (2.40 MB); no effective cache-control for repeat visits; fetched before scroll despite being below the fold (unnecessary initial-load bytes)
uk,desktop,/,priority,image,http://uk.infravolt.localhost:3000/assets/brand/gersan-logo.png,false,3,false,1,lazy,,120,27,583,132,200,image/png,18938,"public, max-age=0","W/""49fa-19fbebfcec4""",2444.2000000029802,2451.5,7.700000002980232,,2640,0,0,NEEDS OPTIMISATION,3,no effective cache-control for repeat visits; fetched before scroll despite being below the fold (unnecessary initial-load bytes)
uk,desktop,/,priority,image,https://pub-f1a143f96bfc47df8ff1ccd1aaea6671.r2.dev/products/thumbnails/product-busbar-systems.webp,true,3,false,1,lazy,,462,289,1448,1086,200,image/webp,2043153,,"""aed2c952a8ba787f67d9cc5fd051225a""",2444.39999999851,2789.7000000029802,345.30000000447035,,2640,0,0,CRITICAL,7,large file (1.95 MB); no effective cache-control for repeat visits; fetched before scroll despite being below the fold (unnecessary initial-load bytes)
uk,desktop,/,priority,image,https://pub-f1a143f96bfc47df8ff1ccd1aaea6671.r2.dev/icons/products/icon-busbar.svg,true,3,false,1,lazy,,38,38,128,128,200,image/svg+xml,1011,,"""cdf6fe8b14d1dd7f46e09892d86bdca4""",2444.39999999851,2596.89999999851,152.5,,2640,0,0,NEEDS OPTIMISATION,3,no effective cache-control for repeat visits; fetched before scroll despite being below the fold (unnecessary initial-load bytes)
uk,desktop,/,priority,image,https://pub-f1a143f96bfc47df8ff1ccd1aaea6671.r2.dev/products/thumbnails/cable-tray-and-ladder.webp,true,3,false,1,lazy,,462,289,1448,1086,200,image/webp,2117769,,"""f171e5d5177fda53dbb6a8e567ab8117""",2444.60000000149,2724,310.29999999701977,,2640,0,0,CRITICAL,7,large file (2.02 MB); no effective cache-control for repeat visits; fetched before scroll despite being below the fold (unnecessary initial-load bytes)
uk,desktop,/,priority,image,https://pub-f1a143f96bfc47df8ff1ccd1aaea6671.r2.dev/icons/products/icon-cable-tray.svg,true,3,false,1,lazy,,38,38,128,128,200,image/svg+xml,1009,,"""d23756fb44b933a1eed710c0451ad54a""",2444.7000000029802,2643.3000000044703,198.60000000149012,,2640,0,0,NEEDS OPTIMISATION,3,no effective cache-control for repeat visits; fetched before scroll despite being below the fold (unnecessary initial-load bytes)
uk,desktop,/,priority,image,https://pub-f1a143f96bfc47df8ff1ccd1aaea6671.r2.dev/products/thumbnails/earthing-lighting.webp,true,3,false,1,lazy,,462,289,1448,1086,200,image/webp,1893408,,"""23fcc9357d36a6d49d98c9aaf6822a45""",2444.8000000044703,2780.2000000029802,335.3999999985099,,2640,0,0,CRITICAL,7,large file (1.81 MB); no effective cache-control for repeat visits; fetched before scroll despite being below the fold (unnecessary initial-load bytes)
uk,desktop,/,priority,image,https://pub-f1a143f96bfc47df8ff1ccd1aaea6671.r2.dev/icons/products/icon-earthing.svg,true,3,false,1,lazy,,38,38,128,128,200,image/svg+xml,992,,"""e4038fe378aa84cd391b8642a622582a""",2445,2780,335,,2640,0,0,NEEDS OPTIMISATION,4,no effective cache-control for repeat visits; fetched before scroll despite being below the fold (unnecessary initial-load bytes)
uk,desktop,/,priority,image,https://pub-f1a143f96bfc47df8ff1ccd1aaea6671.r2.dev/products/thumbnails/product-underfloor-systems.webp,true,3,false,1,lazy,,462,289,1448,1086,200,image/webp,1834918,,"""1bcafb9950573c9ce76103662d86177d""",2445.10000000149,2915.10000000149,470,,2640,0,0,CRITICAL,8,moderate transfer time (470 ms); large file (1.75 MB); no effective cache-control for repeat visits; fetched before scroll despite being below the fold (unnecessary initial-load bytes)
uk,desktop,/,priority,image,https://pub-f1a143f96bfc47df8ff1ccd1aaea6671.r2.dev/icons/products/icon-support-system.svg,true,3,false,1,lazy,,38,38,128,128,200,image/svg+xml,979,,"""b5ac1a33dd76a1740a92130c0c75000b""",2445.2000000029802,2800.2000000029802,355,,2640,0,0,NEEDS OPTIMISATION,4,no effective cache-control for repeat visits; fetched before scroll despite being below the fold (unnecessary initial-load bytes)
uk,desktop,/,priority,image,https://pub-f1a143f96bfc47df8ff1ccd1aaea6671.r2.dev/products/thumbnails/product-ledbus-systems.webp,true,3,false,1,lazy,,462,289,1448,1086,200,image/webp,1914509,,"""749a01d87853842deff00e1a8b99e574""",2445.2000000029802,2885.2000000029802,440,,2640,0,0,CRITICAL,8,moderate transfer time (440 ms); large file (1.83 MB); no effective cache-control for repeat visits; fetched before scroll despite being below the fold (unnecessary initial-load bytes)
uk,desktop,/,priority,image,https://pub-f1a143f96bfc47df8ff1ccd1aaea6671.r2.dev/icons/products/icon-lighting-busbar.svg,true,3,false,1,lazy,,38,38,128,128,200,image/svg+xml,1025,,"""66b6066a05e1538b1d1bf94941a1fad4""",2445.3000000044703,2876.39999999851,431.09999999403954,,2640,0,0,NEEDS OPTIMISATION,5,moderate transfer time (431 ms); no effective cache-control for repeat visits; fetched before scroll despite being below the fold (unnecessary initial-load bytes)
uk,desktop,/,priority,image,https://pub-f1a143f96bfc47df8ff1ccd1aaea6671.r2.dev/products/thumbnails/product-ev-charging-systems.webp,true,3,false,1,lazy,,462,289,1448,1086,200,image/webp,1613611,,"""0716c28e41d5f616b0b6314043634347""",2445.39999999851,3023.60000000149,575.6000000014901,,2640,0,0,CRITICAL,8,moderate transfer time (576 ms); large file (1.54 MB); no effective cache-control for repeat visits; fetched before scroll despite being below the fold (unnecessary initial-load bytes)
uk,desktop,/,priority,image,https://pub-f1a143f96bfc47df8ff1ccd1aaea6671.r2.dev/icons/products/icon-ev-charging.svg,true,3,false,1,lazy,,38,38,128,128,200,image/svg+xml,1108,,"""ce7b21ea8271c4f656459ee600958711""",2445.39999999851,2875.2000000029802,429.80000000447035,,2640,0,0,NEEDS OPTIMISATION,5,moderate transfer time (430 ms); no effective cache-control for repeat visits; fetched before scroll despite being below the fold (unnecessary initial-load bytes)
uk,desktop,/,priority,image,https://pub-f1a143f96bfc47df8ff1ccd1aaea6671.r2.dev/industries/cards/data-centres.webp,true,3,false,0,lazy,,341,213,1600,900,200,image/webp,107144,,"""4b4b4989b2f555e901daf3390bf9cbb2""",3414.89999999851,3464.5,50.899999998509884,,2640,0,0,GOOD,1,no effective cache-control for repeat visits
uk,desktop,/,priority,image,https://pub-f1a143f96bfc47df8ff1ccd1aaea6671.r2.dev/industries/cards/commercial-buildings.webp,true,3,false,0,lazy,,341,213,1600,900,200,image/webp,232338,,"""3b82a71f02f1d3ab7d75b09ade065afd""",3414.89999999851,3527.60000000149,91.5,,2640,0,0,GOOD,2,no effective cache-control for repeat visits
uk,desktop,/,priority,image,https://pub-f1a143f96bfc47df8ff1ccd1aaea6671.r2.dev/industries/cards/industrial-facilities.webp,true,3,false,0,lazy,,341,213,1600,900,200,image/webp,219968,,"""c4d016198f99d99da11b03f978b268d0""",3415,3504.60000000149,90.19999999552965,,2640,0,0,GOOD,2,no effective cache-control for repeat visits
uk,desktop,/,priority,image,https://pub-f1a143f96bfc47df8ff1ccd1aaea6671.r2.dev/industries/cards/infrastructure-utilities.webp,true,3,false,0,lazy,,341,213,1600,900,200,image/webp,140636,,"""4c383e9c6ff1189ff82bbd9f225da4f2""",3415.10000000149,3471.8000000044703,87,,2640,0,0,GOOD,1,no effective cache-control for repeat visits
uk,desktop,/,priority,image,https://pub-f1a143f96bfc47df8ff1ccd1aaea6671.r2.dev/industries/cards/renewable-energy.webp,true,3,false,0,lazy,,341,213,1600,900,200,image/webp,221492,,"""073547bb64b37bcbc3c67208ceed4d97""",3471.8000000044703,3564.2000000029802,92.39999999850988,,2640,0,0,GOOD,2,no effective cache-control for repeat visits
uk,desktop,/,priority,image,https://pub-f1a143f96bfc47df8ff1ccd1aaea6671.r2.dev/industries/cards/healthcare.webp,true,3,false,0,lazy,,341,213,1600,900,200,image/webp,48962,,"""a1c0f7141c40508e52d48915a652bfa5""",3471.89999999851,3551.3000000044703,79.40000000596046,,2640,0,0,GOOD,1,no effective cache-control for repeat visits
uk,desktop,/,priority,image,https://pub-f1a143f96bfc47df8ff1ccd1aaea6671.r2.dev/industries/cards/transport-infrastructure.webp,true,3,false,0,lazy,,341,213,1600,900,200,image/webp,250690,,"""309eef79c5428d97cc907009418b058b""",3472,3562.39999999851,92.60000000149012,,2640,0,0,GOOD,2,no effective cache-control for repeat visits
uk,desktop,/,priority,image,https://pub-f1a143f96bfc47df8ff1ccd1aaea6671.r2.dev/industries/cards/education-public-sector.webp,true,3,false,0,lazy,,341,213,1600,900,200,image/webp,296176,,"""2fe0d6f865a2e10be86072461b3add7d""",3472,3561.5,102,,2640,0,0,GOOD,2,no effective cache-control for repeat visits
uk,desktop,/,priority,image,https://pub-f1a143f96bfc47df8ff1ccd1aaea6671.r2.dev/icons/technical-resources/icon-datasheets.svg,true,3,true,0,lazy,,26,26,150,150,200,image/svg+xml,356,,"""3567017e3a04ead56f3417791c01be55""",3617.7000000029802,3683.5,48.100000001490116,,2640,0,0,NEEDS OPTIMISATION,3,above the fold; no effective cache-control for repeat visits
uk,desktop,/,priority,image,https://pub-f1a143f96bfc47df8ff1ccd1aaea6671.r2.dev/icons/technical-resources/icon-certificates-tests.svg,true,3,true,0,lazy,,26,26,150,150,200,image/svg+xml,381,,"""eea6849f5ad44e2edf587eeeb468d62c""",3617.8000000044703,3683.39999999851,65.59999999403954,,2640,0,0,NEEDS OPTIMISATION,3,above the fold; no effective cache-control for repeat visits
uk,desktop,/,priority,image,https://pub-f1a143f96bfc47df8ff1ccd1aaea6671.r2.dev/icons/technical-resources/icon-installation-guidance.svg,true,3,true,0,lazy,,26,26,150,150,200,image/svg+xml,371,,"""8b41a0ebbf4a09f02a57435184fc62c4""",3734.3000000044703,3802.60000000149,68.29999999701977,,2640,0,0,NEEDS OPTIMISATION,3,above the fold; no effective cache-control for repeat visits
uk,desktop,/,priority,image,https://pub-f1a143f96bfc47df8ff1ccd1aaea6671.r2.dev/icons/technical-resources/icon-bim-cad.svg,true,3,true,0,lazy,,26,26,150,150,200,image/svg+xml,342,,"""83308fa0ffd820636f60e58552181bd4""",3734.39999999851,3778.89999999851,46.899999998509884,,2640,0,0,NEEDS OPTIMISATION,3,above the fold; no effective cache-control for repeat visits
uk,desktop,/,priority,image,https://pub-f1a143f96bfc47df8ff1ccd1aaea6671.r2.dev/icons/technical-resources/icon-specification-support.svg,true,3,true,0,lazy,,26,26,150,150,200,image/svg+xml,380,,"""ad68a67b3eb19b8b1a0cf39d47968a11""",3767.8000000044703,3815,60.100000001490116,,2640,0,0,NEEDS OPTIMISATION,3,above the fold; no effective cache-control for repeat visits
uk,desktop,/,priority,image,https://pub-f1a143f96bfc47df8ff1ccd1aaea6671.r2.dev/brand/infravolt-wordmark-transparent.webp,true,3,true,0,lazy,,250,56,1040,235,200,image/webp,52456,,"""93441a0dddaf3276056bd01d677cc5c4""",3800.89999999851,3849.10000000149,48.20000000298023,,2640,0,0,NEEDS OPTIMISATION,3,above the fold; no effective cache-control for repeat visits
uk,desktop,/,priority,video,https://pub-f1a143f96bfc47df8ff1ccd1aaea6671.r2.dev/media/home/infravolt-home-hero-desktop.mp4,true,3,false,1,metadata,https://pub-f1a143f96bfc47df8ff1ccd1aaea6671.r2.dev/media/home/infravolt-home-hero-poster.webp,1898,982,,,206,video/mp4,11458101,,"""bc105ff594945aaf303da2e31134eea7""",212.80000000447035,467.8999999985099,255.09999999403954,468.20000000298023,2640,0,0,CRITICAL,8,video asset; large file (10.93 MB); no effective cache-control for repeat visits; fetched before scroll despite being below the fold (unnecessary initial-load bytes)
uk,mobile,/,priority,image,https://pub-f1a143f96bfc47df8ff1ccd1aaea6671.r2.dev/brand/infravolt-wordmark-primary.webp,true,3,true,1,eager,,192,43,1040,235,200,image/webp,126044,,"""15ab34f45bad11445e87379fdf35c690""",148.70000000298023,258.5,109,,1548,0,0,NEEDS OPTIMISATION,4,above the fold; mobile viewport; no effective cache-control for repeat visits
uk,mobile,/,priority,image,https://pub-f1a143f96bfc47df8ff1ccd1aaea6671.r2.dev/media/hero-badges/cable-management.webp,true,3,false,1,lazy,,101,101,1024,1024,200,image/webp,1695614,,"""0504d347880f826b43fc96ac12cbc6fb""",1480.4000000059605,1572.8999999985099,88.79999999701977,,1548,0,0,CRITICAL,7,mobile viewport; large file (1.62 MB); no effective cache-control for repeat visits; fetched before scroll despite being below the fold (unnecessary initial-load bytes)
uk,mobile,/,priority,image,https://pub-f1a143f96bfc47df8ff1ccd1aaea6671.r2.dev/media/hero-badges/busbar-systems.webp,true,3,false,1,eager,,101,101,1024,1024,200,image/webp,1637973,,"""9c06a079753a8741c9937486f7259cba""",148.90000000596046,299.79999999701977,145.10000000149012,,1548,0,0,CRITICAL,7,mobile viewport; large file (1.56 MB); no effective cache-control for repeat visits; fetched before scroll despite being below the fold (unnecessary initial-load bytes)
uk,mobile,/,priority,image,https://pub-f1a143f96bfc47df8ff1ccd1aaea6671.r2.dev/media/hero-badges/underfloor-cable-trunking.webp,true,3,false,1,lazy,,101,101,1024,1024,200,image/webp,1620336,,"""12e01da1555dd0591896fd36b2732f57""",1480.4000000059605,1796.2999999970198,229.69999999552965,,1548,0,0,CRITICAL,8,mobile viewport; large file (1.55 MB); no effective cache-control for repeat visits; fetched before scroll despite being below the fold (unnecessary initial-load bytes)
uk,mobile,/,priority,image,https://pub-f1a143f96bfc47df8ff1ccd1aaea6671.r2.dev/media/hero-badges/earthing-lightning-protection.webp,true,3,false,1,lazy,,101,101,1024,1024,200,image/webp,1781015,,"""277621dec07d86630ff44111c28dace1""",1480.5,1765.1000000014901,247.10000000149012,,1548,0,0,CRITICAL,8,mobile viewport; large file (1.70 MB); no effective cache-control for repeat visits; fetched before scroll despite being below the fold (unnecessary initial-load bytes)
uk,mobile,/,priority,image,https://pub-f1a143f96bfc47df8ff1ccd1aaea6671.r2.dev/media/hero-badges/led-systems.webp,true,3,false,1,lazy,,101,101,1024,1024,200,image/webp,1717800,,"""6c6b2620906827ac13a5760292e962ab""",1480.6000000014901,1918.6000000014901,448.29999999701977,,1548,0,0,CRITICAL,9,mobile viewport; moderate transfer time (448 ms); large file (1.64 MB); no effective cache-control for repeat visits; fetched before scroll despite being below the fold (unnecessary initial-load bytes)
uk,mobile,/,priority,image,https://pub-f1a143f96bfc47df8ff1ccd1aaea6671.r2.dev/media/hero-badges/ev-charging-systems.webp,true,3,false,1,lazy,,101,101,1024,1024,200,image/webp,1645686,,"""a1f5b5480144c89fa2d1b2b5325fa9ae""",1480.6000000014901,2014.3999999985099,398.5,,1548,0,0,CRITICAL,8,mobile viewport; large file (1.57 MB); no effective cache-control for repeat visits; fetched before scroll despite being below the fold (unnecessary initial-load bytes)
uk,mobile,/,priority,image,https://pub-f1a143f96bfc47df8ff1ccd1aaea6671.r2.dev/company/gersan-zonguldak-factory.webp,true,3,false,1,lazy,,350,197,1672,941,200,image/webp,2514210,,"""3da72dff4693e6e71389643ce1ca0a41""",1481.6000000014901,2311.1999999955297,702.3999999985099,,1548,0,0,CRITICAL,9,mobile viewport; moderate transfer time (702 ms); large file (2.40 MB); no effective cache-control for repeat visits; fetched before scroll despite being below the fold (unnecessary initial-load bytes)
uk,mobile,/,priority,image,http://uk.infravolt.localhost:3000/assets/brand/gersan-logo.png,false,3,false,1,lazy,,120,27,583,132,200,image/png,18938,"public, max-age=0","W/""49fa-19fbebfcec4""",1480.8000000044703,1487.5,7.299999997019768,,1548,0,0,NEEDS OPTIMISATION,4,mobile viewport; no effective cache-control for repeat visits; fetched before scroll despite being below the fold (unnecessary initial-load bytes)
uk,mobile,/,priority,image,https://pub-f1a143f96bfc47df8ff1ccd1aaea6671.r2.dev/products/thumbnails/product-busbar-systems.webp,true,3,false,1,lazy,,167,101,1448,1086,200,image/webp,2043153,,"""aed2c952a8ba787f67d9cc5fd051225a""",1480.8000000044703,1980.9000000059605,500.1000000014901,,1548,0,0,CRITICAL,9,mobile viewport; moderate transfer time (500 ms); large file (1.95 MB); no effective cache-control for repeat visits; fetched before scroll despite being below the fold (unnecessary initial-load bytes)
uk,mobile,/,priority,image,https://pub-f1a143f96bfc47df8ff1ccd1aaea6671.r2.dev/icons/products/icon-busbar.svg,true,3,false,0,lazy,,0,0,,,,,,,,,,,,1548,0,0,GOOD,2,mobile viewport; no effective cache-control for repeat visits
uk,mobile,/,priority,image,https://pub-f1a143f96bfc47df8ff1ccd1aaea6671.r2.dev/products/thumbnails/cable-tray-and-ladder.webp,true,3,false,1,lazy,,167,101,1448,1086,200,image/webp,2117769,,"""f171e5d5177fda53dbb6a8e567ab8117""",1480.8000000044703,1767,280,,1548,0,0,CRITICAL,8,mobile viewport; large file (2.02 MB); no effective cache-control for repeat visits; fetched before scroll despite being below the fold (unnecessary initial-load bytes)
uk,mobile,/,priority,image,https://pub-f1a143f96bfc47df8ff1ccd1aaea6671.r2.dev/icons/products/icon-cable-tray.svg,true,3,false,0,lazy,,0,0,,,,,,,,,,,,1548,0,0,GOOD,2,mobile viewport; no effective cache-control for repeat visits
uk,mobile,/,priority,image,https://pub-f1a143f96bfc47df8ff1ccd1aaea6671.r2.dev/products/thumbnails/earthing-lighting.webp,true,3,false,1,lazy,,167,101,1448,1086,200,image/webp,1893408,,"""23fcc9357d36a6d49d98c9aaf6822a45""",1480.8000000044703,1847.6000000014901,362.5,,1548,0,0,CRITICAL,8,mobile viewport; large file (1.81 MB); no effective cache-control for repeat visits; fetched before scroll despite being below the fold (unnecessary initial-load bytes)
uk,mobile,/,priority,image,https://pub-f1a143f96bfc47df8ff1ccd1aaea6671.r2.dev/icons/products/icon-earthing.svg,true,3,false,0,lazy,,0,0,,,,,,,,,,,,1548,0,0,GOOD,2,mobile viewport; no effective cache-control for repeat visits
uk,mobile,/,priority,image,https://pub-f1a143f96bfc47df8ff1ccd1aaea6671.r2.dev/products/thumbnails/product-underfloor-systems.webp,true,3,false,1,lazy,,167,101,1448,1086,200,image/webp,1834918,,"""1bcafb9950573c9ce76103662d86177d""",1481,1977.6000000014901,425.20000000298023,,1548,0,0,CRITICAL,9,mobile viewport; moderate transfer time (425 ms); large file (1.75 MB); no effective cache-control for repeat visits; fetched before scroll despite being below the fold (unnecessary initial-load bytes)
uk,mobile,/,priority,image,https://pub-f1a143f96bfc47df8ff1ccd1aaea6671.r2.dev/icons/products/icon-support-system.svg,true,3,false,0,lazy,,0,0,,,,,,,,,,,,1548,0,0,GOOD,2,mobile viewport; no effective cache-control for repeat visits
uk,mobile,/,priority,image,https://pub-f1a143f96bfc47df8ff1ccd1aaea6671.r2.dev/products/thumbnails/product-ledbus-systems.webp,true,3,false,1,lazy,,167,101,1448,1086,200,image/webp,1914509,,"""749a01d87853842deff00e1a8b99e574""",1481,2029.7000000029802,491.20000000298023,,1548,0,0,CRITICAL,9,mobile viewport; moderate transfer time (491 ms); large file (1.83 MB); no effective cache-control for repeat visits; fetched before scroll despite being below the fold (unnecessary initial-load bytes)
uk,mobile,/,priority,image,https://pub-f1a143f96bfc47df8ff1ccd1aaea6671.r2.dev/icons/products/icon-lighting-busbar.svg,true,3,false,0,lazy,,0,0,,,,,,,,,,,,1548,0,0,GOOD,2,mobile viewport; no effective cache-control for repeat visits
uk,mobile,/,priority,image,https://pub-f1a143f96bfc47df8ff1ccd1aaea6671.r2.dev/products/thumbnails/product-ev-charging-systems.webp,true,3,false,1,lazy,,167,101,1448,1086,200,image/webp,1613611,,"""0716c28e41d5f616b0b6314043634347""",1481,1983.1000000014901,498.1000000014901,,1548,0,0,CRITICAL,9,mobile viewport; moderate transfer time (498 ms); large file (1.54 MB); no effective cache-control for repeat visits; fetched before scroll despite being below the fold (unnecessary initial-load bytes)
uk,mobile,/,priority,image,https://pub-f1a143f96bfc47df8ff1ccd1aaea6671.r2.dev/icons/products/icon-ev-charging.svg,true,3,false,0,lazy,,0,0,,,,,,,,,,,,1548,0,0,GOOD,2,mobile viewport; no effective cache-control for repeat visits
uk,mobile,/,priority,image,https://pub-f1a143f96bfc47df8ff1ccd1aaea6671.r2.dev/industries/cards/data-centres.webp,true,3,false,1,lazy,,167,102,1600,900,200,image/webp,107144,,"""4b4b4989b2f555e901daf3390bf9cbb2""",1481.2000000029802,2014.8999999985099,485.19999999552965,,1548,0,0,CRITICAL,6,mobile viewport; moderate transfer time (485 ms); no effective cache-control for repeat visits; fetched before scroll despite being below the fold (unnecessary initial-load bytes)
uk,mobile,/,priority,image,https://pub-f1a143f96bfc47df8ff1ccd1aaea6671.r2.dev/industries/cards/commercial-buildings.webp,true,3,false,1,lazy,,167,102,1600,900,200,image/webp,232338,,"""3b82a71f02f1d3ab7d75b09ade065afd""",1481.2000000029802,2024.7999999970198,514.5999999940395,,1548,0,0,CRITICAL,7,mobile viewport; moderate transfer time (515 ms); no effective cache-control for repeat visits; fetched before scroll despite being below the fold (unnecessary initial-load bytes)
uk,mobile,/,priority,image,https://pub-f1a143f96bfc47df8ff1ccd1aaea6671.r2.dev/industries/cards/industrial-facilities.webp,true,3,false,1,lazy,,167,102,1600,900,200,image/webp,219968,,"""c4d016198f99d99da11b03f978b268d0""",1481.3000000044703,2033.1000000014901,544.8000000044703,,1548,0,0,CRITICAL,7,mobile viewport; moderate transfer time (545 ms); no effective cache-control for repeat visits; fetched before scroll despite being below the fold (unnecessary initial-load bytes)
uk,mobile,/,priority,image,https://pub-f1a143f96bfc47df8ff1ccd1aaea6671.r2.dev/industries/cards/infrastructure-utilities.webp,true,3,false,1,lazy,,167,102,1600,900,200,image/webp,140636,,"""4c383e9c6ff1189ff82bbd9f225da4f2""",1481.4000000059605,2039.3999999985099,557.6000000014901,,1548,0,0,CRITICAL,6,mobile viewport; moderate transfer time (558 ms); no effective cache-control for repeat visits; fetched before scroll despite being below the fold (unnecessary initial-load bytes)
uk,mobile,/,priority,image,https://pub-f1a143f96bfc47df8ff1ccd1aaea6671.r2.dev/industries/cards/renewable-energy.webp,true,3,false,1,lazy,,167,102,1600,900,200,image/webp,221492,,"""073547bb64b37bcbc3c67208ceed4d97""",1481.5,2143.7999999970198,571.7000000029802,,1548,0,0,CRITICAL,7,mobile viewport; moderate transfer time (572 ms); no effective cache-control for repeat visits; fetched before scroll despite being below the fold (unnecessary initial-load bytes)
uk,mobile,/,priority,image,https://pub-f1a143f96bfc47df8ff1ccd1aaea6671.r2.dev/industries/cards/healthcare.webp,true,3,false,1,lazy,,167,102,1600,900,200,image/webp,48962,,"""a1c0f7141c40508e52d48915a652bfa5""",1481.5,2074.60000000149,570.8999999985099,,1548,0,0,CRITICAL,6,mobile viewport; moderate transfer time (571 ms); no effective cache-control for repeat visits; fetched before scroll despite being below the fold (unnecessary initial-load bytes)
uk,mobile,/,priority,image,https://pub-f1a143f96bfc47df8ff1ccd1aaea6671.r2.dev/industries/cards/transport-infrastructure.webp,true,3,false,0,lazy,,167,102,1600,900,200,image/webp,250690,,"""309eef79c5428d97cc907009418b058b""",2723.39999999851,2836,81.30000000447035,,1548,0,0,NEEDS OPTIMISATION,3,mobile viewport; no effective cache-control for repeat visits
uk,mobile,/,priority,image,https://pub-f1a143f96bfc47df8ff1ccd1aaea6671.r2.dev/industries/cards/education-public-sector.webp,true,3,false,0,lazy,,167,102,1600,900,200,image/webp,296176,,"""2fe0d6f865a2e10be86072461b3add7d""",2723.5,2950.2999999970198,82.20000000298023,,1548,0,0,NEEDS OPTIMISATION,3,mobile viewport; no effective cache-control for repeat visits
uk,mobile,/,priority,image,https://pub-f1a143f96bfc47df8ff1ccd1aaea6671.r2.dev/icons/technical-resources/icon-datasheets.svg,true,3,false,0,lazy,,22,22,150,150,200,image/svg+xml,356,,"""3567017e3a04ead56f3417791c01be55""",2791,2867.39999999851,51.600000001490116,,1548,0,0,GOOD,2,mobile viewport; no effective cache-control for repeat visits
uk,mobile,/,priority,image,https://pub-f1a143f96bfc47df8ff1ccd1aaea6671.r2.dev/icons/technical-resources/icon-certificates-tests.svg,true,3,false,0,lazy,,22,22,150,150,200,image/svg+xml,381,,"""eea6849f5ad44e2edf587eeeb468d62c""",2791.10000000149,2871.7999999970198,80.69999999552965,,1548,0,0,GOOD,2,mobile viewport; no effective cache-control for repeat visits
uk,mobile,/,priority,image,https://pub-f1a143f96bfc47df8ff1ccd1aaea6671.r2.dev/icons/technical-resources/icon-installation-guidance.svg,true,3,false,0,lazy,,22,22,150,150,200,image/svg+xml,371,,"""8b41a0ebbf4a09f02a57435184fc62c4""",2824.4000000059605,2901.10000000149,76.69999999552965,,1548,0,0,GOOD,2,mobile viewport; no effective cache-control for repeat visits
uk,mobile,/,priority,image,https://pub-f1a143f96bfc47df8ff1ccd1aaea6671.r2.dev/icons/technical-resources/icon-bim-cad.svg,true,3,false,0,lazy,,22,22,150,150,200,image/svg+xml,342,,"""83308fa0ffd820636f60e58552181bd4""",2824.5,2912.8000000044703,43.599999994039536,,1548,0,0,GOOD,2,mobile viewport; no effective cache-control for repeat visits
uk,mobile,/,priority,image,https://pub-f1a143f96bfc47df8ff1ccd1aaea6671.r2.dev/icons/technical-resources/icon-specification-support.svg,true,3,false,0,lazy,,22,22,150,150,200,image/svg+xml,380,,"""ad68a67b3eb19b8b1a0cf39d47968a11""",2858.5,2936.5,47.400000005960464,,1548,0,0,GOOD,2,mobile viewport; no effective cache-control for repeat visits
uk,mobile,/,priority,image,https://pub-f1a143f96bfc47df8ff1ccd1aaea6671.r2.dev/brand/infravolt-wordmark-transparent.webp,true,3,true,0,lazy,,220,50,1040,235,200,image/webp,52456,,"""93441a0dddaf3276056bd01d677cc5c4""",3057.3000000044703,3139.2000000029802,81.89999999850988,,1548,0,0,NEEDS OPTIMISATION,4,above the fold; mobile viewport; no effective cache-control for repeat visits
uk,mobile,/,priority,video,https://pub-f1a143f96bfc47df8ff1ccd1aaea6671.r2.dev/media/home/infravolt-home-hero-mobile.mp4,true,3,false,1,metadata,https://pub-f1a143f96bfc47df8ff1ccd1aaea6671.r2.dev/media/home/infravolt-home-hero-poster.webp,372,279,,,206,video/mp4,5353934,,"""7f73a1b880d08418623ad1b234d257f9""",191.80000000447035,450,258.19999999552965,450.1000000014901,1548,0,0,CRITICAL,9,video asset; mobile viewport; large file (5.11 MB); no effective cache-control for repeat visits; fetched before scroll despite being below the fold (unnecessary initial-load bytes)
ua,desktop,/,priority,image,https://pub-f1a143f96bfc47df8ff1ccd1aaea6671.r2.dev/brand/infravolt-wordmark-primary.webp,true,3,true,1,eager,,252,57,1040,235,200,image/webp,126044,,"""15ab34f45bad11445e87379fdf35c690""",162.60000000149012,304,138.40000000596046,,1964,0,0,NEEDS OPTIMISATION,3,above the fold; no effective cache-control for repeat visits
ua,desktop,/,priority,image,https://pub-f1a143f96bfc47df8ff1ccd1aaea6671.r2.dev/media/hero-badges/cable-management.webp,true,3,false,1,lazy,,213,213,1024,1024,200,image/webp,1695614,,"""0504d347880f826b43fc96ac12cbc6fb""",1708.7000000029802,1865.2999999970198,156.59999999403954,,1964,0,0,CRITICAL,6,large file (1.62 MB); no effective cache-control for repeat visits; fetched before scroll despite being below the fold (unnecessary initial-load bytes)
ua,desktop,/,priority,image,https://pub-f1a143f96bfc47df8ff1ccd1aaea6671.r2.dev/media/hero-badges/busbar-systems.webp,true,3,false,1,eager,,213,213,1024,1024,200,image/webp,1637973,,"""9c06a079753a8741c9937486f7259cba""",162.60000000149012,319.70000000298023,163.10000000149012,,1964,0,0,CRITICAL,6,large file (1.56 MB); no effective cache-control for repeat visits; fetched before scroll despite being below the fold (unnecessary initial-load bytes)
ua,desktop,/,priority,image,https://pub-f1a143f96bfc47df8ff1ccd1aaea6671.r2.dev/media/hero-badges/underfloor-cable-trunking.webp,true,3,false,1,lazy,,213,213,1024,1024,200,image/webp,1620336,,"""12e01da1555dd0591896fd36b2732f57""",1708.7999999970198,1787.2999999970198,205.80000000447035,,1964,0,0,CRITICAL,7,large file (1.55 MB); no effective cache-control for repeat visits; fetched before scroll despite being below the fold (unnecessary initial-load bytes)
ua,desktop,/,priority,image,https://pub-f1a143f96bfc47df8ff1ccd1aaea6671.r2.dev/media/hero-badges/earthing-lightning-protection.webp,true,3,false,1,lazy,,213,213,1024,1024,200,image/webp,1781015,,"""277621dec07d86630ff44111c28dace1""",1708.8999999985099,1866.1000000014901,188.10000000149012,,1964,0,0,CRITICAL,6,large file (1.70 MB); no effective cache-control for repeat visits; fetched before scroll despite being below the fold (unnecessary initial-load bytes)
ua,desktop,/,priority,image,https://pub-f1a143f96bfc47df8ff1ccd1aaea6671.r2.dev/media/hero-badges/led-systems.webp,true,3,false,1,lazy,,213,213,1024,1024,200,image/webp,1717800,,"""6c6b2620906827ac13a5760292e962ab""",1709,1988.2000000029802,417.8999999985099,,1964,0,0,CRITICAL,8,moderate transfer time (418 ms); large file (1.64 MB); no effective cache-control for repeat visits; fetched before scroll despite being below the fold (unnecessary initial-load bytes)
ua,desktop,/,priority,image,https://pub-f1a143f96bfc47df8ff1ccd1aaea6671.r2.dev/media/hero-badges/ev-charging-systems.webp,true,3,false,1,lazy,,213,213,1024,1024,200,image/webp,1645686,,"""a1f5b5480144c89fa2d1b2b5325fa9ae""",1709.1000000014901,1910.2999999970198,298.1000000014901,,1964,0,0,CRITICAL,7,large file (1.57 MB); no effective cache-control for repeat visits; fetched before scroll despite being below the fold (unnecessary initial-load bytes)
ua,desktop,/,priority,image,https://pub-f1a143f96bfc47df8ff1ccd1aaea6671.r2.dev/company/gersan-zonguldak-factory.webp,true,3,false,1,lazy,,707,398,1672,941,200,image/webp,2514210,,"""3da72dff4693e6e71389643ce1ca0a41""",1711,2263.5,682.3000000044703,,1964,0,0,CRITICAL,8,moderate transfer time (682 ms); large file (2.40 MB); no effective cache-control for repeat visits; fetched before scroll despite being below the fold (unnecessary initial-load bytes)
ua,desktop,/,priority,image,http://ua.infravolt.localhost:3000/assets/brand/gersan-logo.png,false,3,false,1,lazy,,120,27,583,132,200,image/png,18938,"public, max-age=0","W/""49fa-19fbebfcec4""",1709.2000000029802,1717,6.899999998509884,,1964,0,0,NEEDS OPTIMISATION,3,no effective cache-control for repeat visits; fetched before scroll despite being below the fold (unnecessary initial-load bytes)
ua,desktop,/,priority,image,https://pub-f1a143f96bfc47df8ff1ccd1aaea6671.r2.dev/products/thumbnails/product-busbar-systems.webp,true,3,false,1,lazy,,462,289,1448,1086,200,image/webp,2043153,,"""aed2c952a8ba787f67d9cc5fd051225a""",1709.2000000029802,1964.8999999985099,316.69999999552965,,1964,0,0,CRITICAL,7,large file (1.95 MB); no effective cache-control for repeat visits; fetched before scroll despite being below the fold (unnecessary initial-load bytes)
ua,desktop,/,priority,image,https://pub-f1a143f96bfc47df8ff1ccd1aaea6671.r2.dev/icons/products/icon-busbar.svg,true,3,false,1,lazy,,38,38,128,128,200,image/svg+xml,1011,,"""cdf6fe8b14d1dd7f46e09892d86bdca4""",1709.6000000014901,1857.5,149,,1964,0,0,NEEDS OPTIMISATION,3,no effective cache-control for repeat visits; fetched before scroll despite being below the fold (unnecessary initial-load bytes)
ua,desktop,/,priority,image,https://pub-f1a143f96bfc47df8ff1ccd1aaea6671.r2.dev/products/thumbnails/cable-tray-and-ladder.webp,true,3,false,1,lazy,,462,289,1448,1086,200,image/webp,2117769,,"""f171e5d5177fda53dbb6a8e567ab8117""",1709.7000000029802,2040,330.29999999701977,,1964,0,0,CRITICAL,7,large file (2.02 MB); no effective cache-control for repeat visits; fetched before scroll despite being below the fold (unnecessary initial-load bytes)
ua,desktop,/,priority,image,https://pub-f1a143f96bfc47df8ff1ccd1aaea6671.r2.dev/icons/products/icon-cable-tray.svg,true,3,false,1,lazy,,38,38,128,128,200,image/svg+xml,1009,,"""d23756fb44b933a1eed710c0451ad54a""",1709.8999999985099,1930.3999999985099,312.6000000014901,,1964,0,0,NEEDS OPTIMISATION,4,no effective cache-control for repeat visits; fetched before scroll despite being below the fold (unnecessary initial-load bytes)
ua,desktop,/,priority,image,https://pub-f1a143f96bfc47df8ff1ccd1aaea6671.r2.dev/products/thumbnails/earthing-lighting.webp,true,3,false,1,lazy,,462,289,1448,1086,200,image/webp,1893408,,"""23fcc9357d36a6d49d98c9aaf6822a45""",1710,1996.5,464.6000000014901,,1964,0,0,CRITICAL,8,moderate transfer time (465 ms); large file (1.81 MB); no effective cache-control for repeat visits; fetched before scroll despite being below the fold (unnecessary initial-load bytes)
ua,desktop,/,priority,image,https://pub-f1a143f96bfc47df8ff1ccd1aaea6671.r2.dev/icons/products/icon-earthing.svg,true,3,false,1,lazy,,38,38,128,128,200,image/svg+xml,992,,"""e4038fe378aa84cd391b8642a622582a""",1710.1000000014901,1981.2000000029802,396.8999999985099,,1964,0,0,NEEDS OPTIMISATION,4,no effective cache-control for repeat visits; fetched before scroll despite being below the fold (unnecessary initial-load bytes)
ua,desktop,/,priority,image,https://pub-f1a143f96bfc47df8ff1ccd1aaea6671.r2.dev/products/thumbnails/product-underfloor-systems.webp,true,3,false,1,lazy,,462,289,1448,1086,200,image/webp,1834918,,"""1bcafb9950573c9ce76103662d86177d""",1710.2999999970198,2027.7000000029802,431.79999999701977,,1964,0,0,CRITICAL,8,moderate transfer time (432 ms); large file (1.75 MB); no effective cache-control for repeat visits; fetched before scroll despite being below the fold (unnecessary initial-load bytes)
ua,desktop,/,priority,image,https://pub-f1a143f96bfc47df8ff1ccd1aaea6671.r2.dev/icons/products/icon-support-system.svg,true,3,false,1,lazy,,38,38,128,128,200,image/svg+xml,979,,"""b5ac1a33dd76a1740a92130c0c75000b""",1710.5,2071.5,412.69999999552965,,1964,0,0,NEEDS OPTIMISATION,5,moderate transfer time (413 ms); no effective cache-control for repeat visits; fetched before scroll despite being below the fold (unnecessary initial-load bytes)
ua,desktop,/,priority,image,https://pub-f1a143f96bfc47df8ff1ccd1aaea6671.r2.dev/products/thumbnails/product-ledbus-systems.webp,true,3,false,1,lazy,,462,289,1448,1086,200,image/webp,1914509,,"""749a01d87853842deff00e1a8b99e574""",1710.6000000014901,2130.7999999970198,508.20000000298023,,1964,0,0,CRITICAL,8,moderate transfer time (508 ms); large file (1.83 MB); no effective cache-control for repeat visits; fetched before scroll despite being below the fold (unnecessary initial-load bytes)
ua,desktop,/,priority,image,https://pub-f1a143f96bfc47df8ff1ccd1aaea6671.r2.dev/icons/products/icon-lighting-busbar.svg,true,3,false,1,lazy,,38,38,128,128,200,image/svg+xml,1025,,"""66b6066a05e1538b1d1bf94941a1fad4""",1710.6000000014901,2045,452.8999999985099,,1964,0,0,NEEDS OPTIMISATION,5,moderate transfer time (453 ms); no effective cache-control for repeat visits; fetched before scroll despite being below the fold (unnecessary initial-load bytes)
ua,desktop,/,priority,image,https://pub-f1a143f96bfc47df8ff1ccd1aaea6671.r2.dev/products/thumbnails/product-ev-charging-systems.webp,true,3,false,1,lazy,,462,289,1448,1086,200,image/webp,1613611,,"""0716c28e41d5f616b0b6314043634347""",1710.7999999970198,2158.60000000149,511.1000000014901,,1964,0,0,CRITICAL,8,moderate transfer time (511 ms); large file (1.54 MB); no effective cache-control for repeat visits; fetched before scroll despite being below the fold (unnecessary initial-load bytes)
ua,desktop,/,priority,image,https://pub-f1a143f96bfc47df8ff1ccd1aaea6671.r2.dev/icons/products/icon-ev-charging.svg,true,3,false,1,lazy,,38,38,128,128,200,image/svg+xml,1108,,"""ce7b21ea8271c4f656459ee600958711""",1710.8999999985099,2141.2999999970198,490,,1964,0,0,NEEDS OPTIMISATION,5,moderate transfer time (490 ms); no effective cache-control for repeat visits; fetched before scroll despite being below the fold (unnecessary initial-load bytes)
ua,desktop,/,priority,image,https://pub-f1a143f96bfc47df8ff1ccd1aaea6671.r2.dev/industries/cards/data-centres.webp,true,3,false,0,lazy,,341,213,1600,900,200,image/webp,107144,,"""4b4b4989b2f555e901daf3390bf9cbb2""",2958.5,3011,52.5,,1964,0,0,GOOD,1,no effective cache-control for repeat visits
ua,desktop,/,priority,image,https://pub-f1a143f96bfc47df8ff1ccd1aaea6671.r2.dev/industries/cards/commercial-buildings.webp,true,3,false,0,lazy,,341,213,1600,900,200,image/webp,232338,,"""3b82a71f02f1d3ab7d75b09ade065afd""",2958.60000000149,3031.10000000149,66.10000000149012,,1964,0,0,GOOD,2,no effective cache-control for repeat visits
ua,desktop,/,priority,image,https://pub-f1a143f96bfc47df8ff1ccd1aaea6671.r2.dev/industries/cards/industrial-facilities.webp,true,3,false,0,lazy,,341,213,1600,900,200,image/webp,219968,,"""c4d016198f99d99da11b03f978b268d0""",2958.7999999970198,3006.89999999851,48.100000001490116,,1964,0,0,GOOD,2,no effective cache-control for repeat visits
ua,desktop,/,priority,image,https://pub-f1a143f96bfc47df8ff1ccd1aaea6671.r2.dev/industries/cards/infrastructure-utilities.webp,true,3,false,0,lazy,,341,213,1600,900,200,image/webp,140636,,"""4c383e9c6ff1189ff82bbd9f225da4f2""",2958.7999999970198,3009.2999999970198,56.100000001490116,,1964,0,0,GOOD,1,no effective cache-control for repeat visits
ua,desktop,/,priority,image,https://pub-f1a143f96bfc47df8ff1ccd1aaea6671.r2.dev/industries/cards/renewable-energy.webp,true,3,false,0,lazy,,341,213,1600,900,200,image/webp,221492,,"""073547bb64b37bcbc3c67208ceed4d97""",3018.2000000029802,3072.89999999851,54.69999999552965,,1964,0,0,GOOD,2,no effective cache-control for repeat visits
ua,desktop,/,priority,image,https://pub-f1a143f96bfc47df8ff1ccd1aaea6671.r2.dev/industries/cards/healthcare.webp,true,3,false,0,lazy,,341,213,1600,900,200,image/webp,48962,,"""a1c0f7141c40508e52d48915a652bfa5""",3018.2999999970198,3063.5,45.20000000298023,,1964,0,0,GOOD,1,no effective cache-control for repeat visits
ua,desktop,/,priority,image,https://pub-f1a143f96bfc47df8ff1ccd1aaea6671.r2.dev/industries/cards/transport-infrastructure.webp,true,3,false,0,lazy,,341,213,1600,900,200,image/webp,250690,,"""309eef79c5428d97cc907009418b058b""",3018.39999999851,3063,59.79999999701977,,1964,0,0,GOOD,2,no effective cache-control for repeat visits
ua,desktop,/,priority,image,https://pub-f1a143f96bfc47df8ff1ccd1aaea6671.r2.dev/industries/cards/education-public-sector.webp,true,3,false,0,lazy,,341,213,1600,900,200,image/webp,296176,,"""2fe0d6f865a2e10be86072461b3add7d""",3018.39999999851,3098.2000000029802,73,,1964,0,0,GOOD,2,no effective cache-control for repeat visits
ua,desktop,/,priority,image,https://pub-f1a143f96bfc47df8ff1ccd1aaea6671.r2.dev/icons/technical-resources/icon-datasheets.svg,true,3,true,0,lazy,,26,26,150,150,200,image/svg+xml,356,,"""3567017e3a04ead56f3417791c01be55""",3159.5,3205.7000000029802,46.20000000298023,,1964,0,0,NEEDS OPTIMISATION,3,above the fold; no effective cache-control for repeat visits
ua,desktop,/,priority,image,https://pub-f1a143f96bfc47df8ff1ccd1aaea6671.r2.dev/icons/technical-resources/icon-certificates-tests.svg,true,3,true,0,lazy,,26,26,150,150,200,image/svg+xml,381,,"""eea6849f5ad44e2edf587eeeb468d62c""",3159.60000000149,3204.39999999851,44.79999999701977,,1964,0,0,NEEDS OPTIMISATION,3,above the fold; no effective cache-control for repeat visits
ua,desktop,/,priority,image,https://pub-f1a143f96bfc47df8ff1ccd1aaea6671.r2.dev/icons/technical-resources/icon-installation-guidance.svg,true,3,true,0,lazy,,26,26,150,150,200,image/svg+xml,371,,"""8b41a0ebbf4a09f02a57435184fc62c4""",3274.89999999851,3315.7999999970198,48.5,,1964,0,0,NEEDS OPTIMISATION,3,above the fold; no effective cache-control for repeat visits
ua,desktop,/,priority,image,https://pub-f1a143f96bfc47df8ff1ccd1aaea6671.r2.dev/icons/technical-resources/icon-bim-cad.svg,true,3,true,0,lazy,,26,26,150,150,200,image/svg+xml,342,,"""83308fa0ffd820636f60e58552181bd4""",3275,3314.7999999970198,39.79999999701977,,1964,0,0,NEEDS OPTIMISATION,3,above the fold; no effective cache-control for repeat visits
ua,desktop,/,priority,image,https://pub-f1a143f96bfc47df8ff1ccd1aaea6671.r2.dev/icons/technical-resources/icon-specification-support.svg,true,3,true,0,lazy,,26,26,150,150,200,image/svg+xml,380,,"""ad68a67b3eb19b8b1a0cf39d47968a11""",3307.89999999851,3350,42.100000001490116,,1964,0,0,NEEDS OPTIMISATION,3,above the fold; no effective cache-control for repeat visits
ua,desktop,/,priority,image,https://pub-f1a143f96bfc47df8ff1ccd1aaea6671.r2.dev/brand/infravolt-wordmark-transparent.webp,true,3,true,0,lazy,,250,56,1040,235,200,image/webp,52456,,"""93441a0dddaf3276056bd01d677cc5c4""",3342.2000000029802,3389.5,47.29999999701977,,1964,0,0,NEEDS OPTIMISATION,3,above the fold; no effective cache-control for repeat visits
ua,desktop,/,priority,video,https://pub-f1a143f96bfc47df8ff1ccd1aaea6671.r2.dev/media/home/infravolt-home-hero-desktop.mp4,true,3,false,1,metadata,https://pub-f1a143f96bfc47df8ff1ccd1aaea6671.r2.dev/media/home/infravolt-home-hero-poster.webp,1898,982,,,206,video/mp4,11458101,,"""bc105ff594945aaf303da2e31134eea7""",205,451,247.10000000149012,451.29999999701977,1964,0,0,CRITICAL,8,video asset; large file (10.93 MB); no effective cache-control for repeat visits; fetched before scroll despite being below the fold (unnecessary initial-load bytes)
ua,mobile,/,priority,image,https://pub-f1a143f96bfc47df8ff1ccd1aaea6671.r2.dev/brand/infravolt-wordmark-primary.webp,true,3,true,1,eager,,192,43,1040,235,200,image/webp,126044,,"""15ab34f45bad11445e87379fdf35c690""",161,277.5,105.5,,1532,0,0,NEEDS OPTIMISATION,4,above the fold; mobile viewport; no effective cache-control for repeat visits
ua,mobile,/,priority,image,https://pub-f1a143f96bfc47df8ff1ccd1aaea6671.r2.dev/media/hero-badges/cable-management.webp,true,3,false,1,lazy,,101,101,1024,1024,200,image/webp,1695614,,"""0504d347880f826b43fc96ac12cbc6fb""",1476.6000000014901,1590.1000000014901,113.5,,1532,0,0,CRITICAL,7,mobile viewport; large file (1.62 MB); no effective cache-control for repeat visits; fetched before scroll despite being below the fold (unnecessary initial-load bytes)
ua,mobile,/,priority,image,https://pub-f1a143f96bfc47df8ff1ccd1aaea6671.r2.dev/media/hero-badges/busbar-systems.webp,true,3,false,1,eager,,101,101,1024,1024,200,image/webp,1637973,,"""9c06a079753a8741c9937486f7259cba""",161.10000000149012,342.70000000298023,148.80000000447035,,1532,0,0,CRITICAL,7,mobile viewport; large file (1.56 MB); no effective cache-control for repeat visits; fetched before scroll despite being below the fold (unnecessary initial-load bytes)
ua,mobile,/,priority,image,https://pub-f1a143f96bfc47df8ff1ccd1aaea6671.r2.dev/media/hero-badges/underfloor-cable-trunking.webp,true,3,false,1,lazy,,101,101,1024,1024,200,image/webp,1620336,,"""12e01da1555dd0591896fd36b2732f57""",1476.8000000044703,1612.2000000029802,135.39999999850988,,1532,0,0,CRITICAL,7,mobile viewport; large file (1.55 MB); no effective cache-control for repeat visits; fetched before scroll despite being below the fold (unnecessary initial-load bytes)
ua,mobile,/,priority,image,https://pub-f1a143f96bfc47df8ff1ccd1aaea6671.r2.dev/media/hero-badges/earthing-lightning-protection.webp,true,3,false,1,lazy,,101,101,1024,1024,200,image/webp,1781015,,"""277621dec07d86630ff44111c28dace1""",1476.8000000044703,1770.8000000044703,294,,1532,0,0,CRITICAL,8,mobile viewport; large file (1.70 MB); no effective cache-control for repeat visits; fetched before scroll despite being below the fold (unnecessary initial-load bytes)
ua,mobile,/,priority,image,https://pub-f1a143f96bfc47df8ff1ccd1aaea6671.r2.dev/media/hero-badges/led-systems.webp,true,3,false,0.6666666666666666,lazy,,101,101,1024,1024,200,image/webp,1717800,,"""6c6b2620906827ac13a5760292e962ab""",1476.9000000059605,1801.4000000059605,324.5,,1532,0,0,CRITICAL,8,mobile viewport; large file (1.64 MB); no effective cache-control for repeat visits; fetched before scroll despite being below the fold (unnecessary initial-load bytes)
ua,mobile,/,priority,image,https://pub-f1a143f96bfc47df8ff1ccd1aaea6671.r2.dev/media/hero-badges/ev-charging-systems.webp,true,3,false,1,lazy,,101,101,1024,1024,200,image/webp,1645686,,"""a1f5b5480144c89fa2d1b2b5325fa9ae""",1477,1813.1000000014901,347.3999999985099,,1532,0,0,CRITICAL,8,mobile viewport; large file (1.57 MB); no effective cache-control for repeat visits; fetched before scroll despite being below the fold (unnecessary initial-load bytes)
ua,mobile,/,priority,image,https://pub-f1a143f96bfc47df8ff1ccd1aaea6671.r2.dev/company/gersan-zonguldak-factory.webp,true,3,false,0.6666666666666666,lazy,,350,197,1672,941,200,image/webp,2514210,,"""3da72dff4693e6e71389643ce1ca0a41""",1477.9000000059605,2171.60000000149,693.6999999955297,,1532,0,0,CRITICAL,9,mobile viewport; moderate transfer time (694 ms); large file (2.40 MB); no effective cache-control for repeat visits; fetched before scroll despite being below the fold (unnecessary initial-load bytes)
ua,mobile,/,priority,image,http://ua.infravolt.localhost:3000/assets/brand/gersan-logo.png,false,3,false,1,lazy,,120,27,583,132,200,image/png,18938,"public, max-age=0","W/""49fa-19fbebfcec4""",1477,1484.6000000014901,8.100000001490116,,1532,0,0,NEEDS OPTIMISATION,4,mobile viewport; no effective cache-control for repeat visits; fetched before scroll despite being below the fold (unnecessary initial-load bytes)
ua,mobile,/,priority,image,https://pub-f1a143f96bfc47df8ff1ccd1aaea6671.r2.dev/products/thumbnails/product-busbar-systems.webp,true,3,false,0.6666666666666666,lazy,,167,101,1448,1086,200,image/webp,2043153,,"""aed2c952a8ba787f67d9cc5fd051225a""",1477.1000000014901,1905.2000000029802,428.1000000014901,,1532,0,0,CRITICAL,9,mobile viewport; moderate transfer time (428 ms); large file (1.95 MB); no effective cache-control for repeat visits; fetched before scroll despite being below the fold (unnecessary initial-load bytes)
ua,mobile,/,priority,image,https://pub-f1a143f96bfc47df8ff1ccd1aaea6671.r2.dev/icons/products/icon-busbar.svg,true,3,false,0,lazy,,0,0,,,,,,,,,,,,1532,0,0,GOOD,2,mobile viewport; no effective cache-control for repeat visits
ua,mobile,/,priority,image,https://pub-f1a143f96bfc47df8ff1ccd1aaea6671.r2.dev/products/thumbnails/cable-tray-and-ladder.webp,true,3,false,1,lazy,,167,101,1448,1086,200,image/webp,2117769,,"""f171e5d5177fda53dbb6a8e567ab8117""",1477.1000000014901,1774.5,283.79999999701977,,1532,0,0,CRITICAL,8,mobile viewport; large file (2.02 MB); no effective cache-control for repeat visits; fetched before scroll despite being below the fold (unnecessary initial-load bytes)
ua,mobile,/,priority,image,https://pub-f1a143f96bfc47df8ff1ccd1aaea6671.r2.dev/icons/products/icon-cable-tray.svg,true,3,false,0,lazy,,0,0,,,,,,,,,,,,1532,0,0,GOOD,2,mobile viewport; no effective cache-control for repeat visits
ua,mobile,/,priority,image,https://pub-f1a143f96bfc47df8ff1ccd1aaea6671.r2.dev/products/thumbnails/earthing-lighting.webp,true,3,false,1,lazy,,167,101,1448,1086,200,image/webp,1893408,,"""23fcc9357d36a6d49d98c9aaf6822a45""",1477.2000000029802,1817.5,329.3999999985099,,1532,0,0,CRITICAL,8,mobile viewport; large file (1.81 MB); no effective cache-control for repeat visits; fetched before scroll despite being below the fold (unnecessary initial-load bytes)
ua,mobile,/,priority,image,https://pub-f1a143f96bfc47df8ff1ccd1aaea6671.r2.dev/icons/products/icon-earthing.svg,true,3,false,0,lazy,,0,0,,,,,,,,,,,,1532,0,0,GOOD,2,mobile viewport; no effective cache-control for repeat visits
ua,mobile,/,priority,image,https://pub-f1a143f96bfc47df8ff1ccd1aaea6671.r2.dev/products/thumbnails/product-underfloor-systems.webp,true,3,false,1,lazy,,167,101,1448,1086,200,image/webp,1834918,,"""1bcafb9950573c9ce76103662d86177d""",1477.3000000044703,1905.5999999940395,426.5,,1532,0,0,CRITICAL,9,mobile viewport; moderate transfer time (427 ms); large file (1.75 MB); no effective cache-control for repeat visits; fetched before scroll despite being below the fold (unnecessary initial-load bytes)
ua,mobile,/,priority,image,https://pub-f1a143f96bfc47df8ff1ccd1aaea6671.r2.dev/icons/products/icon-support-system.svg,true,3,false,0,lazy,,0,0,,,,,,,,,,,,1532,0,0,GOOD,2,mobile viewport; no effective cache-control for repeat visits
ua,mobile,/,priority,image,https://pub-f1a143f96bfc47df8ff1ccd1aaea6671.r2.dev/products/thumbnails/product-ledbus-systems.webp,true,3,false,1,lazy,,167,101,1448,1086,200,image/webp,1914509,,"""749a01d87853842deff00e1a8b99e574""",1477.4000000059605,1923.5,410,,1532,0,0,CRITICAL,9,mobile viewport; moderate transfer time (410 ms); large file (1.83 MB); no effective cache-control for repeat visits; fetched before scroll despite being below the fold (unnecessary initial-load bytes)
ua,mobile,/,priority,image,https://pub-f1a143f96bfc47df8ff1ccd1aaea6671.r2.dev/icons/products/icon-lighting-busbar.svg,true,3,false,0,lazy,,0,0,,,,,,,,,,,,1532,0,0,GOOD,2,mobile viewport; no effective cache-control for repeat visits
ua,mobile,/,priority,image,https://pub-f1a143f96bfc47df8ff1ccd1aaea6671.r2.dev/products/thumbnails/product-ev-charging-systems.webp,true,3,false,0.6666666666666666,lazy,,167,101,1448,1086,200,image/webp,1613611,,"""0716c28e41d5f616b0b6314043634347""",1477.5,1908.2000000029802,430.70000000298023,,1532,0,0,CRITICAL,9,mobile viewport; moderate transfer time (431 ms); large file (1.54 MB); no effective cache-control for repeat visits; fetched before scroll despite being below the fold (unnecessary initial-load bytes)
ua,mobile,/,priority,image,https://pub-f1a143f96bfc47df8ff1ccd1aaea6671.r2.dev/icons/products/icon-ev-charging.svg,true,3,false,0,lazy,,0,0,,,,,,,,,,,,1532,0,0,GOOD,2,mobile viewport; no effective cache-control for repeat visits
ua,mobile,/,priority,image,https://pub-f1a143f96bfc47df8ff1ccd1aaea6671.r2.dev/industries/cards/data-centres.webp,true,3,false,1,lazy,,167,102,1600,900,200,image/webp,107144,,"""4b4b4989b2f555e901daf3390bf9cbb2""",1477.6000000014901,1918.8000000044703,427.29999999701977,,1532,0,0,CRITICAL,6,mobile viewport; moderate transfer time (427 ms); no effective cache-control for repeat visits; fetched before scroll despite being below the fold (unnecessary initial-load bytes)
ua,mobile,/,priority,image,https://pub-f1a143f96bfc47df8ff1ccd1aaea6671.r2.dev/industries/cards/commercial-buildings.webp,true,3,false,0.6666666666666666,lazy,,167,102,1600,900,200,image/webp,232338,,"""3b82a71f02f1d3ab7d75b09ade065afd""",1477.6000000014901,1921.3000000044703,443.70000000298023,,1532,0,0,CRITICAL,7,mobile viewport; moderate transfer time (444 ms); no effective cache-control for repeat visits; fetched before scroll despite being below the fold (unnecessary initial-load bytes)
ua,mobile,/,priority,image,https://pub-f1a143f96bfc47df8ff1ccd1aaea6671.r2.dev/industries/cards/industrial-facilities.webp,true,3,false,0.6666666666666666,lazy,,167,102,1600,900,200,image/webp,219968,,"""c4d016198f99d99da11b03f978b268d0""",1477.7000000029802,2014.2000000029802,536.5,,1532,0,0,CRITICAL,7,mobile viewport; moderate transfer time (537 ms); no effective cache-control for repeat visits; fetched before scroll despite being below the fold (unnecessary initial-load bytes)
ua,mobile,/,priority,image,https://pub-f1a143f96bfc47df8ff1ccd1aaea6671.r2.dev/industries/cards/infrastructure-utilities.webp,true,3,false,0.6666666666666666,lazy,,167,102,1600,900,200,image/webp,140636,,"""4c383e9c6ff1189ff82bbd9f225da4f2""",1477.7000000029802,2013.3000000044703,535.6000000014901,,1532,0,0,CRITICAL,6,mobile viewport; moderate transfer time (536 ms); no effective cache-control for repeat visits; fetched before scroll despite being below the fold (unnecessary initial-load bytes)
ua,mobile,/,priority,image,https://pub-f1a143f96bfc47df8ff1ccd1aaea6671.r2.dev/industries/cards/renewable-energy.webp,true,3,false,0,lazy,,167,102,1600,900,200,image/webp,221492,,"""073547bb64b37bcbc3c67208ceed4d97""",2704.10000000149,2755.60000000149,54.5,,1532,0,0,NEEDS OPTIMISATION,3,mobile viewport; no effective cache-control for repeat visits
ua,mobile,/,priority,image,https://pub-f1a143f96bfc47df8ff1ccd1aaea6671.r2.dev/industries/cards/healthcare.webp,true,3,false,0,lazy,,167,102,1600,900,200,image/webp,48962,,"""a1c0f7141c40508e52d48915a652bfa5""",2704.10000000149,2789.7000000029802,85.60000000149012,,1532,0,0,GOOD,2,mobile viewport; no effective cache-control for repeat visits
ua,mobile,/,priority,image,https://pub-f1a143f96bfc47df8ff1ccd1aaea6671.r2.dev/industries/cards/transport-infrastructure.webp,true,3,false,0,lazy,,167,102,1600,900,200,image/webp,250690,,"""309eef79c5428d97cc907009418b058b""",2753.3000000044703,2805.2000000029802,58.099999994039536,,1532,0,0,NEEDS OPTIMISATION,3,mobile viewport; no effective cache-control for repeat visits
ua,mobile,/,priority,image,https://pub-f1a143f96bfc47df8ff1ccd1aaea6671.r2.dev/industries/cards/education-public-sector.webp,true,3,false,0,lazy,,167,102,1600,900,200,image/webp,296176,,"""2fe0d6f865a2e10be86072461b3add7d""",2753.4000000059605,2827.10000000149,73.69999999552965,,1532,0,0,NEEDS OPTIMISATION,3,mobile viewport; no effective cache-control for repeat visits
ua,mobile,/,priority,image,https://pub-f1a143f96bfc47df8ff1ccd1aaea6671.r2.dev/icons/technical-resources/icon-datasheets.svg,true,3,false,0,lazy,,22,22,150,150,200,image/svg+xml,356,,"""3567017e3a04ead56f3417791c01be55""",2821.7000000029802,2874.60000000149,77.20000000298023,,1532,0,0,GOOD,2,mobile viewport; no effective cache-control for repeat visits
ua,mobile,/,priority,image,https://pub-f1a143f96bfc47df8ff1ccd1aaea6671.r2.dev/icons/technical-resources/icon-certificates-tests.svg,true,3,false,0,lazy,,22,22,150,150,200,image/svg+xml,381,,"""eea6849f5ad44e2edf587eeeb468d62c""",2821.8000000044703,2866.2000000029802,53,,1532,0,0,GOOD,2,mobile viewport; no effective cache-control for repeat visits
ua,mobile,/,priority,image,https://pub-f1a143f96bfc47df8ff1ccd1aaea6671.r2.dev/icons/technical-resources/icon-installation-guidance.svg,true,3,false,0,lazy,,22,22,150,150,200,image/svg+xml,371,,"""8b41a0ebbf4a09f02a57435184fc62c4""",2870.4000000059605,2911.9000000059605,45.19999999552965,,1532,0,0,GOOD,2,mobile viewport; no effective cache-control for repeat visits
ua,mobile,/,priority,image,https://pub-f1a143f96bfc47df8ff1ccd1aaea6671.r2.dev/icons/technical-resources/icon-bim-cad.svg,true,3,false,0,lazy,,22,22,150,150,200,image/svg+xml,342,,"""83308fa0ffd820636f60e58552181bd4""",2870.5,2912.7000000029802,72.90000000596046,,1532,0,0,GOOD,2,mobile viewport; no effective cache-control for repeat visits
ua,mobile,/,priority,image,https://pub-f1a143f96bfc47df8ff1ccd1aaea6671.r2.dev/icons/technical-resources/icon-specification-support.svg,true,3,false,0,lazy,,22,22,150,150,200,image/svg+xml,380,,"""ad68a67b3eb19b8b1a0cf39d47968a11""",2919.2000000029802,2963.5,48,,1532,0,0,GOOD,2,mobile viewport; no effective cache-control for repeat visits
ua,mobile,/,priority,image,https://pub-f1a143f96bfc47df8ff1ccd1aaea6671.r2.dev/brand/infravolt-wordmark-transparent.webp,true,3,true,0,lazy,,220,50,1040,235,200,image/webp,52456,,"""93441a0dddaf3276056bd01d677cc5c4""",3084.8000000044703,3127.5,49.70000000298023,,1532,0,0,NEEDS OPTIMISATION,4,above the fold; mobile viewport; no effective cache-control for repeat visits
ua,mobile,/,priority,video,https://pub-f1a143f96bfc47df8ff1ccd1aaea6671.r2.dev/media/home/infravolt-home-hero-mobile.mp4,true,3,false,1,metadata,https://pub-f1a143f96bfc47df8ff1ccd1aaea6671.r2.dev/media/home/infravolt-home-hero-poster.webp,372,279,,,206,video/mp4,5353934,,"""7f73a1b880d08418623ad1b234d257f9""",205.20000000298023,440.1000000014901,234.89999999850988,440.20000000298023,1532,0,0,CRITICAL,9,video asset; mobile viewport; large file (5.11 MB); no effective cache-control for repeat visits; fetched before scroll despite being below the fold (unnecessary initial-load bytes)
uk,desktop,/about,priority,image,https://pub-f1a143f96bfc47df8ff1ccd1aaea6671.r2.dev/brand/infravolt-wordmark-primary.webp,true,6,true,1,eager,,242,54.5,1040,235,200,image/webp,126044,,"""15ab34f45bad11445e87379fdf35c690""",153.69999999552965,261.1000000014901,104.20000000298023,,612,0,0,NEEDS OPTIMISATION,3,above the fold; no effective cache-control for repeat visits
uk,desktop,/about,priority,image,http://uk.infravolt.localhost:3000/assets/brand/gersan-logo.png,false,3,false,1,lazy,,208,47,583,132,200,image/png,18938,"public, max-age=0","W/""49fa-19fbebfcec4""",327.3999999985099,354.5,13.800000004470348,,612,0,0,NEEDS OPTIMISATION,3,no effective cache-control for repeat visits; fetched before scroll despite being below the fold (unnecessary initial-load bytes)
uk,desktop,/about,priority,image,https://pub-f1a143f96bfc47df8ff1ccd1aaea6671.r2.dev/brand/infravolt-wordmark-transparent.webp,true,9,false,1,lazy,,92,21,1040,235,200,image/webp,52456,,"""93441a0dddaf3276056bd01d677cc5c4""",327.5,437,109.5,,612,0,0,NEEDS OPTIMISATION,3,no effective cache-control for repeat visits; fetched before scroll despite being below the fold (unnecessary initial-load bytes)
uk,desktop,/about,priority,image,https://pub-f1a143f96bfc47df8ff1ccd1aaea6671.r2.dev/company/gersan-tuzla-istanbul-head-office-factory.webp,true,6,false,1,lazy,,610.5,342.5,1672,941,200,image/webp,2229241,,"""ff87a221dafcfafc655a972a39284328""",327.6000000014901,526.6999999955297,173.69999999552965,,612,0,0,CRITICAL,6,large file (2.13 MB); no effective cache-control for repeat visits; fetched before scroll despite being below the fold (unnecessary initial-load bytes)
uk,desktop,/about,priority,image,https://pub-f1a143f96bfc47df8ff1ccd1aaea6671.r2.dev/company/gersan/certifications/lovag.svg,true,3,false,1,lazy,,81,42,132,68,200,image/svg+xml,4332,,"""d013b05bc61f5ab8dbea0f939c6758a2""",327.79999999701977,438.29999999701977,100.29999999701977,,612,0,0,NEEDS OPTIMISATION,3,no effective cache-control for repeat visits; fetched before scroll despite being below the fold (unnecessary initial-load bytes)
uk,desktop,/about,priority,image,https://pub-f1a143f96bfc47df8ff1ccd1aaea6671.r2.dev/company/gersan/certifications/asta.svg,true,3,false,1,lazy,,90,42,134,62,200,image/svg+xml,2584,,"""1f3aa61666cc8bb01df8c13b5dc7eb95""",328.1000000014901,435.8999999985099,123.5,,612,0,0,NEEDS OPTIMISATION,3,no effective cache-control for repeat visits; fetched before scroll despite being below the fold (unnecessary initial-load bytes)
uk,desktop,/about,priority,image,https://pub-f1a143f96bfc47df8ff1ccd1aaea6671.r2.dev/company/gersan/certifications/cesi.svg,true,3,false,1,lazy,,109,42,147,56,200,image/svg+xml,18868,,"""83da51f24e34e3dd24195ca238a59229""",328.29999999701977,475.5,143.70000000298023,,612,0,0,NEEDS OPTIMISATION,3,no effective cache-control for repeat visits; fetched before scroll despite being below the fold (unnecessary initial-load bytes)
uk,desktop,/about,priority,image,https://pub-f1a143f96bfc47df8ff1ccd1aaea6671.r2.dev/company/gersan/certifications/iph-berlin.svg,true,3,false,1,lazy,,76,42,151,83,200,image/svg+xml,3660,,"""b104bc045d43ef8c9f7f94ff31c0c3bc""",328.5,505.3999999985099,176.89999999850988,,612,0,0,NEEDS OPTIMISATION,3,no effective cache-control for repeat visits; fetched before scroll despite being below the fold (unnecessary initial-load bytes)
uk,desktop,/about,priority,image,https://pub-f1a143f96bfc47df8ff1ccd1aaea6671.r2.dev/company/gersan/certifications/kema.svg,true,3,false,1,lazy,,107,42,155,60,200,image/svg+xml,3584,,"""8fe635abc05065328ef99281336878f5""",328.6000000014901,523.1000000014901,153.89999999850988,,612,0,0,NEEDS OPTIMISATION,3,no effective cache-control for repeat visits; fetched before scroll despite being below the fold (unnecessary initial-load bytes)
uk,desktop,/about,priority,image,https://pub-f1a143f96bfc47df8ff1ccd1aaea6671.r2.dev/company/gersan/certifications/tse.svg,true,3,false,1,lazy,,68,42,100,61,200,image/svg+xml,2876,,"""f80ba9f8c3da1e1171c3400652fb2cd3""",328.79999999701977,527.1000000014901,173.10000000149012,,612,0,0,NEEDS OPTIMISATION,3,no effective cache-control for repeat visits; fetched before scroll despite being below the fold (unnecessary initial-load bytes)
uk,desktop,/about,priority,image,https://pub-f1a143f96bfc47df8ff1ccd1aaea6671.r2.dev/company/gersan/certifications/ce.svg,true,3,false,1,lazy,,48,42,69,60,200,image/svg+xml,2301,,"""45f6627a10322cc6f1c5f04a29d0258f""",328.79999999701977,535.7999999970198,176.80000000447035,,612,0,0,NEEDS OPTIMISATION,3,no effective cache-control for repeat visits; fetched before scroll despite being below the fold (unnecessary initial-load bytes)
uk,desktop,/about,priority,image,https://pub-f1a143f96bfc47df8ff1ccd1aaea6671.r2.dev/company/gersan/certifications/ul.svg,true,3,false,1,lazy,,42,42,66,66,200,image/svg+xml,3405,,"""fcd2fd9d2bf42ed890f9d6ae19c2bedf""",328.8999999985099,541.6999999955297,203.89999999850988,,612,0,0,NEEDS OPTIMISATION,4,no effective cache-control for repeat visits; fetched before scroll despite being below the fold (unnecessary initial-load bytes)
uk,desktop,/about,priority,image,https://pub-f1a143f96bfc47df8ff1ccd1aaea6671.r2.dev/company/gersan/certifications/tuv.svg,true,3,false,1,lazy,,51,42,71,58,200,image/svg+xml,7521,,"""4f043148fcd91ca56faef6d1f09062ca""",328.8999999985099,577.1000000014901,193.39999999850988,,612,0,0,NEEDS OPTIMISATION,3,no effective cache-control for repeat visits; fetched before scroll despite being below the fold (unnecessary initial-load bytes)
uk,desktop,/about,priority,image,https://pub-f1a143f96bfc47df8ff1ccd1aaea6671.r2.dev/company/gersan/certifications/iso-management-systems.svg,true,3,false,1,lazy,,124,39,205,65,200,image/svg+xml,6516,,"""58bf125226d4c8a2b5a45975d6599882""",329,599.2999999970198,229,,612,0,0,NEEDS OPTIMISATION,4,no effective cache-control for repeat visits; fetched before scroll despite being below the fold (unnecessary initial-load bytes)
uk,desktop,/about,priority,image,https://pub-f1a143f96bfc47df8ff1ccd1aaea6671.r2.dev/company/gersan-zonguldak-factory.webp,true,3,false,0,lazy,,459,257,1672,941,200,image/webp,2514210,,"""3da72dff4693e6e71389643ce1ca0a41""",1978.6000000014901,2175,146.89999999850988,,612,0,0,NEEDS OPTIMISATION,4,large file (2.40 MB); no effective cache-control for repeat visits
uk,desktop,/about,priority,image,https://pub-f1a143f96bfc47df8ff1ccd1aaea6671.r2.dev/company/gersan-sultanate-of-oman-factory.webp,true,3,false,0,lazy,,459,258,1672,941,200,image/webp,2106997,,"""5a2cdf8d664896f9b0505fb287e7bc49""",1978.6000000014901,2111.10000000149,132.5,,612,0,0,NEEDS OPTIMISATION,4,large file (2.01 MB); no effective cache-control for repeat visits
uk,desktop,/about,priority,background-image,https://pub-f1a143f96bfc47df8ff1ccd1aaea6671.r2.dev/company/about-hero-background.webp,true,3,false,1,,,1920,685,,,200,image/webp,318746,,"""4c59ea253eb48cd2bed838eea4a41fe8""",191.79999999701977,369.79999999701977,104,,612,1,0,CRITICAL,8,is the page LCP element on at least one run; CSS background-image (no native lazy-loading / responsive srcset available); no effective cache-control for repeat visits; fetched before scroll despite being below the fold (unnecessary initial-load bytes)
uk,desktop,/about,priority,background-image,https://pub-f1a143f96bfc47df8ff1ccd1aaea6671.r2.dev/company/gersan-market-card-background.webp,true,3,false,1,,,1024,349,,,200,image/webp,1572303,,"""7b7bbc330dbdb56f7bfd8a3f0a23adfa""",193.69999999552965,421.29999999701977,226.60000000149012,,612,0,0,CRITICAL,8,CSS background-image (no native lazy-loading / responsive srcset available); large file (1.50 MB); no effective cache-control for repeat visits; fetched before scroll despite being below the fold (unnecessary initial-load bytes)
uk,desktop,/about,priority,background-image,https://pub-f1a143f96bfc47df8ff1ccd1aaea6671.r2.dev/company/infravolt-uk-market-card-background.webp,true,3,false,1,,,706,373,,,200,image/webp,1811655,,"""4ffccde74e79034ec51c999bdcfcae7a""",194.19999999552965,476.19999999552965,239.5,,612,0,0,CRITICAL,8,CSS background-image (no native lazy-loading / responsive srcset available); large file (1.73 MB); no effective cache-control for repeat visits; fetched before scroll despite being below the fold (unnecessary initial-load bytes)
uk,desktop,/about,priority,background-image,https://pub-f1a143f96bfc47df8ff1ccd1aaea6671.r2.dev/company/infravolt-ukraine-market-card-background.webp,true,3,false,1,,,706,373,,,200,image/webp,1858426,,"""d9f91babea86482401d2c5f3ee7322ac""",194.69999999552965,546.5,180,,612,0,0,CRITICAL,7,CSS background-image (no native lazy-loading / responsive srcset available); large file (1.77 MB); no effective cache-control for repeat visits; fetched before scroll despite being below the fold (unnecessary initial-load bytes)
uk,mobile,/about,priority,image,https://pub-f1a143f96bfc47df8ff1ccd1aaea6671.r2.dev/brand/infravolt-wordmark-primary.webp,true,6,true,1,eager,,188,42.5,1040,235,200,image/webp,126044,,"""15ab34f45bad11445e87379fdf35c690""",181.89999999850988,303.6000000014901,121.70000000298023,,536,0,0,NEEDS OPTIMISATION,4,above the fold; mobile viewport; no effective cache-control for repeat visits
uk,mobile,/about,priority,image,http://uk.infravolt.localhost:3000/assets/brand/gersan-logo.png,false,3,false,1,lazy,,144,33,583,132,200,image/png,18938,"public, max-age=0","W/""49fa-19fbebfcec4""",324.70000000298023,330.5,5.799999997019768,,536,0,0,NEEDS OPTIMISATION,4,mobile viewport; no effective cache-control for repeat visits; fetched before scroll despite being below the fold (unnecessary initial-load bytes)
uk,mobile,/about,priority,image,https://pub-f1a143f96bfc47df8ff1ccd1aaea6671.r2.dev/brand/infravolt-wordmark-transparent.webp,true,9,false,1,lazy,,92,21,1040,235,200,image/webp,52456,,"""93441a0dddaf3276056bd01d677cc5c4""",324.80000000447035,371.6000000014901,53.5,,536,0,0,NEEDS OPTIMISATION,4,mobile viewport; no effective cache-control for repeat visits; fetched before scroll despite being below the fold (unnecessary initial-load bytes)
uk,mobile,/about,priority,image,https://pub-f1a143f96bfc47df8ff1ccd1aaea6671.r2.dev/company/gersan-tuzla-istanbul-head-office-factory.webp,true,6,false,1,lazy,,349,196,1672,941,200,image/webp,2229241,,"""ff87a221dafcfafc655a972a39284328""",324.8999999985099,489.70000000298023,161.60000000149012,,536,0,0,CRITICAL,7,mobile viewport; large file (2.13 MB); no effective cache-control for repeat visits; fetched before scroll despite being below the fold (unnecessary initial-load bytes)
uk,mobile,/about,priority,image,https://pub-f1a143f96bfc47df8ff1ccd1aaea6671.r2.dev/company/gersan/certifications/lovag.svg,true,3,false,1,lazy,,56,29,132,68,200,image/svg+xml,4332,,"""d013b05bc61f5ab8dbea0f939c6758a2""",325,399,91.20000000298023,,536,0,0,NEEDS OPTIMISATION,4,mobile viewport; no effective cache-control for repeat visits; fetched before scroll despite being below the fold (unnecessary initial-load bytes)
uk,mobile,/about,priority,image,https://pub-f1a143f96bfc47df8ff1ccd1aaea6671.r2.dev/company/gersan/certifications/asta.svg,true,3,false,1,lazy,,56,26,134,62,200,image/svg+xml,2584,,"""1f3aa61666cc8bb01df8c13b5dc7eb95""",325.20000000298023,423.29999999701977,102.60000000149012,,536,0,0,NEEDS OPTIMISATION,4,mobile viewport; no effective cache-control for repeat visits; fetched before scroll despite being below the fold (unnecessary initial-load bytes)
uk,mobile,/about,priority,image,https://pub-f1a143f96bfc47df8ff1ccd1aaea6671.r2.dev/company/gersan/certifications/cesi.svg,true,3,false,1,lazy,,56,21,147,56,200,image/svg+xml,18868,,"""83da51f24e34e3dd24195ca238a59229""",325.20000000298023,428.5,102.79999999701977,,536,0,0,NEEDS OPTIMISATION,4,mobile viewport; no effective cache-control for repeat visits; fetched before scroll despite being below the fold (unnecessary initial-load bytes)
uk,mobile,/about,priority,image,https://pub-f1a143f96bfc47df8ff1ccd1aaea6671.r2.dev/company/gersan/certifications/iph-berlin.svg,true,3,false,1,lazy,,52,29,151,83,200,image/svg+xml,3660,,"""b104bc045d43ef8c9f7f94ff31c0c3bc""",325.3999999985099,454.5,142.10000000149012,,536,0,0,NEEDS OPTIMISATION,4,mobile viewport; no effective cache-control for repeat visits; fetched before scroll despite being below the fold (unnecessary initial-load bytes)
uk,mobile,/about,priority,image,https://pub-f1a143f96bfc47df8ff1ccd1aaea6671.r2.dev/company/gersan/certifications/kema.svg,true,3,false,1,lazy,,56,22,155,60,200,image/svg+xml,3584,,"""8fe635abc05065328ef99281336878f5""",325.3999999985099,471.8999999985099,148.70000000298023,,536,0,0,NEEDS OPTIMISATION,4,mobile viewport; no effective cache-control for repeat visits; fetched before scroll despite being below the fold (unnecessary initial-load bytes)
uk,mobile,/about,priority,image,https://pub-f1a143f96bfc47df8ff1ccd1aaea6671.r2.dev/company/gersan/certifications/tse.svg,true,3,false,1,lazy,,47,29,100,61,200,image/svg+xml,2876,,"""f80ba9f8c3da1e1171c3400652fb2cd3""",325.5,472.8999999985099,157.70000000298023,,536,0,0,NEEDS OPTIMISATION,4,mobile viewport; no effective cache-control for repeat visits; fetched before scroll despite being below the fold (unnecessary initial-load bytes)
uk,mobile,/about,priority,image,https://pub-f1a143f96bfc47df8ff1ccd1aaea6671.r2.dev/company/gersan/certifications/ce.svg,true,3,false,1,lazy,,33,29,69,60,200,image/svg+xml,2301,,"""45f6627a10322cc6f1c5f04a29d0258f""",325.6000000014901,494.8999999985099,169.29999999701977,,536,0,0,NEEDS OPTIMISATION,4,mobile viewport; no effective cache-control for repeat visits; fetched before scroll despite being below the fold (unnecessary initial-load bytes)
uk,mobile,/about,priority,image,https://pub-f1a143f96bfc47df8ff1ccd1aaea6671.r2.dev/company/gersan/certifications/ul.svg,true,3,false,1,lazy,,29,29,66,66,200,image/svg+xml,3405,,"""fcd2fd9d2bf42ed890f9d6ae19c2bedf""",325.6000000014901,493.5,188.70000000298023,,536,0,0,NEEDS OPTIMISATION,4,mobile viewport; no effective cache-control for repeat visits; fetched before scroll despite being below the fold (unnecessary initial-load bytes)
uk,mobile,/about,priority,image,https://pub-f1a143f96bfc47df8ff1ccd1aaea6671.r2.dev/company/gersan/certifications/tuv.svg,true,3,false,1,lazy,,35,29,71,58,200,image/svg+xml,7521,,"""4f043148fcd91ca56faef6d1f09062ca""",325.6000000014901,510.6000000014901,188.89999999850988,,536,0,0,NEEDS OPTIMISATION,4,mobile viewport; no effective cache-control for repeat visits; fetched before scroll despite being below the fold (unnecessary initial-load bytes)
uk,mobile,/about,priority,image,https://pub-f1a143f96bfc47df8ff1ccd1aaea6671.r2.dev/company/gersan/certifications/iso-management-systems.svg,true,3,false,1,lazy,,56,18,205,65,200,image/svg+xml,6516,,"""58bf125226d4c8a2b5a45975d6599882""",325.70000000298023,516.7000000029802,191,,536,0,0,NEEDS OPTIMISATION,4,mobile viewport; no effective cache-control for repeat visits; fetched before scroll despite being below the fold (unnecessary initial-load bytes)
uk,mobile,/about,priority,image,https://pub-f1a143f96bfc47df8ff1ccd1aaea6671.r2.dev/company/gersan-zonguldak-factory.webp,true,3,false,0,lazy,,348,195,1672,941,200,image/webp,2514210,,"""3da72dff4693e6e71389643ce1ca0a41""",1949,2103.7000000029802,201.10000000149012,,536,0,0,CRITICAL,6,mobile viewport; large file (2.40 MB); no effective cache-control for repeat visits
uk,mobile,/about,priority,image,https://pub-f1a143f96bfc47df8ff1ccd1aaea6671.r2.dev/company/gersan-sultanate-of-oman-factory.webp,true,3,false,0,lazy,,348,195,1672,941,200,image/webp,2106997,,"""5a2cdf8d664896f9b0505fb287e7bc49""",1981.7999999970198,2171.2999999970198,156.20000000298023,,536,0,0,NEEDS OPTIMISATION,5,mobile viewport; large file (2.01 MB); no effective cache-control for repeat visits
uk,mobile,/about,priority,background-image,https://pub-f1a143f96bfc47df8ff1ccd1aaea6671.r2.dev/company/about-hero-background-mobile.webp,true,3,false,1,,,390,381,,,200,image/webp,225802,,"""c78394799518d4d0516948d6fdd8bcdb""",219.20000000298023,352.80000000447035,145.5,,536,1,0,CRITICAL,9,is the page LCP element on at least one run; CSS background-image (no native lazy-loading / responsive srcset available); mobile viewport; no effective cache-control for repeat visits; fetched before scroll despite being below the fold (unnecessary initial-load bytes)
uk,mobile,/about,priority,background-image,https://pub-f1a143f96bfc47df8ff1ccd1aaea6671.r2.dev/company/gersan-market-card-background.webp,true,3,false,1,,,350,452,,,200,image/webp,1572303,,"""7b7bbc330dbdb56f7bfd8a3f0a23adfa""",220.39999999850988,354.70000000298023,134.89999999850988,,536,0,0,CRITICAL,8,CSS background-image (no native lazy-loading / responsive srcset available); mobile viewport; large file (1.50 MB); no effective cache-control for repeat visits; fetched before scroll despite being below the fold (unnecessary initial-load bytes)
uk,mobile,/about,priority,background-image,https://pub-f1a143f96bfc47df8ff1ccd1aaea6671.r2.dev/company/infravolt-uk-market-card-background.webp,true,3,false,1,,,350,310,,,200,image/webp,1811655,,"""4ffccde74e79034ec51c999bdcfcae7a""",221.39999999850988,435.30000000447035,213.90000000596046,,536,0,0,CRITICAL,9,CSS background-image (no native lazy-loading / responsive srcset available); mobile viewport; large file (1.73 MB); no effective cache-control for repeat visits; fetched before scroll despite being below the fold (unnecessary initial-load bytes)
uk,mobile,/about,priority,background-image,https://pub-f1a143f96bfc47df8ff1ccd1aaea6671.r2.dev/company/infravolt-ukraine-market-card-background.webp,true,3,false,1,,,350,310,,,200,image/webp,1858426,,"""d9f91babea86482401d2c5f3ee7322ac""",221.70000000298023,440.30000000447035,218.60000000149012,,536,0,0,CRITICAL,9,CSS background-image (no native lazy-loading / responsive srcset available); mobile viewport; large file (1.77 MB); no effective cache-control for repeat visits; fetched before scroll despite being below the fold (unnecessary initial-load bytes)
ua,desktop,/about,priority,image,https://pub-f1a143f96bfc47df8ff1ccd1aaea6671.r2.dev/brand/infravolt-wordmark-primary.webp,true,6,true,1,eager,,242,54.5,1040,235,200,image/webp,126044,,"""15ab34f45bad11445e87379fdf35c690""",157.5,261.90000000596046,111.20000000298023,,712,0,0,NEEDS OPTIMISATION,3,above the fold; no effective cache-control for repeat visits
ua,desktop,/about,priority,image,http://ua.infravolt.localhost:3000/assets/brand/gersan-logo.png,false,3,false,1,lazy,,208,47,583,132,200,image/png,18938,"public, max-age=0","W/""49fa-19fbebfcec4""",590.5,596.1000000014901,5.699999995529652,,712,0,0,NEEDS OPTIMISATION,3,no effective cache-control for repeat visits; fetched before scroll despite being below the fold (unnecessary initial-load bytes)
ua,desktop,/about,priority,image,https://pub-f1a143f96bfc47df8ff1ccd1aaea6671.r2.dev/brand/infravolt-wordmark-transparent.webp,true,9,false,1,lazy,,92,21,1040,235,200,image/webp,52456,,"""93441a0dddaf3276056bd01d677cc5c4""",590.5,652,60.399999998509884,,712,0,0,NEEDS OPTIMISATION,3,no effective cache-control for repeat visits; fetched before scroll despite being below the fold (unnecessary initial-load bytes)
ua,desktop,/about,priority,image,https://pub-f1a143f96bfc47df8ff1ccd1aaea6671.r2.dev/company/gersan-tuzla-istanbul-head-office-factory.webp,true,6,false,1,lazy,,610.5,342.5,1672,941,200,image/webp,2229241,,"""ff87a221dafcfafc655a972a39284328""",590.7000000029802,715.4000000059605,184.5,,712,0,0,CRITICAL,6,large file (2.13 MB); no effective cache-control for repeat visits; fetched before scroll despite being below the fold (unnecessary initial-load bytes)
ua,desktop,/about,priority,image,https://pub-f1a143f96bfc47df8ff1ccd1aaea6671.r2.dev/company/gersan/certifications/lovag.svg,true,3,false,1,lazy,,81,42,132,68,200,image/svg+xml,4332,,"""d013b05bc61f5ab8dbea0f939c6758a2""",590.7000000029802,680.2000000029802,95.10000000149012,,712,0,0,NEEDS OPTIMISATION,3,no effective cache-control for repeat visits; fetched before scroll despite being below the fold (unnecessary initial-load bytes)
ua,desktop,/about,priority,image,https://pub-f1a143f96bfc47df8ff1ccd1aaea6671.r2.dev/company/gersan/certifications/asta.svg,true,3,false,1,lazy,,90,42,134,62,200,image/svg+xml,2584,,"""1f3aa61666cc8bb01df8c13b5dc7eb95""",590.7000000029802,678.3000000044703,105.10000000149012,,712,0,0,NEEDS OPTIMISATION,3,no effective cache-control for repeat visits; fetched before scroll despite being below the fold (unnecessary initial-load bytes)
ua,desktop,/about,priority,image,https://pub-f1a143f96bfc47df8ff1ccd1aaea6671.r2.dev/company/gersan/certifications/cesi.svg,true,3,false,1,lazy,,109,42,147,56,200,image/svg+xml,18868,,"""83da51f24e34e3dd24195ca238a59229""",590.8000000044703,702,110.09999999403954,,712,0,0,NEEDS OPTIMISATION,3,no effective cache-control for repeat visits; fetched before scroll despite being below the fold (unnecessary initial-load bytes)
ua,desktop,/about,priority,image,https://pub-f1a143f96bfc47df8ff1ccd1aaea6671.r2.dev/company/gersan/certifications/iph-berlin.svg,true,3,false,1,lazy,,76,42,151,83,200,image/svg+xml,3660,,"""b104bc045d43ef8c9f7f94ff31c0c3bc""",590.9000000059605,725.9000000059605,134,,712,0,0,NEEDS OPTIMISATION,3,no effective cache-control for repeat visits; fetched before scroll despite being below the fold (unnecessary initial-load bytes)
ua,desktop,/about,priority,image,https://pub-f1a143f96bfc47df8ff1ccd1aaea6671.r2.dev/company/gersan/certifications/kema.svg,true,3,false,1,lazy,,107,42,155,60,200,image/svg+xml,3584,,"""8fe635abc05065328ef99281336878f5""",590.9000000059605,756.9000000059605,166,,712,0,0,NEEDS OPTIMISATION,3,no effective cache-control for repeat visits; fetched before scroll despite being below the fold (unnecessary initial-load bytes)
ua,desktop,/about,priority,image,https://pub-f1a143f96bfc47df8ff1ccd1aaea6671.r2.dev/company/gersan/certifications/tse.svg,true,3,false,1,lazy,,68,42,100,61,200,image/svg+xml,2876,,"""f80ba9f8c3da1e1171c3400652fb2cd3""",590.9000000059605,767.9000000059605,175.80000000447035,,712,0,0,NEEDS OPTIMISATION,3,no effective cache-control for repeat visits; fetched before scroll despite being below the fold (unnecessary initial-load bytes)
ua,desktop,/about,priority,image,https://pub-f1a143f96bfc47df8ff1ccd1aaea6671.r2.dev/company/gersan/certifications/ce.svg,true,3,false,1,lazy,,48,42,69,60,200,image/svg+xml,2301,,"""45f6627a10322cc6f1c5f04a29d0258f""",591,742,153,,712,0,0,NEEDS OPTIMISATION,3,no effective cache-control for repeat visits; fetched before scroll despite being below the fold (unnecessary initial-load bytes)
ua,desktop,/about,priority,image,https://pub-f1a143f96bfc47df8ff1ccd1aaea6671.r2.dev/company/gersan/certifications/ul.svg,true,3,false,1,lazy,,42,42,66,66,200,image/svg+xml,3405,,"""fcd2fd9d2bf42ed890f9d6ae19c2bedf""",591.1000000014901,764.3000000044703,172.10000000149012,,712,0,0,NEEDS OPTIMISATION,3,no effective cache-control for repeat visits; fetched before scroll despite being below the fold (unnecessary initial-load bytes)
ua,desktop,/about,priority,image,https://pub-f1a143f96bfc47df8ff1ccd1aaea6671.r2.dev/company/gersan/certifications/tuv.svg,true,3,false,1,lazy,,51,42,71,58,200,image/svg+xml,7521,,"""4f043148fcd91ca56faef6d1f09062ca""",591.3000000044703,767.1000000014901,174.89999999850988,,712,0,0,NEEDS OPTIMISATION,3,no effective cache-control for repeat visits; fetched before scroll despite being below the fold (unnecessary initial-load bytes)
ua,desktop,/about,priority,image,https://pub-f1a143f96bfc47df8ff1ccd1aaea6671.r2.dev/company/gersan/certifications/iso-management-systems.svg,true,3,false,1,lazy,,124,39,205,65,200,image/svg+xml,6516,,"""58bf125226d4c8a2b5a45975d6599882""",591.4000000059605,787.6000000014901,228.19999999552965,,712,0,0,NEEDS OPTIMISATION,4,no effective cache-control for repeat visits; fetched before scroll despite being below the fold (unnecessary initial-load bytes)
ua,desktop,/about,priority,image,https://pub-f1a143f96bfc47df8ff1ccd1aaea6671.r2.dev/company/gersan-zonguldak-factory.webp,true,3,false,0,lazy,,459,257,1672,941,200,image/webp,2514210,,"""3da72dff4693e6e71389643ce1ca0a41""",1782.8000000044703,1978.6000000014901,163.39999999850988,,712,0,0,NEEDS OPTIMISATION,4,large file (2.40 MB); no effective cache-control for repeat visits
ua,desktop,/about,priority,image,https://pub-f1a143f96bfc47df8ff1ccd1aaea6671.r2.dev/company/gersan-sultanate-of-oman-factory.webp,true,3,false,0,lazy,,459,258,1672,941,200,image/webp,2106997,,"""5a2cdf8d664896f9b0505fb287e7bc49""",1782.8000000044703,1914.5,117.69999999552965,,712,0,0,NEEDS OPTIMISATION,4,large file (2.01 MB); no effective cache-control for repeat visits
ua,desktop,/about,priority,background-image,https://pub-f1a143f96bfc47df8ff1ccd1aaea6671.r2.dev/company/about-hero-background.webp,true,3,false,1,,,1920,746,,,200,image/webp,318746,,"""4c59ea253eb48cd2bed838eea4a41fe8""",485.6000000014901,549.4000000059605,70.89999999850988,,712,1,0,CRITICAL,8,is the page LCP element on at least one run; CSS background-image (no native lazy-loading / responsive srcset available); no effective cache-control for repeat visits; fetched before scroll despite being below the fold (unnecessary initial-load bytes)
ua,desktop,/about,priority,background-image,https://pub-f1a143f96bfc47df8ff1ccd1aaea6671.r2.dev/company/gersan-market-card-background.webp,true,3,false,1,,,1024,349,,,200,image/webp,1572303,,"""7b7bbc330dbdb56f7bfd8a3f0a23adfa""",486.70000000298023,713.7000000029802,222.10000000149012,,712,0,0,CRITICAL,8,CSS background-image (no native lazy-loading / responsive srcset available); large file (1.50 MB); no effective cache-control for repeat visits; fetched before scroll despite being below the fold (unnecessary initial-load bytes)
ua,desktop,/about,priority,background-image,https://pub-f1a143f96bfc47df8ff1ccd1aaea6671.r2.dev/company/infravolt-uk-market-card-background.webp,true,3,false,1,,,706,396,,,200,image/webp,1811655,,"""4ffccde74e79034ec51c999bdcfcae7a""",487,605.5,176,,712,0,0,CRITICAL,7,CSS background-image (no native lazy-loading / responsive srcset available); large file (1.73 MB); no effective cache-control for repeat visits; fetched before scroll despite being below the fold (unnecessary initial-load bytes)
ua,desktop,/about,priority,background-image,https://pub-f1a143f96bfc47df8ff1ccd1aaea6671.r2.dev/company/infravolt-ukraine-market-card-background.webp,true,3,false,1,,,706,396,,,200,image/webp,1858426,,"""d9f91babea86482401d2c5f3ee7322ac""",487.30000000447035,670.9000000059605,196.19999999552965,,712,0,0,CRITICAL,7,CSS background-image (no native lazy-loading / responsive srcset available); large file (1.77 MB); no effective cache-control for repeat visits; fetched before scroll despite being below the fold (unnecessary initial-load bytes)
ua,mobile,/about,priority,image,https://pub-f1a143f96bfc47df8ff1ccd1aaea6671.r2.dev/brand/infravolt-wordmark-primary.webp,true,6,true,1,eager,,188,42.5,1040,235,200,image/webp,126044,,"""15ab34f45bad11445e87379fdf35c690""",158.20000000298023,286.29999999701977,97.5,,632,0,0,NEEDS OPTIMISATION,4,above the fold; mobile viewport; no effective cache-control for repeat visits
ua,mobile,/about,priority,image,http://ua.infravolt.localhost:3000/assets/brand/gersan-logo.png,false,3,false,1,lazy,,144,33,583,132,200,image/png,18938,"public, max-age=0","W/""49fa-19fbebfcec4""",582.7000000029802,590.6000000014901,7.899999998509884,,632,0,0,NEEDS OPTIMISATION,4,mobile viewport; no effective cache-control for repeat visits; fetched before scroll despite being below the fold (unnecessary initial-load bytes)
ua,mobile,/about,priority,image,https://pub-f1a143f96bfc47df8ff1ccd1aaea6671.r2.dev/brand/infravolt-wordmark-transparent.webp,true,9,false,1,lazy,,92,21,1040,235,200,image/webp,52456,,"""93441a0dddaf3276056bd01d677cc5c4""",582.8000000044703,643.1000000014901,68.89999999850988,,632,0,0,NEEDS OPTIMISATION,4,mobile viewport; no effective cache-control for repeat visits; fetched before scroll despite being below the fold (unnecessary initial-load bytes)
ua,mobile,/about,priority,image,https://pub-f1a143f96bfc47df8ff1ccd1aaea6671.r2.dev/company/gersan-tuzla-istanbul-head-office-factory.webp,true,6,false,1,lazy,,349,196,1672,941,200,image/webp,2229241,,"""ff87a221dafcfafc655a972a39284328""",582.8999999985099,744.2999999970198,175.79999999701977,,632,0,0,CRITICAL,7,mobile viewport; large file (2.13 MB); no effective cache-control for repeat visits; fetched before scroll despite being below the fold (unnecessary initial-load bytes)
ua,mobile,/about,priority,image,https://pub-f1a143f96bfc47df8ff1ccd1aaea6671.r2.dev/company/gersan/certifications/lovag.svg,true,3,false,1,lazy,,56,29,132,68,200,image/svg+xml,4332,,"""d013b05bc61f5ab8dbea0f939c6758a2""",582.8999999985099,678.8999999985099,72.5,,632,0,0,NEEDS OPTIMISATION,4,mobile viewport; no effective cache-control for repeat visits; fetched before scroll despite being below the fold (unnecessary initial-load bytes)
ua,mobile,/about,priority,image,https://pub-f1a143f96bfc47df8ff1ccd1aaea6671.r2.dev/company/gersan/certifications/asta.svg,true,3,false,1,lazy,,56,26,134,62,200,image/svg+xml,2584,,"""1f3aa61666cc8bb01df8c13b5dc7eb95""",583.1000000014901,698.5,99.69999999552965,,632,0,0,NEEDS OPTIMISATION,4,mobile viewport; no effective cache-control for repeat visits; fetched before scroll despite being below the fold (unnecessary initial-load bytes)
ua,mobile,/about,priority,image,https://pub-f1a143f96bfc47df8ff1ccd1aaea6671.r2.dev/company/gersan/certifications/cesi.svg,true,3,false,1,lazy,,56,21,147,56,200,image/svg+xml,18868,,"""83da51f24e34e3dd24195ca238a59229""",583.3000000044703,717.5,134.19999999552965,,632,0,0,NEEDS OPTIMISATION,4,mobile viewport; no effective cache-control for repeat visits; fetched before scroll despite being below the fold (unnecessary initial-load bytes)
ua,mobile,/about,priority,image,https://pub-f1a143f96bfc47df8ff1ccd1aaea6671.r2.dev/company/gersan/certifications/iph-berlin.svg,true,3,false,1,lazy,,52,29,151,83,200,image/svg+xml,3660,,"""b104bc045d43ef8c9f7f94ff31c0c3bc""",583.3000000044703,725.7999999970198,115.30000000447035,,632,0,0,NEEDS OPTIMISATION,4,mobile viewport; no effective cache-control for repeat visits; fetched before scroll despite being below the fold (unnecessary initial-load bytes)
ua,mobile,/about,priority,image,https://pub-f1a143f96bfc47df8ff1ccd1aaea6671.r2.dev/company/gersan/certifications/kema.svg,true,3,false,1,lazy,,56,22,155,60,200,image/svg+xml,3584,,"""8fe635abc05065328ef99281336878f5""",583.3999999985099,722.2000000029802,138.80000000447035,,632,0,0,NEEDS OPTIMISATION,4,mobile viewport; no effective cache-control for repeat visits; fetched before scroll despite being below the fold (unnecessary initial-load bytes)
ua,mobile,/about,priority,image,https://pub-f1a143f96bfc47df8ff1ccd1aaea6671.r2.dev/company/gersan/certifications/tse.svg,true,3,false,1,lazy,,47,29,100,61,200,image/svg+xml,2876,,"""f80ba9f8c3da1e1171c3400652fb2cd3""",583.3999999985099,728.1000000014901,144.70000000298023,,632,0,0,NEEDS OPTIMISATION,4,mobile viewport; no effective cache-control for repeat visits; fetched before scroll despite being below the fold (unnecessary initial-load bytes)
ua,mobile,/about,priority,image,https://pub-f1a143f96bfc47df8ff1ccd1aaea6671.r2.dev/company/gersan/certifications/ce.svg,true,3,false,1,lazy,,33,29,69,60,200,image/svg+xml,2301,,"""45f6627a10322cc6f1c5f04a29d0258f""",583.5,742.2000000029802,180.10000000149012,,632,0,0,NEEDS OPTIMISATION,4,mobile viewport; no effective cache-control for repeat visits; fetched before scroll despite being below the fold (unnecessary initial-load bytes)
ua,mobile,/about,priority,image,https://pub-f1a143f96bfc47df8ff1ccd1aaea6671.r2.dev/company/gersan/certifications/ul.svg,true,3,false,1,lazy,,29,29,66,66,200,image/svg+xml,3405,,"""fcd2fd9d2bf42ed890f9d6ae19c2bedf""",583.5,766.6000000014901,183.10000000149012,,632,0,0,NEEDS OPTIMISATION,4,mobile viewport; no effective cache-control for repeat visits; fetched before scroll despite being below the fold (unnecessary initial-load bytes)
ua,mobile,/about,priority,image,https://pub-f1a143f96bfc47df8ff1ccd1aaea6671.r2.dev/company/gersan/certifications/tuv.svg,true,3,false,1,lazy,,35,29,71,58,200,image/svg+xml,7521,,"""4f043148fcd91ca56faef6d1f09062ca""",583.6000000014901,761.3999999985099,177.79999999701977,,632,0,0,NEEDS OPTIMISATION,4,mobile viewport; no effective cache-control for repeat visits; fetched before scroll despite being below the fold (unnecessary initial-load bytes)
ua,mobile,/about,priority,image,https://pub-f1a143f96bfc47df8ff1ccd1aaea6671.r2.dev/company/gersan/certifications/iso-management-systems.svg,true,3,false,1,lazy,,56,18,205,65,200,image/svg+xml,6516,,"""58bf125226d4c8a2b5a45975d6599882""",583.6000000014901,807.3999999985099,223.79999999701977,,632,0,0,NEEDS OPTIMISATION,5,mobile viewport; no effective cache-control for repeat visits; fetched before scroll despite being below the fold (unnecessary initial-load bytes)
ua,mobile,/about,priority,image,https://pub-f1a143f96bfc47df8ff1ccd1aaea6671.r2.dev/company/gersan-zonguldak-factory.webp,true,3,false,0,lazy,,348,195,1672,941,200,image/webp,2514210,,"""3da72dff4693e6e71389643ce1ca0a41""",1781.2000000029802,1949.7000000029802,165.40000000596046,,632,0,0,NEEDS OPTIMISATION,5,mobile viewport; large file (2.40 MB); no effective cache-control for repeat visits
ua,mobile,/about,priority,image,https://pub-f1a143f96bfc47df8ff1ccd1aaea6671.r2.dev/company/gersan-sultanate-of-oman-factory.webp,true,3,false,0,lazy,,348,195,1672,941,200,image/webp,2106997,,"""5a2cdf8d664896f9b0505fb287e7bc49""",1797.7000000029802,1939.5999999940395,138.79999999701977,,632,0,0,NEEDS OPTIMISATION,5,mobile viewport; large file (2.01 MB); no effective cache-control for repeat visits
ua,mobile,/about,priority,background-image,https://pub-f1a143f96bfc47df8ff1ccd1aaea6671.r2.dev/company/about-hero-background-mobile.webp,true,3,false,1,,,390,381,,,200,image/webp,225802,,"""c78394799518d4d0516948d6fdd8bcdb""",485.6000000014901,545.5,65.10000000149012,,632,1,0,CRITICAL,9,is the page LCP element on at least one run; CSS background-image (no native lazy-loading / responsive srcset available); mobile viewport; no effective cache-control for repeat visits; fetched before scroll despite being below the fold (unnecessary initial-load bytes)
ua,mobile,/about,priority,background-image,https://pub-f1a143f96bfc47df8ff1ccd1aaea6671.r2.dev/company/gersan-market-card-background.webp,true,3,false,1,,,350,452,,,200,image/webp,1572303,,"""7b7bbc330dbdb56f7bfd8a3f0a23adfa""",486.80000000447035,604.6999999955297,165,,632,0,0,CRITICAL,8,CSS background-image (no native lazy-loading / responsive srcset available); mobile viewport; large file (1.50 MB); no effective cache-control for repeat visits; fetched before scroll despite being below the fold (unnecessary initial-load bytes)
ua,mobile,/about,priority,background-image,https://pub-f1a143f96bfc47df8ff1ccd1aaea6671.r2.dev/company/infravolt-uk-market-card-background.webp,true,3,false,1,,,350,310,,,200,image/webp,1811655,,"""4ffccde74e79034ec51c999bdcfcae7a""",487.30000000447035,670.2999999970198,187.79999999701977,,632,0,0,CRITICAL,8,CSS background-image (no native lazy-loading / responsive srcset available); mobile viewport; large file (1.73 MB); no effective cache-control for repeat visits; fetched before scroll despite being below the fold (unnecessary initial-load bytes)
ua,mobile,/about,priority,background-image,https://pub-f1a143f96bfc47df8ff1ccd1aaea6671.r2.dev/company/infravolt-ukraine-market-card-background.webp,true,3,false,1,,,350,310,,,200,image/webp,1858426,,"""d9f91babea86482401d2c5f3ee7322ac""",487.6000000014901,674.7000000029802,237.5,,632,0,0,CRITICAL,9,CSS background-image (no native lazy-loading / responsive srcset available); mobile viewport; large file (1.77 MB); no effective cache-control for repeat visits; fetched before scroll despite being below the fold (unnecessary initial-load bytes)
uk,desktop,/references,priority,image,https://pub-f1a143f96bfc47df8ff1ccd1aaea6671.r2.dev/brand/infravolt-wordmark-primary.webp,true,3,true,1,eager,,252,57,1040,235,200,image/webp,126044,,"""15ab34f45bad11445e87379fdf35c690""",3022.10000000149,3112.8000000044703,98.39999999850988,,3512,0,0,NEEDS OPTIMISATION,3,above the fold; no effective cache-control for repeat visits
uk,desktop,/references,priority,image,http://uk.infravolt.localhost:3000/_next/image?url=https%3A%2F%2Fpub-f1a143f96bfc47df8ff1ccd1aaea6671.r2.dev%2Freferences%2Fcard%2Fglobal.webp&w=384&q=75,true,3,false,1,lazy,,280,157,384,251,200,image/webp,18580,"public, max-age=0, must-revalidate",oeS-dXCRFVTyLDWVWJXaZt0Et5fHqmRIkh65C6hK75s,3415.9000000059605,3430.3000000044703,21.5,,3512,0,0,NEEDS OPTIMISATION,3,no effective cache-control for repeat visits; fetched before scroll despite being below the fold (unnecessary initial-load bytes)
uk,desktop,/references,priority,image,http://uk.infravolt.localhost:3000/_next/image?url=https%3A%2F%2Fpub-f1a143f96bfc47df8ff1ccd1aaea6671.r2.dev%2Freferences%2Fcard%2Fsector-commercial-buildings.webp&w=384&q=75,true,3,false,1,lazy,,280,157,384,216,200,image/webp,19312,"public, max-age=0, must-revalidate",NbSButlBx4QfTMsB5h0I9h9cqeLfOC1TcMJuE2d8NNY,3416.10000000149,3431.7000000029802,22.200000002980232,,3512,0,0,NEEDS OPTIMISATION,3,no effective cache-control for repeat visits; fetched before scroll despite being below the fold (unnecessary initial-load bytes)
uk,desktop,/references,priority,image,http://uk.infravolt.localhost:3000/_next/image?url=https%3A%2F%2Fpub-f1a143f96bfc47df8ff1ccd1aaea6671.r2.dev%2Freferences%2Fcard%2Fsector-energy-utilities.webp&w=384&q=75,true,3,false,1,lazy,,280,157,384,216,200,image/webp,16718,"public, max-age=0, must-revalidate",mr6fV9neobpL7WrfaTDLvvTbhVmynP9nl8pKXQfZyTs,3416.2000000029802,3433.10000000149,24.799999997019768,,3512,0,0,NEEDS OPTIMISATION,3,no effective cache-control for repeat visits; fetched before scroll despite being below the fold (unnecessary initial-load bytes)
uk,desktop,/references,priority,image,http://uk.infravolt.localhost:3000/_next/image?url=https%3A%2F%2Fpub-f1a143f96bfc47df8ff1ccd1aaea6671.r2.dev%2Freferences%2Fcard%2Fsector-airports.webp&w=384&q=75,true,3,false,1,lazy,,280,157,384,216,200,image/webp,9876,"public, max-age=0, must-revalidate",6CsGscEmHy8KoSL34UH-w6MSbDql4frt_o-PzP-PVe4,3416.4000000059605,3434.3000000044703,25.5,,3512,0,0,NEEDS OPTIMISATION,3,no effective cache-control for repeat visits; fetched before scroll despite being below the fold (unnecessary initial-load bytes)
uk,desktop,/references,priority,image,http://uk.infravolt.localhost:3000/_next/image?url=https%3A%2F%2Fpub-f1a143f96bfc47df8ff1ccd1aaea6671.r2.dev%2Freferences%2Fcard%2Fsector-rail-metro.webp&w=384&q=75,true,3,false,1,lazy,,280,157,384,216,200,image/webp,12930,"public, max-age=0, must-revalidate",T9ATkjH7LQTryttVzdg6Er2DBht7Ds3x-5yEHuV4mFI,3416.60000000149,3436.3000000044703,25.69999999552965,,3512,0,0,NEEDS OPTIMISATION,3,no effective cache-control for repeat visits; fetched before scroll despite being below the fold (unnecessary initial-load bytes)
uk,desktop,/references,priority,image,http://uk.infravolt.localhost:3000/_next/image?url=https%3A%2F%2Fpub-f1a143f96bfc47df8ff1ccd1aaea6671.r2.dev%2Freferences%2Fcard%2Fsector-industrial-facilities.webp&w=384&q=75,true,3,false,1,lazy,,280,157,384,216,200,image/webp,18748,"public, max-age=0, must-revalidate",GSF4rZUZ-0MyIElFO70mzuMlEGwKEuPtc3D-zG2uaj0,3416.8000000044703,3436.7000000029802,26.200000002980232,,3512,0,0,NEEDS OPTIMISATION,3,no effective cache-control for repeat visits; fetched before scroll despite being below the fold (unnecessary initial-load bytes)
uk,desktop,/references,priority,image,http://uk.infravolt.localhost:3000/_next/image?url=https%3A%2F%2Fpub-f1a143f96bfc47df8ff1ccd1aaea6671.r2.dev%2Freferences%2Fcard%2Fsector-oil-gas.webp&w=384&q=75,true,3,false,1,lazy,,280,157,384,216,200,image/webp,16548,"public, max-age=0, must-revalidate",GLfn2UcBeiFeK4OD3J4ecbR7QHXtTO-XlakjH0PJKns,3416.9000000059605,3445.7000000029802,36.70000000298023,,3512,0,0,NEEDS OPTIMISATION,3,no effective cache-control for repeat visits; fetched before scroll despite being below the fold (unnecessary initial-load bytes)
uk,desktop,/references,priority,image,http://uk.infravolt.localhost:3000/_next/image?url=https%3A%2F%2Fpub-f1a143f96bfc47df8ff1ccd1aaea6671.r2.dev%2Freferences%2Fcard%2Fsector-healthcare.webp&w=384&q=75,true,3,false,1,lazy,,280,157,384,216,200,image/webp,9728,"public, max-age=0, must-revalidate",VgVFs3XAXDXhlY7l7-mKai6TThWo-67MUNhEkYIAb3c,3417,3446.5,37.899999998509884,,3512,0,0,NEEDS OPTIMISATION,3,no effective cache-control for repeat visits; fetched before scroll despite being below the fold (unnecessary initial-load bytes)
uk,desktop,/references,priority,image,http://uk.infravolt.localhost:3000/_next/image?url=https%3A%2F%2Fpub-f1a143f96bfc47df8ff1ccd1aaea6671.r2.dev%2Freferences%2Fcard%2Fsector-data-centres.webp&w=384&q=75,true,3,false,1,lazy,,280,157,384,216,200,image/webp,13856,"public, max-age=0, must-revalidate",0TTPlUkFn52tLOcLO_mTb01jmKZOVe49hWyYvdIG8aw,3417,3449.60000000149,38.70000000298023,,3512,0,0,NEEDS OPTIMISATION,3,no effective cache-control for repeat visits; fetched before scroll despite being below the fold (unnecessary initial-load bytes)
uk,desktop,/references,priority,image,http://uk.infravolt.localhost:3000/_next/image?url=https%3A%2F%2Fpub-f1a143f96bfc47df8ff1ccd1aaea6671.r2.dev%2Freferences%2Fcard%2Fsector-public-educational-infrastructure.webp&w=384&q=75,true,3,false,1,lazy,,280,157,384,216,200,image/webp,16456,"public, max-age=0, must-revalidate",BLe1xepYd8tWC71Aamvfgqji_mBcEqVhnA8oYaMRefI,3417.10000000149,3448.8000000044703,39.5,,3512,0,0,NEEDS OPTIMISATION,3,no effective cache-control for repeat visits; fetched before scroll despite being below the fold (unnecessary initial-load bytes)
uk,desktop,/references,priority,image,http://uk.infravolt.localhost:3000/_next/image?url=https%3A%2F%2Fpub-f1a143f96bfc47df8ff1ccd1aaea6671.r2.dev%2Freferences%2Fearthing-lightning%2Fcompanies%2Fsite-ready%2F06-1-dubai-and-northern-emirates.webp&w=384&q=75,true,3,false,1,lazy,,240,88,345,104,200,image/webp,3622,"public, max-age=0, must-revalidate",y85mtne9Ias39fCOMDxKgdDphzU_R7OrcZ54ozPKPxU,3417.2000000029802,3453.5,41.29999999701977,,3512,0,0,NEEDS OPTIMISATION,3,no effective cache-control for repeat visits; fetched before scroll despite being below the fold (unnecessary initial-load bytes)
uk,desktop,/references,priority,image,http://uk.infravolt.localhost:3000/_next/image?url=https%3A%2F%2Fpub-f1a143f96bfc47df8ff1ccd1aaea6671.r2.dev%2Freferences%2Fearthing-lightning%2Fcompanies%2Fsite-ready%2F09-3m-colombia-s-a.webp&w=384&q=75,true,3,false,1,lazy,,240,88,261,151,200,image/webp,2632,"public, max-age=0, must-revalidate",tcJKBe6pN7bd9WVqRbMYr5Beyb6arZyg4MN2X_gfalU,3417.4000000059605,3454.10000000149,42.19999999552965,,3512,0,0,NEEDS OPTIMISATION,3,no effective cache-control for repeat visits; fetched before scroll despite being below the fold (unnecessary initial-load bytes)
uk,desktop,/references,priority,image,http://uk.infravolt.localhost:3000/_next/image?url=https%3A%2F%2Fpub-f1a143f96bfc47df8ff1ccd1aaea6671.r2.dev%2Freferences%2Fearthing-lightning%2Fcompanies%2Fsite-ready%2F07-abb-industries-llc.webp&w=384&q=75,true,3,false,1,lazy,,240,88,345,150,200,image/webp,2910,"public, max-age=0, must-revalidate",SKaqkhBNTc5leHFCuxR0XaH2MK3FlHmJeenSYwF6laE,3417.5,3461.3000000044703,53.399999998509884,,3512,0,0,NEEDS OPTIMISATION,3,no effective cache-control for repeat visits; fetched before scroll despite being below the fold (unnecessary initial-load bytes)
uk,desktop,/references,priority,image,http://uk.infravolt.localhost:3000/_next/image?url=https%3A%2F%2Fpub-f1a143f96bfc47df8ff1ccd1aaea6671.r2.dev%2Freferences%2Fearthing-lightning%2Fcompanies%2Fsite-ready%2F30-abu-dhabi-national-oil-company.webp&w=384&q=75,true,3,false,1,lazy,,240,88,276,331,200,image/webp,5110,"public, max-age=0, must-revalidate",_YJCC47p7tLnQTRkSfDFS7KdYqeQ1mw45TcrTOpDxkg,3417.60000000149,3463,54.400000005960464,,3512,0,0,NEEDS OPTIMISATION,3,no effective cache-control for repeat visits; fetched before scroll despite being below the fold (unnecessary initial-load bytes)
uk,desktop,/references,priority,image,http://uk.infravolt.localhost:3000/_next/image?url=https%3A%2F%2Fpub-f1a143f96bfc47df8ff1ccd1aaea6671.r2.dev%2Freferences%2Fearthing-lightning%2Fcompanies%2Fsite-ready%2F41-abu-dhabi-water-and-electricity-authority.webp&w=384&q=75,true,3,false,1,lazy,,240,88,345,221,200,image/webp,5822,"public, max-age=0, must-revalidate",P7rh4HWrP5yMnHeY44rJ8Jnkq4vg2lMjx9rkcRYv18w,3417.8000000044703,3464,55.20000000298023,,3512,0,0,NEEDS OPTIMISATION,3,no effective cache-control for repeat visits; fetched before scroll despite being below the fold (unnecessary initial-load bytes)
uk,desktop,/references,priority,image,http://uk.infravolt.localhost:3000/_next/image?url=https%3A%2F%2Fpub-f1a143f96bfc47df8ff1ccd1aaea6671.r2.dev%2Freferences%2Fearthing-lightning%2Fcompanies%2Fsite-ready%2F01-alstom-power-systems.webp&w=384&q=75,true,3,false,1,lazy,,240,88,345,81,200,image/webp,3330,"public, max-age=0, must-revalidate",W3UdPGT0fvizvhl8QxaDUvk2cgtOiMO6Sqh9YDsnagQ,3417.8000000044703,3465,56,,3512,0,0,NEEDS OPTIMISATION,3,no effective cache-control for repeat visits; fetched before scroll despite being below the fold (unnecessary initial-load bytes)
uk,desktop,/references,priority,image,http://uk.infravolt.localhost:3000/_next/image?url=https%3A%2F%2Fpub-f1a143f96bfc47df8ff1ccd1aaea6671.r2.dev%2Freferences%2Fbusbar%2Fcompanies%2Fcomaple.png&w=384&q=75,true,3,false,1,lazy,,240,88,271,142,200,image/webp,3586,"public, max-age=0, must-revalidate",FXsJXmpwjlps-d6bG7o3TfN4P_WtMjzO8W7dvV1YBRU,3417.9000000059605,3470.5,59.5,,3512,0,0,NEEDS OPTIMISATION,3,no effective cache-control for repeat visits; fetched before scroll despite being below the fold (unnecessary initial-load bytes)
uk,desktop,/references,priority,image,http://uk.infravolt.localhost:3000/_next/image?url=https%3A%2F%2Fpub-f1a143f96bfc47df8ff1ccd1aaea6671.r2.dev%2Freferences%2Fearthing-lightning%2Fcompanies%2Fsite-ready%2F23-croon-tbi-techniek.webp&w=384&q=75,true,3,false,1,lazy,,240,88,345,153,200,image/webp,3728,"public, max-age=0, must-revalidate",eFLBPtYw6eSzU-95BuG0ZeDGK1IGNIh0eU4F7w3sRC4,3418,3475.5,60.29999999701977,,3512,0,0,NEEDS OPTIMISATION,3,no effective cache-control for repeat visits; fetched before scroll despite being below the fold (unnecessary initial-load bytes)
uk,desktop,/references,priority,image,http://uk.infravolt.localhost:3000/_next/image?url=https%3A%2F%2Fpub-f1a143f96bfc47df8ff1ccd1aaea6671.r2.dev%2Freferences%2Fearthing-lightning%2Fcompanies%2Flow-resolution%2F12-denge-energy-ltd.webp&w=384&q=75,true,3,false,1,lazy,,240,88,345,123,200,image/webp,3914,"public, max-age=0, must-revalidate",GJ4ZJJdClvl1B2u4H6ojsrTW5rem9Y1pgwAw-wKDaoI,3418.10000000149,3482.8000000044703,71.09999999403954,,3512,0,0,NEEDS OPTIMISATION,3,no effective cache-control for repeat visits; fetched before scroll despite being below the fold (unnecessary initial-load bytes)
uk,desktop,/references,priority,image,http://uk.infravolt.localhost:3000/_next/image?url=https%3A%2F%2Fpub-f1a143f96bfc47df8ff1ccd1aaea6671.r2.dev%2Freferences%2Fearthing-lightning%2Fcompanies%2Fsite-ready%2F37-dubai-electricity-and-water-authority-dewa.webp&w=384&q=75,true,3,false,1,lazy,,240,88,202,287,200,image/webp,4200,"public, max-age=0, must-revalidate",YJKO8csELNC6H3_4WhENSQLaLwV-wv4_89Dl_VCcwnw,3418.2000000029802,3483.8000000044703,72.5,,3512,0,0,NEEDS OPTIMISATION,3,no effective cache-control for repeat visits; fetched before scroll despite being below the fold (unnecessary initial-load bytes)
uk,desktop,/references,priority,image,http://uk.infravolt.localhost:3000/_next/image?url=https%3A%2F%2Fpub-f1a143f96bfc47df8ff1ccd1aaea6671.r2.dev%2Freferences%2Fearthing-lightning%2Fcompanies%2Fsite-ready%2F28-electricity-and-water-authority-ewa.webp&w=384&q=75,true,3,false,1,lazy,,240,88,345,133,200,image/webp,8200,"public, max-age=0, must-revalidate",fEzwcbTZzhSKqZsK8gkBZbHD-HESMLnArAPaEc5-XzI,3418.4000000059605,3484.9000000059605,72.90000000596046,,3512,0,0,NEEDS OPTIMISATION,3,no effective cache-control for repeat visits; fetched before scroll despite being below the fold (unnecessary initial-load bytes)
uk,desktop,/references,priority,image,http://uk.infravolt.localhost:3000/_next/image?url=https%3A%2F%2Fpub-f1a143f96bfc47df8ff1ccd1aaea6671.r2.dev%2Freferences%2Fearthing-lightning%2Fcompanies%2Fsite-ready%2F18-electromechanical-and-technical-associates-co-ltd.webp&w=384&q=75,true,3,false,1,lazy,,240,88,345,185,200,image/webp,5186,"public, max-age=0, must-revalidate",8BwYSwhSC7v5n9xA8dtrKC1R6h1e10HVbDKhjhq_rBs,3418.5,3485.7000000029802,74.30000000447035,,3512,0,0,NEEDS OPTIMISATION,3,no effective cache-control for repeat visits; fetched before scroll despite being below the fold (unnecessary initial-load bytes)
uk,desktop,/references,priority,image,http://uk.infravolt.localhost:3000/_next/image?url=https%3A%2F%2Fpub-f1a143f96bfc47df8ff1ccd1aaea6671.r2.dev%2Freferences%2Fearthing-lightning%2Fcompanies%2Flow-resolution%2F29-emirates-electrical-engineering-llc.webp&w=384&q=75,true,3,false,1,lazy,,240,88,345,279,200,image/webp,5324,"public, max-age=0, must-revalidate",JzdCAO44uy54czFU18OWxiQ61JDlCExsk-L1oLe09N4,3418.7000000029802,3493.7000000029802,75,,3512,0,0,NEEDS OPTIMISATION,3,no effective cache-control for repeat visits; fetched before scroll despite being below the fold (unnecessary initial-load bytes)
uk,desktop,/references,priority,image,http://uk.infravolt.localhost:3000/_next/image?url=https%3A%2F%2Fpub-f1a143f96bfc47df8ff1ccd1aaea6671.r2.dev%2Freferences%2Fbusbar%2Fcompanies%2Fenerflex.png&w=384&q=75,true,3,false,1,lazy,,240,88,303,145,200,image/webp,1848,"public, max-age=0, must-revalidate",Qp0W84KCXCRht48hMYUdIwAKAinUYtWHOLKTp6OVkM8,3418.7000000029802,3494.9000000059605,76.20000000298023,,3512,0,0,NEEDS OPTIMISATION,3,no effective cache-control for repeat visits; fetched before scroll despite being below the fold (unnecessary initial-load bytes)
uk,desktop,/references,priority,image,http://uk.infravolt.localhost:3000/_next/image?url=https%3A%2F%2Fpub-f1a143f96bfc47df8ff1ccd1aaea6671.r2.dev%2Freferences%2Fearthing-lightning%2Fcompanies%2Fsite-ready%2F21-ensytec.webp&w=384&q=75,true,3,false,1,lazy,,240,88,345,113,200,image/webp,2782,"public, max-age=0, must-revalidate",oAOFUdgADOP-1RkdY5Mb9Vll-hEm5-Iy1pzL9zj_Rqo,3418.8000000044703,3501.8000000044703,103.5,,3512,0,0,NEEDS OPTIMISATION,3,no effective cache-control for repeat visits; fetched before scroll despite being below the fold (unnecessary initial-load bytes)
uk,desktop,/references,priority,image,http://uk.infravolt.localhost:3000/_next/image?url=https%3A%2F%2Fpub-f1a143f96bfc47df8ff1ccd1aaea6671.r2.dev%2Freferences%2Fearthing-lightning%2Fcompanies%2Flow-resolution%2F20-ets-caporal-et-moretti-s-a-l.webp&w=384&q=75,true,3,true,1,lazy,,240,88,345,223,200,image/webp,7596,"public, max-age=0, must-revalidate",RvdEUPVEu6ohu2XREc1rKJZErBdsxMXAFd3Gf98fYqc,3418.9000000059605,3502.7000000029802,105.70000000298023,,3512,0,0,NEEDS OPTIMISATION,3,above the fold; no effective cache-control for repeat visits
uk,desktop,/references,priority,image,http://uk.infravolt.localhost:3000/_next/image?url=https%3A%2F%2Fpub-f1a143f96bfc47df8ff1ccd1aaea6671.r2.dev%2Freferences%2Fearthing-lightning%2Fcompanies%2Fsite-ready%2F14-eurostrut-e-strut-b-v.webp&w=384&q=75,true,3,true,1,lazy,,240,88,345,72,200,image/webp,4008,"public, max-age=0, must-revalidate",pmDPIOR01cJfQzfxyigRzf2j5064crRh6_TvIIfi9lM,3419,3503.4000000059605,107.10000000149012,,3512,0,0,NEEDS OPTIMISATION,3,above the fold; no effective cache-control for repeat visits
uk,desktop,/references,priority,image,http://uk.infravolt.localhost:3000/_next/image?url=https%3A%2F%2Fpub-f1a143f96bfc47df8ff1ccd1aaea6671.r2.dev%2Freferences%2Fearthing-lightning%2Fcompanies%2Flow-resolution%2F38-extol-international-l-l-c.webp&w=384&q=75,true,3,true,1,lazy,,240,88,345,104,200,image/webp,2832,"public, max-age=0, must-revalidate",Fs4c1xVrbIS2gw8quboounPwsh2667YnGFDo-kGWtXA,3419.10000000149,3504.2000000029802,107.89999999850988,,3512,0,0,NEEDS OPTIMISATION,3,above the fold; no effective cache-control for repeat visits
uk,desktop,/references,priority,image,http://uk.infravolt.localhost:3000/_next/image?url=https%3A%2F%2Fpub-f1a143f96bfc47df8ff1ccd1aaea6671.r2.dev%2Freferences%2Fbusbar%2Fcompanies%2Fhitachi.png&w=384&q=75,true,3,true,1,lazy,,240,88,244,96,200,image/webp,2890,"public, max-age=0, must-revalidate",OnP2Q2vkpsPqr7D4pBmfv4SJZUZBdi-SNsuJ4B1NsMg,3419.2000000029802,3511.7000000029802,108.69999999552965,,3512,0,0,NEEDS OPTIMISATION,3,above the fold; no effective cache-control for repeat visits
uk,desktop,/references,priority,image,http://uk.infravolt.localhost:3000/_next/image?url=https%3A%2F%2Fpub-f1a143f96bfc47df8ff1ccd1aaea6671.r2.dev%2Freferences%2Fbusbar%2Fcompanies%2Fhp-busbars.png&w=384&q=75,true,3,true,1,lazy,,240,88,244,176,200,image/webp,2632,"public, max-age=0, must-revalidate",E9aXv7aJ3KQHysDpBGEUpP2rjuTV3UggcS1Fdh0hseE,3419.5,3512.9000000059605,109.69999999552965,,3512,0,0,NEEDS OPTIMISATION,3,above the fold; no effective cache-control for repeat visits
uk,desktop,/references,priority,image,http://uk.infravolt.localhost:3000/_next/image?url=https%3A%2F%2Fpub-f1a143f96bfc47df8ff1ccd1aaea6671.r2.dev%2Freferences%2Fearthing-lightning%2Fcompanies%2Flow-resolution%2F26-hussain-and-co.webp&w=384&q=75,true,3,true,1,lazy,,240,88,345,225,200,image/webp,4794,"public, max-age=0, must-revalidate",wKRTOYmQUitfSl2wsSq26uYzgT4QCqnBfdFgXb9o_Q4,3419.5,3521.7000000029802,122.69999999552965,,3512,0,0,NEEDS OPTIMISATION,3,above the fold; no effective cache-control for repeat visits
uk,desktop,/references,priority,image,http://uk.infravolt.localhost:3000/_next/image?url=https%3A%2F%2Fpub-f1a143f96bfc47df8ff1ccd1aaea6671.r2.dev%2Freferences%2Fbusbar%2Fcompanies%2Fineos.png&w=384&q=75,true,3,true,1,lazy,,240,88,249,151,200,image/webp,3716,"public, max-age=0, must-revalidate",bNzk9UNKqCtrqCN38Cqow4oAu-kBVR5wNWROkRWw_bU,3419.7000000029802,3522.9000000059605,123.70000000298023,,3512,0,0,NEEDS OPTIMISATION,3,above the fold; no effective cache-control for repeat visits
uk,desktop,/references,priority,image,http://uk.infravolt.localhost:3000/_next/image?url=https%3A%2F%2Fpub-f1a143f96bfc47df8ff1ccd1aaea6671.r2.dev%2Freferences%2Fearthing-lightning%2Fcompanies%2Fsite-ready%2F27-kurgan-balt.webp&w=384&q=75,true,3,true,1,lazy,,240,88,345,130,200,image/webp,3710,"public, max-age=0, must-revalidate",suzFyn5be2iVffemjhjP-GugjckuBUNAQIkCHSRelzI,3419.7000000029802,3523.8000000044703,124.5,,3512,0,0,NEEDS OPTIMISATION,3,above the fold; no effective cache-control for repeat visits
uk,desktop,/references,priority,image,http://uk.infravolt.localhost:3000/_next/image?url=https%3A%2F%2Fpub-f1a143f96bfc47df8ff1ccd1aaea6671.r2.dev%2Freferences%2Fearthing-lightning%2Fcompanies%2Fsite-ready%2F42-kuwait-national-petroleum-company-knpc.webp&w=384&q=75,true,3,true,1,lazy,,240,88,345,219,200,image/webp,5982,"public, max-age=0, must-revalidate",5AnInJzuvtn_CkhJcZd9udlOuMNd39BQBUntTF8Xm1w,3419.8000000044703,3527.2000000029802,125.20000000298023,,3512,0,0,NEEDS OPTIMISATION,3,above the fold; no effective cache-control for repeat visits
uk,desktop,/references,priority,image,http://uk.infravolt.localhost:3000/_next/image?url=https%3A%2F%2Fpub-f1a143f96bfc47df8ff1ccd1aaea6671.r2.dev%2Freferences%2Fearthing-lightning%2Fcompanies%2Fsite-ready%2F39-kuwait-oil-company-k-s-c.webp&w=384&q=75,true,3,true,1,lazy,,240,88,345,204,200,image/webp,9834,"public, max-age=0, must-revalidate",Gbv7prtITUjNsPvOG7-jQvBBZcZQLzwITGBN8RRZDiU,3419.9000000059605,3530.2000000029802,125.89999999850988,,3512,0,0,NEEDS OPTIMISATION,3,above the fold; no effective cache-control for repeat visits
uk,desktop,/references,priority,image,http://uk.infravolt.localhost:3000/_next/image?url=https%3A%2F%2Fpub-f1a143f96bfc47df8ff1ccd1aaea6671.r2.dev%2Freferences%2Fbusbar%2Fcompanies%2Flarsen.png&w=384&q=75,true,3,true,1,lazy,,240,88,270,113,200,image/webp,2844,"public, max-age=0, must-revalidate",gAmY0ShvqN9kvKh8TPrG4_TydNKLIoRn4mZ1bUFFV_g,3420,3530.8000000044703,127,,3512,0,0,NEEDS OPTIMISATION,3,above the fold; no effective cache-control for repeat visits
uk,desktop,/references,priority,image,http://uk.infravolt.localhost:3000/_next/image?url=https%3A%2F%2Fpub-f1a143f96bfc47df8ff1ccd1aaea6671.r2.dev%2Freferences%2Fearthing-lightning%2Fcompanies%2Fsite-ready%2F33-lokys.webp&w=384&q=75,true,3,true,1,lazy,,240,88,345,96,200,image/webp,2598,"public, max-age=0, must-revalidate",YfIcNtSg28tZTXJLQUuI3fijQJCgIp8NbURKB6w0VAw,3420.10000000149,3534.4000000059605,134.69999999552965,,3512,0,0,NEEDS OPTIMISATION,3,above the fold; no effective cache-control for repeat visits
uk,desktop,/references,priority,image,http://uk.infravolt.localhost:3000/_next/image?url=https%3A%2F%2Fpub-f1a143f96bfc47df8ff1ccd1aaea6671.r2.dev%2Freferences%2Fbusbar%2Fcompanies%2Fmaire.png&w=384&q=75,true,3,true,1,lazy,,240,88,271,104,200,image/webp,1618,"public, max-age=0, must-revalidate",nC7I7B_pJjgV2N05Edd3rjbTWlxRUZtYQuITVWcuN0g,3420.2000000029802,3535.2000000029802,135.29999999701977,,3512,0,0,NEEDS OPTIMISATION,3,above the fold; no effective cache-control for repeat visits
uk,desktop,/references,priority,image,http://uk.infravolt.localhost:3000/_next/image?url=https%3A%2F%2Fpub-f1a143f96bfc47df8ff1ccd1aaea6671.r2.dev%2Freferences%2Fearthing-lightning%2Fcompanies%2Flow-resolution%2F24-mana-control-co.webp&w=384&q=75,true,3,true,1,lazy,,240,88,345,127,200,image/webp,4224,"public, max-age=0, must-revalidate",PR0fdwdK5kvF_P4gLsKzdCnYRzI6IkdPTVeK5H-pkoA,3420.3000000044703,3535.7000000029802,136,,3512,0,0,NEEDS OPTIMISATION,3,above the fold; no effective cache-control for repeat visits
uk,desktop,/references,priority,image,http://uk.infravolt.localhost:3000/_next/image?url=https%3A%2F%2Fpub-f1a143f96bfc47df8ff1ccd1aaea6671.r2.dev%2Freferences%2Fearthing-lightning%2Fcompanies%2Fsite-ready%2F05-mitsubishi-electric-corpoation.webp&w=384&q=75,true,3,true,1,lazy,,240,88,345,113,200,image/webp,3830,"public, max-age=0, must-revalidate",v9EIVwCFW7COVBZVIKdBoRyY8Ps_AfQaxNpmPH0BL6k,3420.4000000059605,3536.7000000029802,136.70000000298023,,3512,0,0,NEEDS OPTIMISATION,3,above the fold; no effective cache-control for repeat visits
uk,desktop,/references,priority,image,https://pub-f1a143f96bfc47df8ff1ccd1aaea6671.r2.dev/brand/infravolt-wordmark-transparent.webp,true,3,true,1,lazy,,250,56,1040,235,200,image/webp,52456,,"""93441a0dddaf3276056bd01d677cc5c4""",3420.5,3517.60000000149,76,,3512,0,0,NEEDS OPTIMISATION,3,above the fold; no effective cache-control for repeat visits
uk,desktop,/references,priority,background-image,https://pub-f1a143f96bfc47df8ff1ccd1aaea6671.r2.dev/references/references-hero-background.webp,true,3,false,1,,,1920,370,,,200,image/webp,1706567,,"""d296047c93e61e2bbf517f93fa6b5c06""",3350.3000000044703,3453.7000000029802,103.39999999850988,,3512,1,0,CRITICAL,10,is the page LCP element on at least one run; CSS background-image (no native lazy-loading / responsive srcset available); large file (1.63 MB); no effective cache-control for repeat visits; fetched before scroll despite being below the fold (unnecessary initial-load bytes)
uk,mobile,/references,priority,image,https://pub-f1a143f96bfc47df8ff1ccd1aaea6671.r2.dev/brand/infravolt-wordmark-primary.webp,true,3,true,1,eager,,192,43,1040,235,200,image/webp,126044,,"""15ab34f45bad11445e87379fdf35c690""",2447.39999999851,2554.7999999970198,107.39999999850988,,2708,0,0,NEEDS OPTIMISATION,4,above the fold; mobile viewport; no effective cache-control for repeat visits
uk,mobile,/references,priority,image,http://uk.infravolt.localhost:3000/_next/image?url=https%3A%2F%2Fpub-f1a143f96bfc47df8ff1ccd1aaea6671.r2.dev%2Freferences%2Fcard%2Fglobal.webp&w=256&q=75,true,3,false,1,lazy,,173,97,195,127,200,image/webp,8942,"public, max-age=0, must-revalidate",5P4-Bda0SXCLLFTwMmTOHOLsBFjk-EIpMglkpMxBqBg,2578.10000000149,2592.10000000149,54.600000001490116,,2708,0,0,NEEDS OPTIMISATION,4,mobile viewport; no effective cache-control for repeat visits; fetched before scroll despite being below the fold (unnecessary initial-load bytes)
uk,mobile,/references,priority,image,http://uk.infravolt.localhost:3000/_next/image?url=https%3A%2F%2Fpub-f1a143f96bfc47df8ff1ccd1aaea6671.r2.dev%2Freferences%2Fcard%2Fsector-commercial-buildings.webp&w=256&q=75,true,3,false,1,lazy,,173,97,195,109,200,image/webp,9838,"public, max-age=0, must-revalidate",OD19U6bX12bkZQTz4P7DoNF09QvVSpxf4m1CUt7J0tU,2578.2000000029802,2676.10000000149,57,,2708,0,0,NEEDS OPTIMISATION,4,mobile viewport; no effective cache-control for repeat visits; fetched before scroll despite being below the fold (unnecessary initial-load bytes)
uk,mobile,/references,priority,image,http://uk.infravolt.localhost:3000/_next/image?url=https%3A%2F%2Fpub-f1a143f96bfc47df8ff1ccd1aaea6671.r2.dev%2Freferences%2Fcard%2Fsector-energy-utilities.webp&w=256&q=75,true,3,false,1,lazy,,173,97,195,109,200,image/webp,8184,"public, max-age=0, must-revalidate",SLHvLJO2-MpfTnsiEkjmxquYYQYmmZnTmM4Qrf1sU3c,2578.3000000044703,2688.10000000149,68.80000000447035,,2708,0,0,NEEDS OPTIMISATION,4,mobile viewport; no effective cache-control for repeat visits; fetched before scroll despite being below the fold (unnecessary initial-load bytes)
uk,mobile,/references,priority,image,http://uk.infravolt.localhost:3000/_next/image?url=https%3A%2F%2Fpub-f1a143f96bfc47df8ff1ccd1aaea6671.r2.dev%2Freferences%2Fcard%2Fsector-airports.webp&w=256&q=75,true,3,false,1,lazy,,173,97,195,109,200,image/webp,4918,"public, max-age=0, must-revalidate",ZS5PDZTq-5AVTChbq2YYmiTwisn_APV25are3ARiK_E,2578.39999999851,2681.60000000149,62.20000000298023,,2708,0,0,NEEDS OPTIMISATION,4,mobile viewport; no effective cache-control for repeat visits; fetched before scroll despite being below the fold (unnecessary initial-load bytes)
uk,mobile,/references,priority,image,http://uk.infravolt.localhost:3000/_next/image?url=https%3A%2F%2Fpub-f1a143f96bfc47df8ff1ccd1aaea6671.r2.dev%2Freferences%2Fcard%2Fsector-rail-metro.webp&w=256&q=75,true,3,false,1,lazy,,173,97,195,109,200,image/webp,6636,"public, max-age=0, must-revalidate",32MedIAGhbovzl6CVE5eMo8y3MgKhVlA_zwGA8mdm6k,2578.5,2713.7999999970198,94.29999999701977,,2708,0,0,NEEDS OPTIMISATION,4,mobile viewport; no effective cache-control for repeat visits; fetched before scroll despite being below the fold (unnecessary initial-load bytes)
uk,mobile,/references,priority,image,http://uk.infravolt.localhost:3000/_next/image?url=https%3A%2F%2Fpub-f1a143f96bfc47df8ff1ccd1aaea6671.r2.dev%2Freferences%2Fcard%2Fsector-industrial-facilities.webp&w=256&q=75,true,3,false,1,lazy,,173,97,195,109,200,image/webp,9124,"public, max-age=0, must-revalidate",pFsSrOCCEl4LOvSf-pLGUd9l_ykCveZAgIMxOwFlMr4,2578.60000000149,2721.5,102,,2708,0,0,NEEDS OPTIMISATION,4,mobile viewport; no effective cache-control for repeat visits; fetched before scroll despite being below the fold (unnecessary initial-load bytes)
uk,mobile,/references,priority,image,http://uk.infravolt.localhost:3000/_next/image?url=https%3A%2F%2Fpub-f1a143f96bfc47df8ff1ccd1aaea6671.r2.dev%2Freferences%2Fcard%2Fsector-oil-gas.webp&w=256&q=75,true,3,false,1,lazy,,173,97,195,109,200,image/webp,8524,"public, max-age=0, must-revalidate",ISai7SoI0FmuwGg5mzKmGAAIOUUC2lV9lrkmokFNjnE,2578.7000000029802,2722.39999999851,102.29999999701977,,2708,0,0,NEEDS OPTIMISATION,4,mobile viewport; no effective cache-control for repeat visits; fetched before scroll despite being below the fold (unnecessary initial-load bytes)
uk,mobile,/references,priority,image,http://uk.infravolt.localhost:3000/_next/image?url=https%3A%2F%2Fpub-f1a143f96bfc47df8ff1ccd1aaea6671.r2.dev%2Freferences%2Fcard%2Fsector-healthcare.webp&w=256&q=75,true,3,false,1,lazy,,173,97,195,109,200,image/webp,5458,"public, max-age=0, must-revalidate",VXqOPCUEI4VKObndD-h8DmzsaMEFq_0CklJjVI1IOO4,2578.89999999851,2723.2999999970198,102.69999999552965,,2708,0,0,NEEDS OPTIMISATION,4,mobile viewport; no effective cache-control for repeat visits; fetched before scroll despite being below the fold (unnecessary initial-load bytes)
uk,mobile,/references,priority,image,http://uk.infravolt.localhost:3000/_next/image?url=https%3A%2F%2Fpub-f1a143f96bfc47df8ff1ccd1aaea6671.r2.dev%2Freferences%2Fcard%2Fsector-data-centres.webp&w=256&q=75,true,3,false,1,lazy,,173,97,195,109,200,image/webp,6740,"public, max-age=0, must-revalidate",AB3-zc3LqldjQqJuhFUE3Jx3B2LpGW8JUn4yNuLTZTo,2579.10000000149,2729.1999999955297,108.19999999552965,,2708,0,0,NEEDS OPTIMISATION,4,mobile viewport; no effective cache-control for repeat visits; fetched before scroll despite being below the fold (unnecessary initial-load bytes)
uk,mobile,/references,priority,image,http://uk.infravolt.localhost:3000/_next/image?url=https%3A%2F%2Fpub-f1a143f96bfc47df8ff1ccd1aaea6671.r2.dev%2Freferences%2Fcard%2Fsector-public-educational-infrastructure.webp&w=256&q=75,true,3,false,1,lazy,,173,97,195,109,200,image/webp,8360,"public, max-age=0, must-revalidate",ynwMH2A7CcpPkADN_2fCWDBZVEbkFs3ju1Jj4mRzgl4,2579.2000000029802,2730.2999999970198,109.10000000149012,,2708,0,0,NEEDS OPTIMISATION,4,mobile viewport; no effective cache-control for repeat visits; fetched before scroll despite being below the fold (unnecessary initial-load bytes)
uk,mobile,/references,priority,image,http://uk.infravolt.localhost:3000/_next/image?url=https%3A%2F%2Fpub-f1a143f96bfc47df8ff1ccd1aaea6671.r2.dev%2Freferences%2Fearthing-lightning%2Fcompanies%2Fsite-ready%2F06-1-dubai-and-northern-emirates.webp&w=256&q=75,true,3,false,1,lazy,,138,68,179,53,200,image/webp,2488,"public, max-age=0, must-revalidate",mddM5YQgWs-f4KffpsWPQql3XPaMVO6s3NWFiE0GdK0,2579.39999999851,2731.10000000149,109.80000000447035,,2708,0,0,NEEDS OPTIMISATION,4,mobile viewport; no effective cache-control for repeat visits; fetched before scroll despite being below the fold (unnecessary initial-load bytes)
uk,mobile,/references,priority,image,http://uk.infravolt.localhost:3000/_next/image?url=https%3A%2F%2Fpub-f1a143f96bfc47df8ff1ccd1aaea6671.r2.dev%2Freferences%2Fearthing-lightning%2Fcompanies%2Fsite-ready%2F09-3m-colombia-s-a.webp&w=256&q=75,true,3,false,1,lazy,,138,68,179,103,200,image/webp,2306,"public, max-age=0, must-revalidate",tMp8ed1l7_Z8UwgeZpcjGNyCpdVFdZazGvmDY5NFPqg,2579.60000000149,2738.1999999955297,116.79999999701977,,2708,0,0,NEEDS OPTIMISATION,4,mobile viewport; no effective cache-control for repeat visits; fetched before scroll despite being below the fold (unnecessary initial-load bytes)
uk,mobile,/references,priority,image,http://uk.infravolt.localhost:3000/_next/image?url=https%3A%2F%2Fpub-f1a143f96bfc47df8ff1ccd1aaea6671.r2.dev%2Freferences%2Fearthing-lightning%2Fcompanies%2Fsite-ready%2F07-abb-industries-llc.webp&w=256&q=75,true,3,false,1,lazy,,138,68,179,77,200,image/webp,2278,"public, max-age=0, must-revalidate",fT1msofeBmsFUDHOA0NTLOiunKWtgMsinB3FrINveog,2579.60000000149,2739,117.5,,2708,0,0,NEEDS OPTIMISATION,4,mobile viewport; no effective cache-control for repeat visits; fetched before scroll despite being below the fold (unnecessary initial-load bytes)
uk,mobile,/references,priority,image,http://uk.infravolt.localhost:3000/_next/image?url=https%3A%2F%2Fpub-f1a143f96bfc47df8ff1ccd1aaea6671.r2.dev%2Freferences%2Fearthing-lightning%2Fcompanies%2Fsite-ready%2F30-abu-dhabi-national-oil-company.webp&w=256&q=75,true,3,false,1,lazy,,138,68,179,215,200,image/webp,4196,"public, max-age=0, must-revalidate",ktBF14oHQbAnHA-yfePmMWilh12oeN97okOiWAlNtd4,2579.7000000029802,2739.7999999970198,118.19999999552965,,2708,0,0,NEEDS OPTIMISATION,4,mobile viewport; no effective cache-control for repeat visits; fetched before scroll despite being below the fold (unnecessary initial-load bytes)
uk,mobile,/references,priority,image,http://uk.infravolt.localhost:3000/_next/image?url=https%3A%2F%2Fpub-f1a143f96bfc47df8ff1ccd1aaea6671.r2.dev%2Freferences%2Fearthing-lightning%2Fcompanies%2Fsite-ready%2F41-abu-dhabi-water-and-electricity-authority.webp&w=256&q=75,true,3,false,1,lazy,,138,68,179,114,200,image/webp,3882,"public, max-age=0, must-revalidate",ro_rKFW8lZSy6-6EZ9Oxn2-JEeUHoGt49xkHPUob46c,2579.89999999851,2745,123.20000000298023,,2708,0,0,NEEDS OPTIMISATION,4,mobile viewport; no effective cache-control for repeat visits; fetched before scroll despite being below the fold (unnecessary initial-load bytes)
uk,mobile,/references,priority,image,http://uk.infravolt.localhost:3000/_next/image?url=https%3A%2F%2Fpub-f1a143f96bfc47df8ff1ccd1aaea6671.r2.dev%2Freferences%2Fearthing-lightning%2Fcompanies%2Fsite-ready%2F01-alstom-power-systems.webp&w=256&q=75,true,3,false,1,lazy,,138,68,179,42,200,image/webp,2396,"public, max-age=0, must-revalidate",aFwYQHGc_wsMISuKbD9WdJ-k-p0kNQOsGXdcd-V9lsw,2579.89999999851,2746.10000000149,124.30000000447035,,2708,0,0,NEEDS OPTIMISATION,4,mobile viewport; no effective cache-control for repeat visits; fetched before scroll despite being below the fold (unnecessary initial-load bytes)
uk,mobile,/references,priority,image,http://uk.infravolt.localhost:3000/_next/image?url=https%3A%2F%2Fpub-f1a143f96bfc47df8ff1ccd1aaea6671.r2.dev%2Freferences%2Fbusbar%2Fcompanies%2Fcomaple.png&w=256&q=75,true,3,false,1,lazy,,138,68,179,93,200,image/webp,2710,"public, max-age=0, must-revalidate",cffBJqwcjnY3cdhL-Pv0OITQPKExBbxT0sgh2YscNLE,2580.10000000149,2747.2999999970198,125.29999999701977,,2708,0,0,NEEDS OPTIMISATION,4,mobile viewport; no effective cache-control for repeat visits; fetched before scroll despite being below the fold (unnecessary initial-load bytes)
uk,mobile,/references,priority,image,http://uk.infravolt.localhost:3000/_next/image?url=https%3A%2F%2Fpub-f1a143f96bfc47df8ff1ccd1aaea6671.r2.dev%2Freferences%2Fearthing-lightning%2Fcompanies%2Fsite-ready%2F23-croon-tbi-techniek.webp&w=256&q=75,true,3,false,1,lazy,,138,68,179,79,200,image/webp,2598,"public, max-age=0, must-revalidate",kxVKy7N68-RMup2fcyugFg5zbxzQ0_LYD4JH8q67UMk,2580.3000000044703,2753.5,131.20000000298023,,2708,0,0,NEEDS OPTIMISATION,4,mobile viewport; no effective cache-control for repeat visits; fetched before scroll despite being below the fold (unnecessary initial-load bytes)
uk,mobile,/references,priority,image,http://uk.infravolt.localhost:3000/_next/image?url=https%3A%2F%2Fpub-f1a143f96bfc47df8ff1ccd1aaea6671.r2.dev%2Freferences%2Fearthing-lightning%2Fcompanies%2Flow-resolution%2F12-denge-energy-ltd.webp&w=256&q=75,true,3,false,1,lazy,,138,68,179,63,200,image/webp,2794,"public, max-age=0, must-revalidate",7HkWwKLhLnsxxQTtZIIMds2O7OMD_WwrLRqv7PClK4E,2580.3000000044703,2754.60000000149,132.10000000149012,,2708,0,0,NEEDS OPTIMISATION,4,mobile viewport; no effective cache-control for repeat visits; fetched before scroll despite being below the fold (unnecessary initial-load bytes)
uk,mobile,/references,priority,image,http://uk.infravolt.localhost:3000/_next/image?url=https%3A%2F%2Fpub-f1a143f96bfc47df8ff1ccd1aaea6671.r2.dev%2Freferences%2Fearthing-lightning%2Fcompanies%2Fsite-ready%2F37-dubai-electricity-and-water-authority-dewa.webp&w=256&q=75,true,3,false,1,lazy,,138,68,157,223,200,image/webp,4200,"public, max-age=0, must-revalidate",YJKO8csELNC6H3_4WhENSQLaLwV-wv4_89Dl_VCcwnw,2580.89999999851,2755.60000000149,132.90000000596046,,2708,0,0,NEEDS OPTIMISATION,4,mobile viewport; no effective cache-control for repeat visits; fetched before scroll despite being below the fold (unnecessary initial-load bytes)
uk,mobile,/references,priority,image,http://uk.infravolt.localhost:3000/_next/image?url=https%3A%2F%2Fpub-f1a143f96bfc47df8ff1ccd1aaea6671.r2.dev%2Freferences%2Fearthing-lightning%2Fcompanies%2Fsite-ready%2F28-electricity-and-water-authority-ewa.webp&w=256&q=75,true,3,false,1,lazy,,138,68,179,69,200,image/webp,5128,"public, max-age=0, must-revalidate",vSSBRnYg8vmK8H7Kx45t2tmwM59YiW0rHqkoofb066I,2581.10000000149,2762.39999999851,139.5,,2708,0,0,NEEDS OPTIMISATION,4,mobile viewport; no effective cache-control for repeat visits; fetched before scroll despite being below the fold (unnecessary initial-load bytes)
uk,mobile,/references,priority,image,http://uk.infravolt.localhost:3000/_next/image?url=https%3A%2F%2Fpub-f1a143f96bfc47df8ff1ccd1aaea6671.r2.dev%2Freferences%2Fearthing-lightning%2Fcompanies%2Fsite-ready%2F18-electromechanical-and-technical-associates-co-ltd.webp&w=256&q=75,true,3,false,1,lazy,,138,68,179,96,200,image/webp,3422,"public, max-age=0, must-revalidate",j-m9dms-0-csXCDV09ifViJd-sw0QdZgis6ezeyNE0c,2581.3000000044703,2763.60000000149,140.5,,2708,0,0,NEEDS OPTIMISATION,4,mobile viewport; no effective cache-control for repeat visits; fetched before scroll despite being below the fold (unnecessary initial-load bytes)
uk,mobile,/references,priority,image,http://uk.infravolt.localhost:3000/_next/image?url=https%3A%2F%2Fpub-f1a143f96bfc47df8ff1ccd1aaea6671.r2.dev%2Freferences%2Fearthing-lightning%2Fcompanies%2Flow-resolution%2F29-emirates-electrical-engineering-llc.webp&w=256&q=75,true,3,false,1,lazy,,138,68,179,145,200,image/webp,3480,"public, max-age=0, must-revalidate",X4HHp0JW9JPFDtxVkowc-Z7YxGuSoKOiMQ50aC__xn0,2581.5,2764.2999999970198,141.19999999552965,,2708,0,0,NEEDS OPTIMISATION,4,mobile viewport; no effective cache-control for repeat visits; fetched before scroll despite being below the fold (unnecessary initial-load bytes)
uk,mobile,/references,priority,image,http://uk.infravolt.localhost:3000/_next/image?url=https%3A%2F%2Fpub-f1a143f96bfc47df8ff1ccd1aaea6671.r2.dev%2Freferences%2Fbusbar%2Fcompanies%2Fenerflex.png&w=256&q=75,true,3,false,1,lazy,,138,68,179,86,200,image/webp,1588,"public, max-age=0, must-revalidate",NaIj8snYLWgJrEqSrrLZDHAa_Ky4oMIUHaeYYoPP1R8,2581.5,2769.89999999851,146.60000000149012,,2708,0,0,NEEDS OPTIMISATION,4,mobile viewport; no effective cache-control for repeat visits; fetched before scroll despite being below the fold (unnecessary initial-load bytes)
uk,mobile,/references,priority,image,http://uk.infravolt.localhost:3000/_next/image?url=https%3A%2F%2Fpub-f1a143f96bfc47df8ff1ccd1aaea6671.r2.dev%2Freferences%2Fearthing-lightning%2Fcompanies%2Fsite-ready%2F21-ensytec.webp&w=256&q=75,true,3,false,1,lazy,,138,68,179,58,200,image/webp,1922,"public, max-age=0, must-revalidate",tUCuyZDrEa-29FFGVZXs0YeiiMsahdysXSI-5LNYEY8,2581.60000000149,2770.7999999970198,147.39999999850988,,2708,0,0,NEEDS OPTIMISATION,4,mobile viewport; no effective cache-control for repeat visits; fetched before scroll despite being below the fold (unnecessary initial-load bytes)
uk,mobile,/references,priority,image,http://uk.infravolt.localhost:3000/_next/image?url=https%3A%2F%2Fpub-f1a143f96bfc47df8ff1ccd1aaea6671.r2.dev%2Freferences%2Fearthing-lightning%2Fcompanies%2Flow-resolution%2F20-ets-caporal-et-moretti-s-a-l.webp&w=256&q=75,true,3,false,1,lazy,,138,68,179,115,200,image/webp,4348,"public, max-age=0, must-revalidate",Vi0f19L_P4Ul2BLNpysdYsglddvpFm75e-e4CjRyXeo,2581.7000000029802,2771.2999999970198,147.79999999701977,,2708,0,0,NEEDS OPTIMISATION,4,mobile viewport; no effective cache-control for repeat visits; fetched before scroll despite being below the fold (unnecessary initial-load bytes)
uk,mobile,/references,priority,image,http://uk.infravolt.localhost:3000/_next/image?url=https%3A%2F%2Fpub-f1a143f96bfc47df8ff1ccd1aaea6671.r2.dev%2Freferences%2Fearthing-lightning%2Fcompanies%2Fsite-ready%2F14-eurostrut-e-strut-b-v.webp&w=256&q=75,true,3,false,1,lazy,,138,68,179,37,200,image/webp,2490,"public, max-age=0, must-revalidate",fKpt3r3JUaSlt-hCauJ5qlF7-CcwAviGpai2fsOTul4,2581.8000000044703,2773.60000000149,150,,2708,0,0,NEEDS OPTIMISATION,4,mobile viewport; no effective cache-control for repeat visits; fetched before scroll despite being below the fold (unnecessary initial-load bytes)
uk,mobile,/references,priority,image,http://uk.infravolt.localhost:3000/_next/image?url=https%3A%2F%2Fpub-f1a143f96bfc47df8ff1ccd1aaea6671.r2.dev%2Freferences%2Fearthing-lightning%2Fcompanies%2Flow-resolution%2F38-extol-international-l-l-c.webp&w=256&q=75,true,3,false,1,lazy,,138,68,179,54,200,image/webp,1988,"public, max-age=0, must-revalidate",m9EKCd8_ZFHRA67edoWFxAx46uG9cx9KR-rn1RKiT9k,2581.89999999851,2774,150.20000000298023,,2708,0,0,NEEDS OPTIMISATION,4,mobile viewport; no effective cache-control for repeat visits; fetched before scroll despite being below the fold (unnecessary initial-load bytes)
uk,mobile,/references,priority,image,http://uk.infravolt.localhost:3000/_next/image?url=https%3A%2F%2Fpub-f1a143f96bfc47df8ff1ccd1aaea6671.r2.dev%2Freferences%2Fbusbar%2Fcompanies%2Fhitachi.png&w=256&q=75,true,3,false,1,lazy,,138,68,179,70,200,image/webp,2600,"public, max-age=0, must-revalidate",CnhxBcM_3mm_wZrrureBd3G_WUmRvV2dWmLhfmOXhJI,2582,2774.89999999851,151,,2708,0,0,NEEDS OPTIMISATION,4,mobile viewport; no effective cache-control for repeat visits; fetched before scroll despite being below the fold (unnecessary initial-load bytes)
uk,mobile,/references,priority,image,http://uk.infravolt.localhost:3000/_next/image?url=https%3A%2F%2Fpub-f1a143f96bfc47df8ff1ccd1aaea6671.r2.dev%2Freferences%2Fbusbar%2Fcompanies%2Fhp-busbars.png&w=256&q=75,true,3,false,1,lazy,,138,68,179,128,200,image/webp,2446,"public, max-age=0, must-revalidate",vLOaNTyqMap3HP9BA59MKhO3GhlyevvmQzLXwPv9fkQ,2582.10000000149,2776,151.89999999850988,,2708,0,0,NEEDS OPTIMISATION,4,mobile viewport; no effective cache-control for repeat visits; fetched before scroll despite being below the fold (unnecessary initial-load bytes)
uk,mobile,/references,priority,image,http://uk.infravolt.localhost:3000/_next/image?url=https%3A%2F%2Fpub-f1a143f96bfc47df8ff1ccd1aaea6671.r2.dev%2Freferences%2Fearthing-lightning%2Fcompanies%2Flow-resolution%2F26-hussain-and-co.webp&w=256&q=75,true,3,false,0,lazy,,138,68,179,117,200,image/webp,3356,"public, max-age=0, must-revalidate",90Pso7EyoKqdBOdF_mcLgmyom6b3cuM7UDIqtGCqAhA,4178.5,4185.79999999702,7.299999997019768,,2708,0,0,GOOD,2,mobile viewport; no effective cache-control for repeat visits
uk,mobile,/references,priority,image,http://uk.infravolt.localhost:3000/_next/image?url=https%3A%2F%2Fpub-f1a143f96bfc47df8ff1ccd1aaea6671.r2.dev%2Freferences%2Fbusbar%2Fcompanies%2Fineos.png&w=256&q=75,true,3,false,0,lazy,,138,68,179,108,200,image/webp,3388,"public, max-age=0, must-revalidate",V-9KFT8e5bOxJSnKfHKR2MsGu0IEG5HD2UHPQIalWP8,4178.69999999553,4186.39999999851,7.700000002980232,,2708,0,0,GOOD,2,mobile viewport; no effective cache-control for repeat visits
uk,mobile,/references,priority,image,http://uk.infravolt.localhost:3000/_next/image?url=https%3A%2F%2Fpub-f1a143f96bfc47df8ff1ccd1aaea6671.r2.dev%2Freferences%2Fearthing-lightning%2Fcompanies%2Fsite-ready%2F27-kurgan-balt.webp&w=256&q=75,true,3,false,0,lazy,,138,68,179,67,200,image/webp,2646,"public, max-age=0, must-revalidate",yaTYYWaloZGRgHa1xfo3fz8ohJblxFZ_rf2x6FPicVY,4228.5,4236.39999999851,7.899999998509884,,2708,0,0,GOOD,2,mobile viewport; no effective cache-control for repeat visits
uk,mobile,/references,priority,image,http://uk.infravolt.localhost:3000/_next/image?url=https%3A%2F%2Fpub-f1a143f96bfc47df8ff1ccd1aaea6671.r2.dev%2Freferences%2Fearthing-lightning%2Fcompanies%2Fsite-ready%2F42-kuwait-national-petroleum-company-knpc.webp&w=256&q=75,true,3,false,0,lazy,,138,68,179,114,200,image/webp,3836,"public, max-age=0, must-revalidate",YZZqgJc_G7TcNYo4qiCCP5y6KKb2FdQRp3moajl18sA,4228.79999999702,4237.5,8.700000002980232,,2708,0,0,GOOD,2,mobile viewport; no effective cache-control for repeat visits
uk,mobile,/references,priority,image,http://uk.infravolt.localhost:3000/_next/image?url=https%3A%2F%2Fpub-f1a143f96bfc47df8ff1ccd1aaea6671.r2.dev%2Freferences%2Fearthing-lightning%2Fcompanies%2Fsite-ready%2F39-kuwait-oil-company-k-s-c.webp&w=256&q=75,true,3,false,0,lazy,,138,68,179,105,200,image/webp,6346,"public, max-age=0, must-revalidate",DeTKofHn0n_l9sF99xQsoGOg3h0LfJhdnuwoBhcqyFs,4245.60000000149,4251.29999999702,6,,2708,0,0,GOOD,2,mobile viewport; no effective cache-control for repeat visits
uk,mobile,/references,priority,image,http://uk.infravolt.localhost:3000/_next/image?url=https%3A%2F%2Fpub-f1a143f96bfc47df8ff1ccd1aaea6671.r2.dev%2Freferences%2Fbusbar%2Fcompanies%2Flarsen.png&w=256&q=75,true,3,false,0,lazy,,138,68,179,75,200,image/webp,2352,"public, max-age=0, must-revalidate",AKk1AOCrgPpJWI52k1nelhQd0161cE7E8xztLuQj4ys,4245.69999999553,4251.89999999851,6.399999998509884,,2708,0,0,GOOD,2,mobile viewport; no effective cache-control for repeat visits
uk,mobile,/references,priority,image,http://uk.infravolt.localhost:3000/_next/image?url=https%3A%2F%2Fpub-f1a143f96bfc47df8ff1ccd1aaea6671.r2.dev%2Freferences%2Fearthing-lightning%2Fcompanies%2Fsite-ready%2F33-lokys.webp&w=256&q=75,true,3,false,0,lazy,,138,68,179,50,200,image/webp,1822,"public, max-age=0, must-revalidate",LMMGyXAmJbOlzyTkrMqmXwVHOtIOFnNGosmk4I1KzOU,4262.89999999851,4269.5,6.600000001490116,,2708,0,0,GOOD,2,mobile viewport; no effective cache-control for repeat visits
uk,mobile,/references,priority,image,http://uk.infravolt.localhost:3000/_next/image?url=https%3A%2F%2Fpub-f1a143f96bfc47df8ff1ccd1aaea6671.r2.dev%2Freferences%2Fbusbar%2Fcompanies%2Fmaire.png&w=256&q=75,true,3,false,0,lazy,,138,68,179,68,200,image/webp,1542,"public, max-age=0, must-revalidate",Id7q-258lfEWMMKjaJeYjvS_qErWtW7pANdV-ARZeNc,4263,4270.19999999553,7.199999995529652,,2708,0,0,GOOD,2,mobile viewport; no effective cache-control for repeat visits
uk,mobile,/references,priority,image,http://uk.infravolt.localhost:3000/_next/image?url=https%3A%2F%2Fpub-f1a143f96bfc47df8ff1ccd1aaea6671.r2.dev%2Freferences%2Fearthing-lightning%2Fcompanies%2Flow-resolution%2F24-mana-control-co.webp&w=256&q=75,true,3,false,0,lazy,,138,68,179,66,200,image/webp,2950,"public, max-age=0, must-revalidate",VFaA7ydJnT-AYHQV3JJ9aoOmZZ_7zdp4ARAky32Wgdo,4280.19999999553,4286.89999999851,6.700000002980232,,2708,0,0,GOOD,2,mobile viewport; no effective cache-control for repeat visits
uk,mobile,/references,priority,image,http://uk.infravolt.localhost:3000/_next/image?url=https%3A%2F%2Fpub-f1a143f96bfc47df8ff1ccd1aaea6671.r2.dev%2Freferences%2Fearthing-lightning%2Fcompanies%2Fsite-ready%2F05-mitsubishi-electric-corpoation.webp&w=256&q=75,true,3,false,0,lazy,,138,68,179,58,200,image/webp,2978,"public, max-age=0, must-revalidate",yoXDCXHD-AY0IAcWZaOlWQcK_DhXNDeGzBunyTMgPaU,4280.39999999851,4287.39999999851,7,,2708,0,0,GOOD,2,mobile viewport; no effective cache-control for repeat visits
uk,mobile,/references,priority,image,https://pub-f1a143f96bfc47df8ff1ccd1aaea6671.r2.dev/brand/infravolt-wordmark-transparent.webp,true,3,true,0,lazy,,220,50,1040,235,200,image/webp,52456,,"""93441a0dddaf3276056bd01d677cc5c4""",4328,4378.79999999702,52.30000000447035,,2708,0,0,NEEDS OPTIMISATION,4,above the fold; mobile viewport; no effective cache-control for repeat visits
uk,mobile,/references,priority,background-image,https://pub-f1a143f96bfc47df8ff1ccd1aaea6671.r2.dev/references/references-hero-background.webp,true,3,false,1,,,390,245,,,200,image/webp,1706567,,"""d296047c93e61e2bbf517f93fa6b5c06""",2500.10000000149,2652.2000000029802,159.5,,2708,1,0,CRITICAL,11,is the page LCP element on at least one run; CSS background-image (no native lazy-loading / responsive srcset available); mobile viewport; large file (1.63 MB); no effective cache-control for repeat visits; fetched before scroll despite being below the fold (unnecessary initial-load bytes)
ua,desktop,/references,priority,image,https://pub-f1a143f96bfc47df8ff1ccd1aaea6671.r2.dev/brand/infravolt-wordmark-primary.webp,true,3,true,1,eager,,252,57,1040,235,200,image/webp,126044,,"""15ab34f45bad11445e87379fdf35c690""",650.3000000044703,770.2999999970198,99.69999999552965,,1000,0,0,NEEDS OPTIMISATION,3,above the fold; no effective cache-control for repeat visits
ua,desktop,/references,priority,image,http://ua.infravolt.localhost:3000/_next/image?url=https%3A%2F%2Fpub-f1a143f96bfc47df8ff1ccd1aaea6671.r2.dev%2Freferences%2Fcard%2Fglobal.webp&w=384&q=75,true,3,false,1,lazy,,280,157,384,251,200,image/webp,18580,"public, max-age=0, must-revalidate",oeS-dXCRFVTyLDWVWJXaZt0Et5fHqmRIkh65C6hK75s,778,793.3000000044703,15.300000004470348,,1000,0,0,NEEDS OPTIMISATION,3,no effective cache-control for repeat visits; fetched before scroll despite being below the fold (unnecessary initial-load bytes)
ua,desktop,/references,priority,image,http://ua.infravolt.localhost:3000/_next/image?url=https%3A%2F%2Fpub-f1a143f96bfc47df8ff1ccd1aaea6671.r2.dev%2Freferences%2Fcard%2Fsector-commercial-buildings.webp&w=384&q=75,true,3,false,1,lazy,,280,157,384,216,200,image/webp,19312,"public, max-age=0, must-revalidate",NbSButlBx4QfTMsB5h0I9h9cqeLfOC1TcMJuE2d8NNY,778.2000000029802,794.7000000029802,16.5,,1000,0,0,NEEDS OPTIMISATION,3,no effective cache-control for repeat visits; fetched before scroll despite being below the fold (unnecessary initial-load bytes)
ua,desktop,/references,priority,image,http://ua.infravolt.localhost:3000/_next/image?url=https%3A%2F%2Fpub-f1a143f96bfc47df8ff1ccd1aaea6671.r2.dev%2Freferences%2Fcard%2Fsector-energy-utilities.webp&w=384&q=75,true,3,false,1,lazy,,280,157,384,216,200,image/webp,16718,"public, max-age=0, must-revalidate",mr6fV9neobpL7WrfaTDLvvTbhVmynP9nl8pKXQfZyTs,778.2000000029802,796.6000000014901,18.399999998509884,,1000,0,0,NEEDS OPTIMISATION,3,no effective cache-control for repeat visits; fetched before scroll despite being below the fold (unnecessary initial-load bytes)
ua,desktop,/references,priority,image,http://ua.infravolt.localhost:3000/_next/image?url=https%3A%2F%2Fpub-f1a143f96bfc47df8ff1ccd1aaea6671.r2.dev%2Freferences%2Fcard%2Fsector-airports.webp&w=384&q=75,true,3,false,1,lazy,,280,157,384,216,200,image/webp,9876,"public, max-age=0, must-revalidate",6CsGscEmHy8KoSL34UH-w6MSbDql4frt_o-PzP-PVe4,778.3000000044703,797.1000000014901,19.30000000447035,,1000,0,0,NEEDS OPTIMISATION,3,no effective cache-control for repeat visits; fetched before scroll despite being below the fold (unnecessary initial-load bytes)
ua,desktop,/references,priority,image,http://ua.infravolt.localhost:3000/_next/image?url=https%3A%2F%2Fpub-f1a143f96bfc47df8ff1ccd1aaea6671.r2.dev%2Freferences%2Fcard%2Fsector-rail-metro.webp&w=384&q=75,true,3,false,1,lazy,,280,157,384,216,200,image/webp,12930,"public, max-age=0, must-revalidate",T9ATkjH7LQTryttVzdg6Er2DBht7Ds3x-5yEHuV4mFI,778.3999999985099,799.5,20.299999997019768,,1000,0,0,NEEDS OPTIMISATION,3,no effective cache-control for repeat visits; fetched before scroll despite being below the fold (unnecessary initial-load bytes)
ua,desktop,/references,priority,image,http://ua.infravolt.localhost:3000/_next/image?url=https%3A%2F%2Fpub-f1a143f96bfc47df8ff1ccd1aaea6671.r2.dev%2Freferences%2Fcard%2Fsector-industrial-facilities.webp&w=384&q=75,true,3,false,1,lazy,,280,157,384,216,200,image/webp,18748,"public, max-age=0, must-revalidate",GSF4rZUZ-0MyIElFO70mzuMlEGwKEuPtc3D-zG2uaj0,778.6000000014901,805.3999999985099,23.600000001490116,,1000,0,0,NEEDS OPTIMISATION,3,no effective cache-control for repeat visits; fetched before scroll despite being below the fold (unnecessary initial-load bytes)
ua,desktop,/references,priority,image,http://ua.infravolt.localhost:3000/_next/image?url=https%3A%2F%2Fpub-f1a143f96bfc47df8ff1ccd1aaea6671.r2.dev%2Freferences%2Fcard%2Fsector-oil-gas.webp&w=384&q=75,true,3,false,1,lazy,,280,157,384,216,200,image/webp,16548,"public, max-age=0, must-revalidate",GLfn2UcBeiFeK4OD3J4ecbR7QHXtTO-XlakjH0PJKns,778.7000000029802,811.8000000044703,33.79999999701977,,1000,0,0,NEEDS OPTIMISATION,3,no effective cache-control for repeat visits; fetched before scroll despite being below the fold (unnecessary initial-load bytes)
ua,desktop,/references,priority,image,http://ua.infravolt.localhost:3000/_next/image?url=https%3A%2F%2Fpub-f1a143f96bfc47df8ff1ccd1aaea6671.r2.dev%2Freferences%2Fcard%2Fsector-healthcare.webp&w=384&q=75,true,3,false,1,lazy,,280,157,384,216,200,image/webp,9728,"public, max-age=0, must-revalidate",VgVFs3XAXDXhlY7l7-mKai6TThWo-67MUNhEkYIAb3c,778.8000000044703,813.7000000029802,36.19999999552965,,1000,0,0,NEEDS OPTIMISATION,3,no effective cache-control for repeat visits; fetched before scroll despite being below the fold (unnecessary initial-load bytes)
ua,desktop,/references,priority,image,http://ua.infravolt.localhost:3000/_next/image?url=https%3A%2F%2Fpub-f1a143f96bfc47df8ff1ccd1aaea6671.r2.dev%2Freferences%2Fcard%2Fsector-data-centres.webp&w=384&q=75,true,3,false,1,lazy,,280,157,384,216,200,image/webp,13856,"public, max-age=0, must-revalidate",0TTPlUkFn52tLOcLO_mTb01jmKZOVe49hWyYvdIG8aw,778.8999999985099,814.3999999985099,35.5,,1000,0,0,NEEDS OPTIMISATION,3,no effective cache-control for repeat visits; fetched before scroll despite being below the fold (unnecessary initial-load bytes)
ua,desktop,/references,priority,image,http://ua.infravolt.localhost:3000/_next/image?url=https%3A%2F%2Fpub-f1a143f96bfc47df8ff1ccd1aaea6671.r2.dev%2Freferences%2Fcard%2Fsector-public-educational-infrastructure.webp&w=384&q=75,true,3,false,1,lazy,,280,157,384,216,200,image/webp,16456,"public, max-age=0, must-revalidate",BLe1xepYd8tWC71Aamvfgqji_mBcEqVhnA8oYaMRefI,779,815.3999999985099,37.79999999701977,,1000,0,0,NEEDS OPTIMISATION,3,no effective cache-control for repeat visits; fetched before scroll despite being below the fold (unnecessary initial-load bytes)
ua,desktop,/references,priority,image,http://ua.infravolt.localhost:3000/_next/image?url=https%3A%2F%2Fpub-f1a143f96bfc47df8ff1ccd1aaea6671.r2.dev%2Freferences%2Fearthing-lightning%2Fcompanies%2Fsite-ready%2F06-1-dubai-and-northern-emirates.webp&w=384&q=75,true,3,false,1,lazy,,240,88,345,104,200,image/webp,3622,"public, max-age=0, must-revalidate",y85mtne9Ias39fCOMDxKgdDphzU_R7OrcZ54ozPKPxU,779.1000000014901,817.2000000029802,38.100000001490116,,1000,0,0,NEEDS OPTIMISATION,3,no effective cache-control for repeat visits; fetched before scroll despite being below the fold (unnecessary initial-load bytes)
ua,desktop,/references,priority,image,http://ua.infravolt.localhost:3000/_next/image?url=https%3A%2F%2Fpub-f1a143f96bfc47df8ff1ccd1aaea6671.r2.dev%2Freferences%2Fearthing-lightning%2Fcompanies%2Fsite-ready%2F09-3m-colombia-s-a.webp&w=384&q=75,true,3,false,1,lazy,,240,88,261,151,200,image/webp,2632,"public, max-age=0, must-revalidate",tcJKBe6pN7bd9WVqRbMYr5Beyb6arZyg4MN2X_gfalU,779.2000000029802,823.7000000029802,41,,1000,0,0,NEEDS OPTIMISATION,3,no effective cache-control for repeat visits; fetched before scroll despite being below the fold (unnecessary initial-load bytes)
ua,desktop,/references,priority,image,http://ua.infravolt.localhost:3000/_next/image?url=https%3A%2F%2Fpub-f1a143f96bfc47df8ff1ccd1aaea6671.r2.dev%2Freferences%2Fearthing-lightning%2Fcompanies%2Fsite-ready%2F07-abb-industries-llc.webp&w=384&q=75,true,3,false,1,lazy,,240,88,345,150,200,image/webp,2910,"public, max-age=0, must-revalidate",SKaqkhBNTc5leHFCuxR0XaH2MK3FlHmJeenSYwF6laE,779.3000000044703,829.6000000014901,50.29999999701977,,1000,0,0,NEEDS OPTIMISATION,3,no effective cache-control for repeat visits; fetched before scroll despite being below the fold (unnecessary initial-load bytes)
ua,desktop,/references,priority,image,http://ua.infravolt.localhost:3000/_next/image?url=https%3A%2F%2Fpub-f1a143f96bfc47df8ff1ccd1aaea6671.r2.dev%2Freferences%2Fearthing-lightning%2Fcompanies%2Fsite-ready%2F30-abu-dhabi-national-oil-company.webp&w=384&q=75,true,3,false,1,lazy,,240,88,276,331,200,image/webp,5110,"public, max-age=0, must-revalidate",_YJCC47p7tLnQTRkSfDFS7KdYqeQ1mw45TcrTOpDxkg,779.3000000044703,830.8999999985099,51.599999994039536,,1000,0,0,NEEDS OPTIMISATION,3,no effective cache-control for repeat visits; fetched before scroll despite being below the fold (unnecessary initial-load bytes)
ua,desktop,/references,priority,image,http://ua.infravolt.localhost:3000/_next/image?url=https%3A%2F%2Fpub-f1a143f96bfc47df8ff1ccd1aaea6671.r2.dev%2Freferences%2Fearthing-lightning%2Fcompanies%2Fsite-ready%2F41-abu-dhabi-water-and-electricity-authority.webp&w=384&q=75,true,3,false,1,lazy,,240,88,345,221,200,image/webp,5822,"public, max-age=0, must-revalidate",P7rh4HWrP5yMnHeY44rJ8Jnkq4vg2lMjx9rkcRYv18w,779.3999999985099,831.3999999985099,52,,1000,0,0,NEEDS OPTIMISATION,3,no effective cache-control for repeat visits; fetched before scroll despite being below the fold (unnecessary initial-load bytes)
ua,desktop,/references,priority,image,http://ua.infravolt.localhost:3000/_next/image?url=https%3A%2F%2Fpub-f1a143f96bfc47df8ff1ccd1aaea6671.r2.dev%2Freferences%2Fearthing-lightning%2Fcompanies%2Fsite-ready%2F01-alstom-power-systems.webp&w=384&q=75,true,3,false,1,lazy,,240,88,345,81,200,image/webp,3330,"public, max-age=0, must-revalidate",W3UdPGT0fvizvhl8QxaDUvk2cgtOiMO6Sqh9YDsnagQ,779.5,832.3000000044703,52.80000000447035,,1000,0,0,NEEDS OPTIMISATION,3,no effective cache-control for repeat visits; fetched before scroll despite being below the fold (unnecessary initial-load bytes)
ua,desktop,/references,priority,image,http://ua.infravolt.localhost:3000/_next/image?url=https%3A%2F%2Fpub-f1a143f96bfc47df8ff1ccd1aaea6671.r2.dev%2Freferences%2Fbusbar%2Fcompanies%2Fcomaple.png&w=384&q=75,true,3,false,1,lazy,,240,88,271,142,200,image/webp,3586,"public, max-age=0, must-revalidate",FXsJXmpwjlps-d6bG7o3TfN4P_WtMjzO8W7dvV1YBRU,779.6000000014901,834.3999999985099,54.79999999701977,,1000,0,0,NEEDS OPTIMISATION,3,no effective cache-control for repeat visits; fetched before scroll despite being below the fold (unnecessary initial-load bytes)
ua,desktop,/references,priority,image,http://ua.infravolt.localhost:3000/_next/image?url=https%3A%2F%2Fpub-f1a143f96bfc47df8ff1ccd1aaea6671.r2.dev%2Freferences%2Fearthing-lightning%2Fcompanies%2Fsite-ready%2F23-croon-tbi-techniek.webp&w=384&q=75,true,3,false,1,lazy,,240,88,345,153,200,image/webp,3728,"public, max-age=0, must-revalidate",eFLBPtYw6eSzU-95BuG0ZeDGK1IGNIh0eU4F7w3sRC4,779.7000000029802,838.7000000029802,59,,1000,0,0,NEEDS OPTIMISATION,3,no effective cache-control for repeat visits; fetched before scroll despite being below the fold (unnecessary initial-load bytes)
ua,desktop,/references,priority,image,http://ua.infravolt.localhost:3000/_next/image?url=https%3A%2F%2Fpub-f1a143f96bfc47df8ff1ccd1aaea6671.r2.dev%2Freferences%2Fearthing-lightning%2Fcompanies%2Flow-resolution%2F12-denge-energy-ltd.webp&w=384&q=75,true,3,false,1,lazy,,240,88,345,123,200,image/webp,3914,"public, max-age=0, must-revalidate",GJ4ZJJdClvl1B2u4H6ojsrTW5rem9Y1pgwAw-wKDaoI,779.8000000044703,847.2000000029802,67.39999999850988,,1000,0,0,NEEDS OPTIMISATION,3,no effective cache-control for repeat visits; fetched before scroll despite being below the fold (unnecessary initial-load bytes)
ua,desktop,/references,priority,image,http://ua.infravolt.localhost:3000/_next/image?url=https%3A%2F%2Fpub-f1a143f96bfc47df8ff1ccd1aaea6671.r2.dev%2Freferences%2Fearthing-lightning%2Fcompanies%2Fsite-ready%2F37-dubai-electricity-and-water-authority-dewa.webp&w=384&q=75,true,3,false,1,lazy,,240,88,202,287,200,image/webp,4200,"public, max-age=0, must-revalidate",YJKO8csELNC6H3_4WhENSQLaLwV-wv4_89Dl_VCcwnw,779.8000000044703,847.8999999985099,68.09999999403954,,1000,0,0,NEEDS OPTIMISATION,3,no effective cache-control for repeat visits; fetched before scroll despite being below the fold (unnecessary initial-load bytes)
ua,desktop,/references,priority,image,http://ua.infravolt.localhost:3000/_next/image?url=https%3A%2F%2Fpub-f1a143f96bfc47df8ff1ccd1aaea6671.r2.dev%2Freferences%2Fearthing-lightning%2Fcompanies%2Fsite-ready%2F28-electricity-and-water-authority-ewa.webp&w=384&q=75,true,3,false,1,lazy,,240,88,345,133,200,image/webp,8200,"public, max-age=0, must-revalidate",fEzwcbTZzhSKqZsK8gkBZbHD-HESMLnArAPaEc5-XzI,779.8999999985099,848.8000000044703,68.90000000596046,,1000,0,0,NEEDS OPTIMISATION,3,no effective cache-control for repeat visits; fetched before scroll despite being below the fold (unnecessary initial-load bytes)
ua,desktop,/references,priority,image,http://ua.infravolt.localhost:3000/_next/image?url=https%3A%2F%2Fpub-f1a143f96bfc47df8ff1ccd1aaea6671.r2.dev%2Freferences%2Fearthing-lightning%2Fcompanies%2Fsite-ready%2F18-electromechanical-and-technical-associates-co-ltd.webp&w=384&q=75,true,3,false,1,lazy,,240,88,345,185,200,image/webp,5186,"public, max-age=0, must-revalidate",8BwYSwhSC7v5n9xA8dtrKC1R6h1e10HVbDKhjhq_rBs,780,849.7000000029802,69.70000000298023,,1000,0,0,NEEDS OPTIMISATION,3,no effective cache-control for repeat visits; fetched before scroll despite being below the fold (unnecessary initial-load bytes)
ua,desktop,/references,priority,image,http://ua.infravolt.localhost:3000/_next/image?url=https%3A%2F%2Fpub-f1a143f96bfc47df8ff1ccd1aaea6671.r2.dev%2Freferences%2Fearthing-lightning%2Fcompanies%2Flow-resolution%2F29-emirates-electrical-engineering-llc.webp&w=384&q=75,true,3,false,1,lazy,,240,88,345,279,200,image/webp,5324,"public, max-age=0, must-revalidate",JzdCAO44uy54czFU18OWxiQ61JDlCExsk-L1oLe09N4,780.1000000014901,853.3000000044703,71.40000000596046,,1000,0,0,NEEDS OPTIMISATION,3,no effective cache-control for repeat visits; fetched before scroll despite being below the fold (unnecessary initial-load bytes)
ua,desktop,/references,priority,image,http://ua.infravolt.localhost:3000/_next/image?url=https%3A%2F%2Fpub-f1a143f96bfc47df8ff1ccd1aaea6671.r2.dev%2Freferences%2Fbusbar%2Fcompanies%2Fenerflex.png&w=384&q=75,true,3,false,1,lazy,,240,88,303,145,200,image/webp,1848,"public, max-age=0, must-revalidate",Qp0W84KCXCRht48hMYUdIwAKAinUYtWHOLKTp6OVkM8,780.2000000029802,857.5,71.5,,1000,0,0,NEEDS OPTIMISATION,3,no effective cache-control for repeat visits; fetched before scroll despite being below the fold (unnecessary initial-load bytes)
ua,desktop,/references,priority,image,http://ua.infravolt.localhost:3000/_next/image?url=https%3A%2F%2Fpub-f1a143f96bfc47df8ff1ccd1aaea6671.r2.dev%2Freferences%2Fearthing-lightning%2Fcompanies%2Fsite-ready%2F21-ensytec.webp&w=384&q=75,true,3,false,1,lazy,,240,88,345,113,200,image/webp,2782,"public, max-age=0, must-revalidate",oAOFUdgADOP-1RkdY5Mb9Vll-hEm5-Iy1pzL9zj_Rqo,780.2000000029802,865.2000000029802,85,,1000,0,0,NEEDS OPTIMISATION,3,no effective cache-control for repeat visits; fetched before scroll despite being below the fold (unnecessary initial-load bytes)
ua,desktop,/references,priority,image,http://ua.infravolt.localhost:3000/_next/image?url=https%3A%2F%2Fpub-f1a143f96bfc47df8ff1ccd1aaea6671.r2.dev%2Freferences%2Fearthing-lightning%2Fcompanies%2Flow-resolution%2F20-ets-caporal-et-moretti-s-a-l.webp&w=384&q=75,true,3,true,1,lazy,,240,88,345,223,200,image/webp,7596,"public, max-age=0, must-revalidate",RvdEUPVEu6ohu2XREc1rKJZErBdsxMXAFd3Gf98fYqc,780.3999999985099,866.1000000014901,85.70000000298023,,1000,0,0,NEEDS OPTIMISATION,3,above the fold; no effective cache-control for repeat visits
ua,desktop,/references,priority,image,http://ua.infravolt.localhost:3000/_next/image?url=https%3A%2F%2Fpub-f1a143f96bfc47df8ff1ccd1aaea6671.r2.dev%2Freferences%2Fearthing-lightning%2Fcompanies%2Fsite-ready%2F14-eurostrut-e-strut-b-v.webp&w=384&q=75,true,3,true,1,lazy,,240,88,345,72,200,image/webp,4008,"public, max-age=0, must-revalidate",pmDPIOR01cJfQzfxyigRzf2j5064crRh6_TvIIfi9lM,780.5,867,86.5,,1000,0,0,NEEDS OPTIMISATION,3,above the fold; no effective cache-control for repeat visits
ua,desktop,/references,priority,image,http://ua.infravolt.localhost:3000/_next/image?url=https%3A%2F%2Fpub-f1a143f96bfc47df8ff1ccd1aaea6671.r2.dev%2Freferences%2Fearthing-lightning%2Fcompanies%2Flow-resolution%2F38-extol-international-l-l-c.webp&w=384&q=75,true,3,true,1,lazy,,240,88,345,104,200,image/webp,2832,"public, max-age=0, must-revalidate",Fs4c1xVrbIS2gw8quboounPwsh2667YnGFDo-kGWtXA,780.5,869.3000000044703,88.80000000447035,,1000,0,0,NEEDS OPTIMISATION,3,above the fold; no effective cache-control for repeat visits
ua,desktop,/references,priority,image,http://ua.infravolt.localhost:3000/_next/image?url=https%3A%2F%2Fpub-f1a143f96bfc47df8ff1ccd1aaea6671.r2.dev%2Freferences%2Fbusbar%2Fcompanies%2Fhitachi.png&w=384&q=75,true,3,true,1,lazy,,240,88,244,96,200,image/webp,2890,"public, max-age=0, must-revalidate",OnP2Q2vkpsPqr7D4pBmfv4SJZUZBdi-SNsuJ4B1NsMg,780.7000000029802,870,89.29999999701977,,1000,0,0,NEEDS OPTIMISATION,3,above the fold; no effective cache-control for repeat visits
ua,desktop,/references,priority,image,http://ua.infravolt.localhost:3000/_next/image?url=https%3A%2F%2Fpub-f1a143f96bfc47df8ff1ccd1aaea6671.r2.dev%2Freferences%2Fbusbar%2Fcompanies%2Fhp-busbars.png&w=384&q=75,true,3,true,1,lazy,,240,88,244,176,200,image/webp,2632,"public, max-age=0, must-revalidate",E9aXv7aJ3KQHysDpBGEUpP2rjuTV3UggcS1Fdh0hseE,780.8000000044703,874.7000000029802,93.89999999850988,,1000,0,0,NEEDS OPTIMISATION,3,above the fold; no effective cache-control for repeat visits
ua,desktop,/references,priority,image,http://ua.infravolt.localhost:3000/_next/image?url=https%3A%2F%2Fpub-f1a143f96bfc47df8ff1ccd1aaea6671.r2.dev%2Freferences%2Fearthing-lightning%2Fcompanies%2Flow-resolution%2F26-hussain-and-co.webp&w=384&q=75,true,3,true,1,lazy,,240,88,345,225,200,image/webp,4794,"public, max-age=0, must-revalidate",wKRTOYmQUitfSl2wsSq26uYzgT4QCqnBfdFgXb9o_Q4,780.8999999985099,883.6000000014901,102.70000000298023,,1000,0,0,NEEDS OPTIMISATION,3,above the fold; no effective cache-control for repeat visits
ua,desktop,/references,priority,image,http://ua.infravolt.localhost:3000/_next/image?url=https%3A%2F%2Fpub-f1a143f96bfc47df8ff1ccd1aaea6671.r2.dev%2Freferences%2Fbusbar%2Fcompanies%2Fineos.png&w=384&q=75,true,3,true,1,lazy,,240,88,249,151,200,image/webp,3716,"public, max-age=0, must-revalidate",bNzk9UNKqCtrqCN38Cqow4oAu-kBVR5wNWROkRWw_bU,781,884.5,103.5,,1000,0,0,NEEDS OPTIMISATION,3,above the fold; no effective cache-control for repeat visits
ua,desktop,/references,priority,image,http://ua.infravolt.localhost:3000/_next/image?url=https%3A%2F%2Fpub-f1a143f96bfc47df8ff1ccd1aaea6671.r2.dev%2Freferences%2Fearthing-lightning%2Fcompanies%2Fsite-ready%2F27-kurgan-balt.webp&w=384&q=75,true,3,true,1,lazy,,240,88,345,130,200,image/webp,3710,"public, max-age=0, must-revalidate",suzFyn5be2iVffemjhjP-GugjckuBUNAQIkCHSRelzI,781,885.5,104.5,,1000,0,0,NEEDS OPTIMISATION,3,above the fold; no effective cache-control for repeat visits
ua,desktop,/references,priority,image,http://ua.infravolt.localhost:3000/_next/image?url=https%3A%2F%2Fpub-f1a143f96bfc47df8ff1ccd1aaea6671.r2.dev%2Freferences%2Fearthing-lightning%2Fcompanies%2Fsite-ready%2F42-kuwait-national-petroleum-company-knpc.webp&w=384&q=75,true,3,true,1,lazy,,240,88,345,219,200,image/webp,5982,"public, max-age=0, must-revalidate",5AnInJzuvtn_CkhJcZd9udlOuMNd39BQBUntTF8Xm1w,781.1000000014901,888.5,107.39999999850988,,1000,0,0,NEEDS OPTIMISATION,3,above the fold; no effective cache-control for repeat visits
ua,desktop,/references,priority,image,http://ua.infravolt.localhost:3000/_next/image?url=https%3A%2F%2Fpub-f1a143f96bfc47df8ff1ccd1aaea6671.r2.dev%2Freferences%2Fearthing-lightning%2Fcompanies%2Fsite-ready%2F39-kuwait-oil-company-k-s-c.webp&w=384&q=75,true,3,true,1,lazy,,240,88,345,204,200,image/webp,9834,"public, max-age=0, must-revalidate",Gbv7prtITUjNsPvOG7-jQvBBZcZQLzwITGBN8RRZDiU,781.2000000029802,889.7000000029802,108.5,,1000,0,0,NEEDS OPTIMISATION,3,above the fold; no effective cache-control for repeat visits
ua,desktop,/references,priority,image,http://ua.infravolt.localhost:3000/_next/image?url=https%3A%2F%2Fpub-f1a143f96bfc47df8ff1ccd1aaea6671.r2.dev%2Freferences%2Fbusbar%2Fcompanies%2Flarsen.png&w=384&q=75,true,3,true,1,lazy,,240,88,270,113,200,image/webp,2844,"public, max-age=0, must-revalidate",gAmY0ShvqN9kvKh8TPrG4_TydNKLIoRn4mZ1bUFFV_g,781.3000000044703,900.8000000044703,113.59999999403954,,1000,0,0,NEEDS OPTIMISATION,3,above the fold; no effective cache-control for repeat visits
ua,desktop,/references,priority,image,http://ua.infravolt.localhost:3000/_next/image?url=https%3A%2F%2Fpub-f1a143f96bfc47df8ff1ccd1aaea6671.r2.dev%2Freferences%2Fearthing-lightning%2Fcompanies%2Fsite-ready%2F33-lokys.webp&w=384&q=75,true,3,true,1,lazy,,240,88,345,96,200,image/webp,2598,"public, max-age=0, must-revalidate",YfIcNtSg28tZTXJLQUuI3fijQJCgIp8NbURKB6w0VAw,781.3999999985099,904.7000000029802,123.30000000447035,,1000,0,0,NEEDS OPTIMISATION,3,above the fold; no effective cache-control for repeat visits
ua,desktop,/references,priority,image,http://ua.infravolt.localhost:3000/_next/image?url=https%3A%2F%2Fpub-f1a143f96bfc47df8ff1ccd1aaea6671.r2.dev%2Freferences%2Fbusbar%2Fcompanies%2Fmaire.png&w=384&q=75,true,3,true,1,lazy,,240,88,271,104,200,image/webp,1618,"public, max-age=0, must-revalidate",nC7I7B_pJjgV2N05Edd3rjbTWlxRUZtYQuITVWcuN0g,781.3999999985099,905.3000000044703,123.90000000596046,,1000,0,0,NEEDS OPTIMISATION,3,above the fold; no effective cache-control for repeat visits
ua,desktop,/references,priority,image,http://ua.infravolt.localhost:3000/_next/image?url=https%3A%2F%2Fpub-f1a143f96bfc47df8ff1ccd1aaea6671.r2.dev%2Freferences%2Fearthing-lightning%2Fcompanies%2Flow-resolution%2F24-mana-control-co.webp&w=384&q=75,true,3,true,1,lazy,,240,88,345,127,200,image/webp,4224,"public, max-age=0, must-revalidate",PR0fdwdK5kvF_P4gLsKzdCnYRzI6IkdPTVeK5H-pkoA,781.5,905.8000000044703,124.30000000447035,,1000,0,0,NEEDS OPTIMISATION,3,above the fold; no effective cache-control for repeat visits
ua,desktop,/references,priority,image,http://ua.infravolt.localhost:3000/_next/image?url=https%3A%2F%2Fpub-f1a143f96bfc47df8ff1ccd1aaea6671.r2.dev%2Freferences%2Fearthing-lightning%2Fcompanies%2Fsite-ready%2F05-mitsubishi-electric-corpoation.webp&w=384&q=75,true,3,true,1,lazy,,240,88,345,113,200,image/webp,3830,"public, max-age=0, must-revalidate",v9EIVwCFW7COVBZVIKdBoRyY8Ps_AfQaxNpmPH0BL6k,781.7000000029802,906.6000000014901,124.89999999850988,,1000,0,0,NEEDS OPTIMISATION,3,above the fold; no effective cache-control for repeat visits
ua,desktop,/references,priority,image,https://pub-f1a143f96bfc47df8ff1ccd1aaea6671.r2.dev/brand/infravolt-wordmark-transparent.webp,true,3,true,1,lazy,,250,56,1040,235,200,image/webp,52456,,"""93441a0dddaf3276056bd01d677cc5c4""",781.7000000029802,841.8999999985099,60.19999999552965,,1000,0,0,NEEDS OPTIMISATION,3,above the fold; no effective cache-control for repeat visits
ua,desktop,/references,priority,background-image,https://pub-f1a143f96bfc47df8ff1ccd1aaea6671.r2.dev/references/references-hero-background.webp,true,3,false,1,,,1920,370,,,200,image/webp,1706567,,"""d296047c93e61e2bbf517f93fa6b5c06""",691.7000000029802,821.8000000044703,129.70000000298023,,1000,1,0,CRITICAL,10,is the page LCP element on at least one run; CSS background-image (no native lazy-loading / responsive srcset available); large file (1.63 MB); no effective cache-control for repeat visits; fetched before scroll despite being below the fold (unnecessary initial-load bytes)
ua,mobile,/references,priority,image,https://pub-f1a143f96bfc47df8ff1ccd1aaea6671.r2.dev/brand/infravolt-wordmark-primary.webp,true,3,true,1,eager,,192,43,1040,235,200,image/webp,126044,,"""15ab34f45bad11445e87379fdf35c690""",721.3000000044703,823,92.5,,1136,0,0,NEEDS OPTIMISATION,4,above the fold; mobile viewport; no effective cache-control for repeat visits
ua,mobile,/references,priority,image,http://ua.infravolt.localhost:3000/_next/image?url=https%3A%2F%2Fpub-f1a143f96bfc47df8ff1ccd1aaea6671.r2.dev%2Freferences%2Fcard%2Fglobal.webp&w=256&q=75,true,3,false,1,lazy,,173,97,195,127,200,image/webp,8942,"public, max-age=0, must-revalidate",5P4-Bda0SXCLLFTwMmTOHOLsBFjk-EIpMglkpMxBqBg,992,1005.3999999985099,13.899999998509884,,1136,0,0,NEEDS OPTIMISATION,4,mobile viewport; no effective cache-control for repeat visits; fetched before scroll despite being below the fold (unnecessary initial-load bytes)
ua,mobile,/references,priority,image,http://ua.infravolt.localhost:3000/_next/image?url=https%3A%2F%2Fpub-f1a143f96bfc47df8ff1ccd1aaea6671.r2.dev%2Freferences%2Fcard%2Fsector-commercial-buildings.webp&w=256&q=75,true,3,false,1,lazy,,173,97,195,109,200,image/webp,9838,"public, max-age=0, must-revalidate",OD19U6bX12bkZQTz4P7DoNF09QvVSpxf4m1CUt7J0tU,992.0999999940395,1006.5999999940395,14.700000002980232,,1136,0,0,NEEDS OPTIMISATION,4,mobile viewport; no effective cache-control for repeat visits; fetched before scroll despite being below the fold (unnecessary initial-load bytes)
ua,mobile,/references,priority,image,http://ua.infravolt.localhost:3000/_next/image?url=https%3A%2F%2Fpub-f1a143f96bfc47df8ff1ccd1aaea6671.r2.dev%2Freferences%2Fcard%2Fsector-energy-utilities.webp&w=256&q=75,true,3,false,1,lazy,,173,97,195,109,200,image/webp,8184,"public, max-age=0, must-revalidate",SLHvLJO2-MpfTnsiEkjmxquYYQYmmZnTmM4Qrf1sU3c,992.0999999940395,1007.5,15.699999995529652,,1136,0,0,NEEDS OPTIMISATION,4,mobile viewport; no effective cache-control for repeat visits; fetched before scroll despite being below the fold (unnecessary initial-load bytes)
ua,mobile,/references,priority,image,http://ua.infravolt.localhost:3000/_next/image?url=https%3A%2F%2Fpub-f1a143f96bfc47df8ff1ccd1aaea6671.r2.dev%2Freferences%2Fcard%2Fsector-airports.webp&w=256&q=75,true,3,false,1,lazy,,173,97,195,109,200,image/webp,4918,"public, max-age=0, must-revalidate",ZS5PDZTq-5AVTChbq2YYmiTwisn_APV25are3ARiK_E,992.2999999970198,1008.5,16.200000002980232,,1136,0,0,NEEDS OPTIMISATION,4,mobile viewport; no effective cache-control for repeat visits; fetched before scroll despite being below the fold (unnecessary initial-load bytes)
ua,mobile,/references,priority,image,http://ua.infravolt.localhost:3000/_next/image?url=https%3A%2F%2Fpub-f1a143f96bfc47df8ff1ccd1aaea6671.r2.dev%2Freferences%2Fcard%2Fsector-rail-metro.webp&w=256&q=75,true,3,false,1,lazy,,173,97,195,109,200,image/webp,6636,"public, max-age=0, must-revalidate",32MedIAGhbovzl6CVE5eMo8y3MgKhVlA_zwGA8mdm6k,992.2999999970198,1008.5999999940395,16.80000000447035,,1136,0,0,NEEDS OPTIMISATION,4,mobile viewport; no effective cache-control for repeat visits; fetched before scroll despite being below the fold (unnecessary initial-load bytes)
ua,mobile,/references,priority,image,http://ua.infravolt.localhost:3000/_next/image?url=https%3A%2F%2Fpub-f1a143f96bfc47df8ff1ccd1aaea6671.r2.dev%2Freferences%2Fcard%2Fsector-industrial-facilities.webp&w=256&q=75,true,3,false,1,lazy,,173,97,195,109,200,image/webp,9124,"public, max-age=0, must-revalidate",pFsSrOCCEl4LOvSf-pLGUd9l_ykCveZAgIMxOwFlMr4,992.3999999985099,1009.1999999955297,17.100000001490116,,1136,0,0,NEEDS OPTIMISATION,4,mobile viewport; no effective cache-control for repeat visits; fetched before scroll despite being below the fold (unnecessary initial-load bytes)
ua,mobile,/references,priority,image,http://ua.infravolt.localhost:3000/_next/image?url=https%3A%2F%2Fpub-f1a143f96bfc47df8ff1ccd1aaea6671.r2.dev%2Freferences%2Fcard%2Fsector-oil-gas.webp&w=256&q=75,true,3,false,1,lazy,,173,97,195,109,200,image/webp,8524,"public, max-age=0, must-revalidate",ISai7SoI0FmuwGg5mzKmGAAIOUUC2lV9lrkmokFNjnE,992.5,1017.3999999985099,26.799999997019768,,1136,0,0,NEEDS OPTIMISATION,4,mobile viewport; no effective cache-control for repeat visits; fetched before scroll despite being below the fold (unnecessary initial-load bytes)
ua,mobile,/references,priority,image,http://ua.infravolt.localhost:3000/_next/image?url=https%3A%2F%2Fpub-f1a143f96bfc47df8ff1ccd1aaea6671.r2.dev%2Freferences%2Fcard%2Fsector-healthcare.webp&w=256&q=75,true,3,false,1,lazy,,173,97,195,109,200,image/webp,5458,"public, max-age=0, must-revalidate",VXqOPCUEI4VKObndD-h8DmzsaMEFq_0CklJjVI1IOO4,992.5999999940395,1018.3999999985099,27.899999998509884,,1136,0,0,NEEDS OPTIMISATION,4,mobile viewport; no effective cache-control for repeat visits; fetched before scroll despite being below the fold (unnecessary initial-load bytes)
ua,mobile,/references,priority,image,http://ua.infravolt.localhost:3000/_next/image?url=https%3A%2F%2Fpub-f1a143f96bfc47df8ff1ccd1aaea6671.r2.dev%2Freferences%2Fcard%2Fsector-data-centres.webp&w=256&q=75,true,3,false,1,lazy,,173,97,195,109,200,image/webp,6740,"public, max-age=0, must-revalidate",AB3-zc3LqldjQqJuhFUE3Jx3B2LpGW8JUn4yNuLTZTo,992.5999999940395,1018.6999999955297,28.600000001490116,,1136,0,0,NEEDS OPTIMISATION,4,mobile viewport; no effective cache-control for repeat visits; fetched before scroll despite being below the fold (unnecessary initial-load bytes)
ua,mobile,/references,priority,image,http://ua.infravolt.localhost:3000/_next/image?url=https%3A%2F%2Fpub-f1a143f96bfc47df8ff1ccd1aaea6671.r2.dev%2Freferences%2Fcard%2Fsector-public-educational-infrastructure.webp&w=256&q=75,true,3,false,1,lazy,,173,97,195,109,200,image/webp,8360,"public, max-age=0, must-revalidate",ynwMH2A7CcpPkADN_2fCWDBZVEbkFs3ju1Jj4mRzgl4,992.6999999955297,1019.6999999955297,29.200000002980232,,1136,0,0,NEEDS OPTIMISATION,4,mobile viewport; no effective cache-control for repeat visits; fetched before scroll despite being below the fold (unnecessary initial-load bytes)
ua,mobile,/references,priority,image,http://ua.infravolt.localhost:3000/_next/image?url=https%3A%2F%2Fpub-f1a143f96bfc47df8ff1ccd1aaea6671.r2.dev%2Freferences%2Fearthing-lightning%2Fcompanies%2Fsite-ready%2F06-1-dubai-and-northern-emirates.webp&w=256&q=75,true,3,false,1,lazy,,138,68,179,53,200,image/webp,2488,"public, max-age=0, must-revalidate",mddM5YQgWs-f4KffpsWPQql3XPaMVO6s3NWFiE0GdK0,992.7999999970198,1021.3999999985099,29.700000002980232,,1136,0,0,NEEDS OPTIMISATION,4,mobile viewport; no effective cache-control for repeat visits; fetched before scroll despite being below the fold (unnecessary initial-load bytes)
ua,mobile,/references,priority,image,http://ua.infravolt.localhost:3000/_next/image?url=https%3A%2F%2Fpub-f1a143f96bfc47df8ff1ccd1aaea6671.r2.dev%2Freferences%2Fearthing-lightning%2Fcompanies%2Fsite-ready%2F09-3m-colombia-s-a.webp&w=256&q=75,true,3,false,1,lazy,,138,68,179,103,200,image/webp,2306,"public, max-age=0, must-revalidate",tMp8ed1l7_Z8UwgeZpcjGNyCpdVFdZazGvmDY5NFPqg,992.7999999970198,1022.1999999955297,30.200000002980232,,1136,0,0,NEEDS OPTIMISATION,4,mobile viewport; no effective cache-control for repeat visits; fetched before scroll despite being below the fold (unnecessary initial-load bytes)
ua,mobile,/references,priority,image,http://ua.infravolt.localhost:3000/_next/image?url=https%3A%2F%2Fpub-f1a143f96bfc47df8ff1ccd1aaea6671.r2.dev%2Freferences%2Fearthing-lightning%2Fcompanies%2Fsite-ready%2F07-abb-industries-llc.webp&w=256&q=75,true,3,false,1,lazy,,138,68,179,77,200,image/webp,2278,"public, max-age=0, must-revalidate",fT1msofeBmsFUDHOA0NTLOiunKWtgMsinB3FrINveog,992.8999999985099,1030.8999999985099,40.100000001490116,,1136,0,0,NEEDS OPTIMISATION,4,mobile viewport; no effective cache-control for repeat visits; fetched before scroll despite being below the fold (unnecessary initial-load bytes)
ua,mobile,/references,priority,image,http://ua.infravolt.localhost:3000/_next/image?url=https%3A%2F%2Fpub-f1a143f96bfc47df8ff1ccd1aaea6671.r2.dev%2Freferences%2Fearthing-lightning%2Fcompanies%2Fsite-ready%2F30-abu-dhabi-national-oil-company.webp&w=256&q=75,true,3,false,1,lazy,,138,68,179,215,200,image/webp,4196,"public, max-age=0, must-revalidate",ktBF14oHQbAnHA-yfePmMWilh12oeN97okOiWAlNtd4,992.8999999985099,1031.8999999985099,41,,1136,0,0,NEEDS OPTIMISATION,4,mobile viewport; no effective cache-control for repeat visits; fetched before scroll despite being below the fold (unnecessary initial-load bytes)
ua,mobile,/references,priority,image,http://ua.infravolt.localhost:3000/_next/image?url=https%3A%2F%2Fpub-f1a143f96bfc47df8ff1ccd1aaea6671.r2.dev%2Freferences%2Fearthing-lightning%2Fcompanies%2Fsite-ready%2F41-abu-dhabi-water-and-electricity-authority.webp&w=256&q=75,true,3,false,1,lazy,,138,68,179,114,200,image/webp,3882,"public, max-age=0, must-revalidate",ro_rKFW8lZSy6-6EZ9Oxn2-JEeUHoGt49xkHPUob46c,993,1032.7999999970198,42.29999999701977,,1136,0,0,NEEDS OPTIMISATION,4,mobile viewport; no effective cache-control for repeat visits; fetched before scroll despite being below the fold (unnecessary initial-load bytes)
ua,mobile,/references,priority,image,http://ua.infravolt.localhost:3000/_next/image?url=https%3A%2F%2Fpub-f1a143f96bfc47df8ff1ccd1aaea6671.r2.dev%2Freferences%2Fearthing-lightning%2Fcompanies%2Fsite-ready%2F01-alstom-power-systems.webp&w=256&q=75,true,3,false,1,lazy,,138,68,179,42,200,image/webp,2396,"public, max-age=0, must-revalidate",aFwYQHGc_wsMISuKbD9WdJ-k-p0kNQOsGXdcd-V9lsw,993.1999999955297,1034.8999999985099,42.30000000447035,,1136,0,0,NEEDS OPTIMISATION,4,mobile viewport; no effective cache-control for repeat visits; fetched before scroll despite being below the fold (unnecessary initial-load bytes)
ua,mobile,/references,priority,image,http://ua.infravolt.localhost:3000/_next/image?url=https%3A%2F%2Fpub-f1a143f96bfc47df8ff1ccd1aaea6671.r2.dev%2Freferences%2Fbusbar%2Fcompanies%2Fcomaple.png&w=256&q=75,true,3,false,1,lazy,,138,68,179,93,200,image/webp,2710,"public, max-age=0, must-revalidate",cffBJqwcjnY3cdhL-Pv0OITQPKExBbxT0sgh2YscNLE,993.2999999970198,1035.5,43.5,,1136,0,0,NEEDS OPTIMISATION,4,mobile viewport; no effective cache-control for repeat visits; fetched before scroll despite being below the fold (unnecessary initial-load bytes)
ua,mobile,/references,priority,image,http://ua.infravolt.localhost:3000/_next/image?url=https%3A%2F%2Fpub-f1a143f96bfc47df8ff1ccd1aaea6671.r2.dev%2Freferences%2Fearthing-lightning%2Fcompanies%2Fsite-ready%2F23-croon-tbi-techniek.webp&w=256&q=75,true,3,false,1,lazy,,138,68,179,79,200,image/webp,2598,"public, max-age=0, must-revalidate",kxVKy7N68-RMup2fcyugFg5zbxzQ0_LYD4JH8q67UMk,993.3999999985099,1036,44.30000000447035,,1136,0,0,NEEDS OPTIMISATION,4,mobile viewport; no effective cache-control for repeat visits; fetched before scroll despite being below the fold (unnecessary initial-load bytes)
ua,mobile,/references,priority,image,http://ua.infravolt.localhost:3000/_next/image?url=https%3A%2F%2Fpub-f1a143f96bfc47df8ff1ccd1aaea6671.r2.dev%2Freferences%2Fearthing-lightning%2Fcompanies%2Flow-resolution%2F12-denge-energy-ltd.webp&w=256&q=75,true,3,false,1,lazy,,138,68,179,63,200,image/webp,2794,"public, max-age=0, must-revalidate",7HkWwKLhLnsxxQTtZIIMds2O7OMD_WwrLRqv7PClK4E,993.5,1045.1999999955297,56.100000001490116,,1136,0,0,NEEDS OPTIMISATION,4,mobile viewport; no effective cache-control for repeat visits; fetched before scroll despite being below the fold (unnecessary initial-load bytes)
ua,mobile,/references,priority,image,http://ua.infravolt.localhost:3000/_next/image?url=https%3A%2F%2Fpub-f1a143f96bfc47df8ff1ccd1aaea6671.r2.dev%2Freferences%2Fearthing-lightning%2Fcompanies%2Fsite-ready%2F37-dubai-electricity-and-water-authority-dewa.webp&w=256&q=75,true,3,false,1,lazy,,138,68,157,223,200,image/webp,4200,"public, max-age=0, must-revalidate",YJKO8csELNC6H3_4WhENSQLaLwV-wv4_89Dl_VCcwnw,993.6999999955297,1045.7999999970198,56.79999999701977,,1136,0,0,NEEDS OPTIMISATION,4,mobile viewport; no effective cache-control for repeat visits; fetched before scroll despite being below the fold (unnecessary initial-load bytes)
ua,mobile,/references,priority,image,http://ua.infravolt.localhost:3000/_next/image?url=https%3A%2F%2Fpub-f1a143f96bfc47df8ff1ccd1aaea6671.r2.dev%2Freferences%2Fearthing-lightning%2Fcompanies%2Fsite-ready%2F28-electricity-and-water-authority-ewa.webp&w=256&q=75,true,3,false,1,lazy,,138,68,179,69,200,image/webp,5128,"public, max-age=0, must-revalidate",vSSBRnYg8vmK8H7Kx45t2tmwM59YiW0rHqkoofb066I,993.6999999955297,1046.3999999985099,58,,1136,0,0,NEEDS OPTIMISATION,4,mobile viewport; no effective cache-control for repeat visits; fetched before scroll despite being below the fold (unnecessary initial-load bytes)
ua,mobile,/references,priority,image,http://ua.infravolt.localhost:3000/_next/image?url=https%3A%2F%2Fpub-f1a143f96bfc47df8ff1ccd1aaea6671.r2.dev%2Freferences%2Fearthing-lightning%2Fcompanies%2Fsite-ready%2F18-electromechanical-and-technical-associates-co-ltd.webp&w=256&q=75,true,3,false,1,lazy,,138,68,179,96,200,image/webp,3422,"public, max-age=0, must-revalidate",j-m9dms-0-csXCDV09ifViJd-sw0QdZgis6ezeyNE0c,993.8999999985099,1046.8999999985099,58.400000005960464,,1136,0,0,NEEDS OPTIMISATION,4,mobile viewport; no effective cache-control for repeat visits; fetched before scroll despite being below the fold (unnecessary initial-load bytes)
ua,mobile,/references,priority,image,http://ua.infravolt.localhost:3000/_next/image?url=https%3A%2F%2Fpub-f1a143f96bfc47df8ff1ccd1aaea6671.r2.dev%2Freferences%2Fearthing-lightning%2Fcompanies%2Flow-resolution%2F29-emirates-electrical-engineering-llc.webp&w=256&q=75,true,3,false,1,lazy,,138,68,179,145,200,image/webp,3480,"public, max-age=0, must-revalidate",X4HHp0JW9JPFDtxVkowc-Z7YxGuSoKOiMQ50aC__xn0,994.0999999940395,1047.3999999985099,59,,1136,0,0,NEEDS OPTIMISATION,4,mobile viewport; no effective cache-control for repeat visits; fetched before scroll despite being below the fold (unnecessary initial-load bytes)
ua,mobile,/references,priority,image,http://ua.infravolt.localhost:3000/_next/image?url=https%3A%2F%2Fpub-f1a143f96bfc47df8ff1ccd1aaea6671.r2.dev%2Freferences%2Fbusbar%2Fcompanies%2Fenerflex.png&w=256&q=75,true,3,false,1,lazy,,138,68,179,86,200,image/webp,1588,"public, max-age=0, must-revalidate",NaIj8snYLWgJrEqSrrLZDHAa_Ky4oMIUHaeYYoPP1R8,994.2999999970198,1047.8999999985099,59.600000001490116,,1136,0,0,NEEDS OPTIMISATION,4,mobile viewport; no effective cache-control for repeat visits; fetched before scroll despite being below the fold (unnecessary initial-load bytes)
ua,mobile,/references,priority,image,http://ua.infravolt.localhost:3000/_next/image?url=https%3A%2F%2Fpub-f1a143f96bfc47df8ff1ccd1aaea6671.r2.dev%2Freferences%2Fearthing-lightning%2Fcompanies%2Fsite-ready%2F21-ensytec.webp&w=256&q=75,true,3,false,1,lazy,,138,68,179,58,200,image/webp,1922,"public, max-age=0, must-revalidate",tUCuyZDrEa-29FFGVZXs0YeiiMsahdysXSI-5LNYEY8,994.3999999985099,1055.1999999955297,68.29999999701977,,1136,0,0,NEEDS OPTIMISATION,4,mobile viewport; no effective cache-control for repeat visits; fetched before scroll despite being below the fold (unnecessary initial-load bytes)
ua,mobile,/references,priority,image,http://ua.infravolt.localhost:3000/_next/image?url=https%3A%2F%2Fpub-f1a143f96bfc47df8ff1ccd1aaea6671.r2.dev%2Freferences%2Fearthing-lightning%2Fcompanies%2Flow-resolution%2F20-ets-caporal-et-moretti-s-a-l.webp&w=256&q=75,true,3,false,1,lazy,,138,68,179,115,200,image/webp,4348,"public, max-age=0, must-revalidate",Vi0f19L_P4Ul2BLNpysdYsglddvpFm75e-e4CjRyXeo,994.5,1055.7999999970198,68.29999999701977,,1136,0,0,NEEDS OPTIMISATION,4,mobile viewport; no effective cache-control for repeat visits; fetched before scroll despite being below the fold (unnecessary initial-load bytes)
ua,mobile,/references,priority,image,http://ua.infravolt.localhost:3000/_next/image?url=https%3A%2F%2Fpub-f1a143f96bfc47df8ff1ccd1aaea6671.r2.dev%2Freferences%2Fearthing-lightning%2Fcompanies%2Fsite-ready%2F14-eurostrut-e-strut-b-v.webp&w=256&q=75,true,3,false,1,lazy,,138,68,179,37,200,image/webp,2490,"public, max-age=0, must-revalidate",fKpt3r3JUaSlt-hCauJ5qlF7-CcwAviGpai2fsOTul4,994.5999999940395,1056.3999999985099,68.69999999552965,,1136,0,0,NEEDS OPTIMISATION,4,mobile viewport; no effective cache-control for repeat visits; fetched before scroll despite being below the fold (unnecessary initial-load bytes)
ua,mobile,/references,priority,image,http://ua.infravolt.localhost:3000/_next/image?url=https%3A%2F%2Fpub-f1a143f96bfc47df8ff1ccd1aaea6671.r2.dev%2Freferences%2Fearthing-lightning%2Fcompanies%2Flow-resolution%2F38-extol-international-l-l-c.webp&w=256&q=75,true,3,false,1,lazy,,138,68,179,54,200,image/webp,1988,"public, max-age=0, must-revalidate",m9EKCd8_ZFHRA67edoWFxAx46uG9cx9KR-rn1RKiT9k,994.6999999955297,1056.7999999970198,69.5,,1136,0,0,NEEDS OPTIMISATION,4,mobile viewport; no effective cache-control for repeat visits; fetched before scroll despite being below the fold (unnecessary initial-load bytes)
ua,mobile,/references,priority,image,http://ua.infravolt.localhost:3000/_next/image?url=https%3A%2F%2Fpub-f1a143f96bfc47df8ff1ccd1aaea6671.r2.dev%2Freferences%2Fbusbar%2Fcompanies%2Fhitachi.png&w=256&q=75,true,3,false,1,lazy,,138,68,179,70,200,image/webp,2600,"public, max-age=0, must-revalidate",CnhxBcM_3mm_wZrrureBd3G_WUmRvV2dWmLhfmOXhJI,994.6999999955297,1057.2999999970198,69.80000000447035,,1136,0,0,NEEDS OPTIMISATION,4,mobile viewport; no effective cache-control for repeat visits; fetched before scroll despite being below the fold (unnecessary initial-load bytes)
ua,mobile,/references,priority,image,http://ua.infravolt.localhost:3000/_next/image?url=https%3A%2F%2Fpub-f1a143f96bfc47df8ff1ccd1aaea6671.r2.dev%2Freferences%2Fbusbar%2Fcompanies%2Fhp-busbars.png&w=256&q=75,true,3,false,1,lazy,,138,68,179,128,200,image/webp,2446,"public, max-age=0, must-revalidate",vLOaNTyqMap3HP9BA59MKhO3GhlyevvmQzLXwPv9fkQ,994.7999999970198,1057.6999999955297,70.20000000298023,,1136,0,0,NEEDS OPTIMISATION,4,mobile viewport; no effective cache-control for repeat visits; fetched before scroll despite being below the fold (unnecessary initial-load bytes)
ua,mobile,/references,priority,image,http://ua.infravolt.localhost:3000/_next/image?url=https%3A%2F%2Fpub-f1a143f96bfc47df8ff1ccd1aaea6671.r2.dev%2Freferences%2Fearthing-lightning%2Fcompanies%2Flow-resolution%2F26-hussain-and-co.webp&w=256&q=75,true,3,false,0,lazy,,138,68,179,117,200,image/webp,3356,"public, max-age=0, must-revalidate",90Pso7EyoKqdBOdF_mcLgmyom6b3cuM7UDIqtGCqAhA,2312.2000000029802,2325.8000000044703,8,,1136,0,0,GOOD,2,mobile viewport; no effective cache-control for repeat visits
ua,mobile,/references,priority,image,http://ua.infravolt.localhost:3000/_next/image?url=https%3A%2F%2Fpub-f1a143f96bfc47df8ff1ccd1aaea6671.r2.dev%2Freferences%2Fbusbar%2Fcompanies%2Fineos.png&w=256&q=75,true,3,false,0,lazy,,138,68,179,108,200,image/webp,3388,"public, max-age=0, must-revalidate",V-9KFT8e5bOxJSnKfHKR2MsGu0IEG5HD2UHPQIalWP8,2312.3000000044703,2326.7000000029802,8,,1136,0,0,GOOD,2,mobile viewport; no effective cache-control for repeat visits
ua,mobile,/references,priority,image,http://ua.infravolt.localhost:3000/_next/image?url=https%3A%2F%2Fpub-f1a143f96bfc47df8ff1ccd1aaea6671.r2.dev%2Freferences%2Fearthing-lightning%2Fcompanies%2Fsite-ready%2F27-kurgan-balt.webp&w=256&q=75,true,3,false,0,lazy,,138,68,179,67,200,image/webp,2646,"public, max-age=0, must-revalidate",yaTYYWaloZGRgHa1xfo3fz8ohJblxFZ_rf2x6FPicVY,2345.5,2353.8000000044703,6.399999998509884,,1136,0,0,GOOD,2,mobile viewport; no effective cache-control for repeat visits
ua,mobile,/references,priority,image,http://ua.infravolt.localhost:3000/_next/image?url=https%3A%2F%2Fpub-f1a143f96bfc47df8ff1ccd1aaea6671.r2.dev%2Freferences%2Fearthing-lightning%2Fcompanies%2Fsite-ready%2F42-kuwait-national-petroleum-company-knpc.webp&w=256&q=75,true,3,false,0,lazy,,138,68,179,114,200,image/webp,3836,"public, max-age=0, must-revalidate",YZZqgJc_G7TcNYo4qiCCP5y6KKb2FdQRp3moajl18sA,2345.60000000149,2355,6.899999998509884,,1136,0,0,GOOD,2,mobile viewport; no effective cache-control for repeat visits
ua,mobile,/references,priority,image,http://ua.infravolt.localhost:3000/_next/image?url=https%3A%2F%2Fpub-f1a143f96bfc47df8ff1ccd1aaea6671.r2.dev%2Freferences%2Fearthing-lightning%2Fcompanies%2Fsite-ready%2F39-kuwait-oil-company-k-s-c.webp&w=256&q=75,true,3,false,0,lazy,,138,68,179,105,200,image/webp,6346,"public, max-age=0, must-revalidate",DeTKofHn0n_l9sF99xQsoGOg3h0LfJhdnuwoBhcqyFs,2364.2000000029802,2371.4000000059605,6.399999998509884,,1136,0,0,GOOD,2,mobile viewport; no effective cache-control for repeat visits
ua,mobile,/references,priority,image,http://ua.infravolt.localhost:3000/_next/image?url=https%3A%2F%2Fpub-f1a143f96bfc47df8ff1ccd1aaea6671.r2.dev%2Freferences%2Fbusbar%2Fcompanies%2Flarsen.png&w=256&q=75,true,3,false,0,lazy,,138,68,179,75,200,image/webp,2352,"public, max-age=0, must-revalidate",AKk1AOCrgPpJWI52k1nelhQd0161cE7E8xztLuQj4ys,2364.4000000059605,2370.8000000044703,6.399999998509884,,1136,0,0,GOOD,2,mobile viewport; no effective cache-control for repeat visits
ua,mobile,/references,priority,image,http://ua.infravolt.localhost:3000/_next/image?url=https%3A%2F%2Fpub-f1a143f96bfc47df8ff1ccd1aaea6671.r2.dev%2Freferences%2Fearthing-lightning%2Fcompanies%2Fsite-ready%2F33-lokys.webp&w=256&q=75,true,3,false,0,lazy,,138,68,179,50,200,image/webp,1822,"public, max-age=0, must-revalidate",LMMGyXAmJbOlzyTkrMqmXwVHOtIOFnNGosmk4I1KzOU,2380.4000000059605,2388.3000000044703,5.5,,1136,0,0,GOOD,2,mobile viewport; no effective cache-control for repeat visits
ua,mobile,/references,priority,image,http://ua.infravolt.localhost:3000/_next/image?url=https%3A%2F%2Fpub-f1a143f96bfc47df8ff1ccd1aaea6671.r2.dev%2Freferences%2Fbusbar%2Fcompanies%2Fmaire.png&w=256&q=75,true,3,false,0,lazy,,138,68,179,68,200,image/webp,1542,"public, max-age=0, must-revalidate",Id7q-258lfEWMMKjaJeYjvS_qErWtW7pANdV-ARZeNc,2380.5,2388.9000000059605,6.100000001490116,,1136,0,0,GOOD,2,mobile viewport; no effective cache-control for repeat visits
ua,mobile,/references,priority,image,http://ua.infravolt.localhost:3000/_next/image?url=https%3A%2F%2Fpub-f1a143f96bfc47df8ff1ccd1aaea6671.r2.dev%2Freferences%2Fearthing-lightning%2Fcompanies%2Flow-resolution%2F24-mana-control-co.webp&w=256&q=75,true,3,false,0,lazy,,138,68,179,66,200,image/webp,2950,"public, max-age=0, must-revalidate",VFaA7ydJnT-AYHQV3JJ9aoOmZZ_7zdp4ARAky32Wgdo,2397.2000000029802,2404.60000000149,6.5,,1136,0,0,GOOD,2,mobile viewport; no effective cache-control for repeat visits
ua,mobile,/references,priority,image,http://ua.infravolt.localhost:3000/_next/image?url=https%3A%2F%2Fpub-f1a143f96bfc47df8ff1ccd1aaea6671.r2.dev%2Freferences%2Fearthing-lightning%2Fcompanies%2Fsite-ready%2F05-mitsubishi-electric-corpoation.webp&w=256&q=75,true,3,false,0,lazy,,138,68,179,58,200,image/webp,2978,"public, max-age=0, must-revalidate",yoXDCXHD-AY0IAcWZaOlWQcK_DhXNDeGzBunyTMgPaU,2397.3000000044703,2405.60000000149,7,,1136,0,0,GOOD,2,mobile viewport; no effective cache-control for repeat visits
ua,mobile,/references,priority,image,https://pub-f1a143f96bfc47df8ff1ccd1aaea6671.r2.dev/brand/infravolt-wordmark-transparent.webp,true,3,true,0,lazy,,220,50,1040,235,200,image/webp,52456,,"""93441a0dddaf3276056bd01d677cc5c4""",2446.3000000044703,2489,47.20000000298023,,1136,0,0,NEEDS OPTIMISATION,4,above the fold; mobile viewport; no effective cache-control for repeat visits
ua,mobile,/references,priority,background-image,https://pub-f1a143f96bfc47df8ff1ccd1aaea6671.r2.dev/references/references-hero-background.webp,true,3,false,1,,,390,245,,,200,image/webp,1706567,,"""d296047c93e61e2bbf517f93fa6b5c06""",932.2999999970198,1021.7999999970198,176.70000000298023,,1136,1,0,CRITICAL,11,is the page LCP element on at least one run; CSS background-image (no native lazy-loading / responsive srcset available); mobile viewport; large file (1.63 MB); no effective cache-control for repeat visits; fetched before scroll despite being below the fold (unnecessary initial-load bytes)
uk,desktop,/resources,priority,image,https://pub-f1a143f96bfc47df8ff1ccd1aaea6671.r2.dev/brand/infravolt-wordmark-primary.webp,true,3,true,1,eager,,252,57,1040,235,200,image/webp,126044,,"""15ab34f45bad11445e87379fdf35c690""",585.7000000029802,687.1000000014901,101.39999999850988,,988,0,0,NEEDS OPTIMISATION,3,above the fold; no effective cache-control for repeat visits
uk,desktop,/resources,priority,image,https://pub-f1a143f96bfc47df8ff1ccd1aaea6671.r2.dev/icons/technical-resources/icon-certificates-tests.svg,true,3,false,1,lazy,,26,26,150,150,200,image/svg+xml,381,,"""eea6849f5ad44e2edf587eeeb468d62c""",740.2000000029802,798.4000000059605,53.899999998509884,,988,0,0,NEEDS OPTIMISATION,3,no effective cache-control for repeat visits; fetched before scroll despite being below the fold (unnecessary initial-load bytes)
uk,desktop,/resources,priority,image,https://pub-f1a143f96bfc47df8ff1ccd1aaea6671.r2.dev/icons/technical-resources/icon-datasheets.svg,true,3,false,1,lazy,,26,26,150,150,200,image/svg+xml,356,,"""3567017e3a04ead56f3417791c01be55""",740.6000000014901,831.2000000029802,86.59999999403954,,988,0,0,NEEDS OPTIMISATION,3,no effective cache-control for repeat visits; fetched before scroll despite being below the fold (unnecessary initial-load bytes)
uk,desktop,/resources,priority,image,https://pub-f1a143f96bfc47df8ff1ccd1aaea6671.r2.dev/icons/technical-resources/icon-installation-guidance.svg,true,3,false,1,lazy,,26,26,150,150,200,image/svg+xml,371,,"""8b41a0ebbf4a09f02a57435184fc62c4""",740.8000000044703,837.9000000059605,97.10000000149012,,988,0,0,NEEDS OPTIMISATION,3,no effective cache-control for repeat visits; fetched before scroll despite being below the fold (unnecessary initial-load bytes)
uk,desktop,/resources,priority,image,https://pub-f1a143f96bfc47df8ff1ccd1aaea6671.r2.dev/brand/infravolt-wordmark-transparent.webp,true,3,true,1,lazy,,250,56,1040,235,200,image/webp,52456,,"""93441a0dddaf3276056bd01d677cc5c4""",741,838,97,,988,0,0,NEEDS OPTIMISATION,3,above the fold; no effective cache-control for repeat visits
uk,desktop,/resources,priority,background-image,https://pub-f1a143f96bfc47df8ff1ccd1aaea6671.r2.dev/resources/technical-resources-hero-background.webp,true,3,false,1,,,1920,455,,,200,image/webp,1731501,,"""9d112dae532e7ded46c4891d4feb180b""",624.2000000029802,822.2000000029802,198,,988,1,0,CRITICAL,10,is the page LCP element on at least one run; CSS background-image (no native lazy-loading / responsive srcset available); large file (1.65 MB); no effective cache-control for repeat visits; fetched before scroll despite being below the fold (unnecessary initial-load bytes)
uk,mobile,/resources,priority,image,https://pub-f1a143f96bfc47df8ff1ccd1aaea6671.r2.dev/brand/infravolt-wordmark-primary.webp,true,3,true,1,eager,,192,43,1040,235,200,image/webp,126044,,"""15ab34f45bad11445e87379fdf35c690""",125.10000000149012,223.69999999552965,98.59999999403954,,448,0,0,NEEDS OPTIMISATION,4,above the fold; mobile viewport; no effective cache-control for repeat visits
uk,mobile,/resources,priority,image,https://pub-f1a143f96bfc47df8ff1ccd1aaea6671.r2.dev/icons/technical-resources/icon-certificates-tests.svg,true,3,false,1,lazy,,26,26,150,150,200,image/svg+xml,381,,"""eea6849f5ad44e2edf587eeeb468d62c""",253.19999999552965,300.3999999985099,54.79999999701977,,448,0,0,NEEDS OPTIMISATION,4,mobile viewport; no effective cache-control for repeat visits; fetched before scroll despite being below the fold (unnecessary initial-load bytes)
uk,mobile,/resources,priority,image,https://pub-f1a143f96bfc47df8ff1ccd1aaea6671.r2.dev/icons/technical-resources/icon-datasheets.svg,true,3,false,1,lazy,,26,26,150,150,200,image/svg+xml,356,,"""3567017e3a04ead56f3417791c01be55""",253.29999999701977,367.69999999552965,83.5,,448,0,0,NEEDS OPTIMISATION,4,mobile viewport; no effective cache-control for repeat visits; fetched before scroll despite being below the fold (unnecessary initial-load bytes)
uk,mobile,/resources,priority,image,https://pub-f1a143f96bfc47df8ff1ccd1aaea6671.r2.dev/icons/technical-resources/icon-installation-guidance.svg,true,3,false,1,lazy,,26,26,150,150,200,image/svg+xml,371,,"""8b41a0ebbf4a09f02a57435184fc62c4""",253.39999999850988,320,71,,448,0,0,NEEDS OPTIMISATION,4,mobile viewport; no effective cache-control for repeat visits; fetched before scroll despite being below the fold (unnecessary initial-load bytes)
uk,mobile,/resources,priority,image,https://pub-f1a143f96bfc47df8ff1ccd1aaea6671.r2.dev/brand/infravolt-wordmark-transparent.webp,true,3,true,0,lazy,,220,50,1040,235,200,image/webp,52456,,"""93441a0dddaf3276056bd01d677cc5c4""",2574.39999999851,2634,53.70000000298023,,448,0,0,NEEDS OPTIMISATION,4,above the fold; mobile viewport; no effective cache-control for repeat visits
uk,mobile,/resources,priority,background-image,https://pub-f1a143f96bfc47df8ff1ccd1aaea6671.r2.dev/resources/technical-resources-hero-background.webp,true,3,false,1,,,390,490,,,200,image/webp,1731501,,"""9d112dae532e7ded46c4891d4feb180b""",164.70000000298023,332,148.69999999552965,,448,1,0,CRITICAL,11,is the page LCP element on at least one run; CSS background-image (no native lazy-loading / responsive srcset available); mobile viewport; large file (1.65 MB); no effective cache-control for repeat visits; fetched before scroll despite being below the fold (unnecessary initial-load bytes)
ua,desktop,/resources,priority,image,https://pub-f1a143f96bfc47df8ff1ccd1aaea6671.r2.dev/brand/infravolt-wordmark-primary.webp,true,3,true,1,eager,,252,57,1040,235,200,image/webp,126044,,"""15ab34f45bad11445e87379fdf35c690""",134.89999999850988,245.10000000149012,115.60000000149012,,472,0,0,NEEDS OPTIMISATION,3,above the fold; no effective cache-control for repeat visits
ua,desktop,/resources,priority,image,https://pub-f1a143f96bfc47df8ff1ccd1aaea6671.r2.dev/icons/technical-resources/icon-certificates-tests.svg,true,3,false,1,lazy,,26,26,150,150,200,image/svg+xml,381,,"""eea6849f5ad44e2edf587eeeb468d62c""",272.6000000014901,357.5,84.89999999850988,,472,0,0,NEEDS OPTIMISATION,3,no effective cache-control for repeat visits; fetched before scroll despite being below the fold (unnecessary initial-load bytes)
ua,desktop,/resources,priority,image,https://pub-f1a143f96bfc47df8ff1ccd1aaea6671.r2.dev/icons/technical-resources/icon-datasheets.svg,true,3,false,1,lazy,,26,26,150,150,200,image/svg+xml,356,,"""3567017e3a04ead56f3417791c01be55""",272.70000000298023,357,81.39999999850988,,472,0,0,NEEDS OPTIMISATION,3,no effective cache-control for repeat visits; fetched before scroll despite being below the fold (unnecessary initial-load bytes)
ua,desktop,/resources,priority,image,https://pub-f1a143f96bfc47df8ff1ccd1aaea6671.r2.dev/icons/technical-resources/icon-installation-guidance.svg,true,3,false,1,lazy,,26,26,150,150,200,image/svg+xml,371,,"""8b41a0ebbf4a09f02a57435184fc62c4""",272.8999999985099,353.6000000014901,92.69999999552965,,472,0,0,NEEDS OPTIMISATION,3,no effective cache-control for repeat visits; fetched before scroll despite being below the fold (unnecessary initial-load bytes)
ua,desktop,/resources,priority,image,https://pub-f1a143f96bfc47df8ff1ccd1aaea6671.r2.dev/brand/infravolt-wordmark-transparent.webp,true,3,true,1,lazy,,250,56,1040,235,200,image/webp,52456,,"""93441a0dddaf3276056bd01d677cc5c4""",272.8999999985099,399.20000000298023,94.69999999552965,,472,0,0,NEEDS OPTIMISATION,3,above the fold; no effective cache-control for repeat visits
ua,desktop,/resources,priority,background-image,https://pub-f1a143f96bfc47df8ff1ccd1aaea6671.r2.dev/resources/technical-resources-hero-background.webp,true,3,false,1,,,1920,455,,,200,image/webp,1731501,,"""9d112dae532e7ded46c4891d4feb180b""",172.39999999850988,317.5,153.19999999552965,,472,1,0,CRITICAL,10,is the page LCP element on at least one run; CSS background-image (no native lazy-loading / responsive srcset available); large file (1.65 MB); no effective cache-control for repeat visits; fetched before scroll despite being below the fold (unnecessary initial-load bytes)
ua,mobile,/resources,priority,image,https://pub-f1a143f96bfc47df8ff1ccd1aaea6671.r2.dev/brand/infravolt-wordmark-primary.webp,true,3,true,1,eager,,192,43,1040,235,200,image/webp,126044,,"""15ab34f45bad11445e87379fdf35c690""",136.29999999701977,225.60000000149012,89.30000000447035,,600,0,0,NEEDS OPTIMISATION,4,above the fold; mobile viewport; no effective cache-control for repeat visits
ua,mobile,/resources,priority,image,https://pub-f1a143f96bfc47df8ff1ccd1aaea6671.r2.dev/icons/technical-resources/icon-certificates-tests.svg,true,3,false,1,lazy,,26,26,150,150,200,image/svg+xml,381,,"""eea6849f5ad44e2edf587eeeb468d62c""",545.3999999985099,635.2999999970198,82.19999999552965,,600,0,0,NEEDS OPTIMISATION,4,mobile viewport; no effective cache-control for repeat visits; fetched before scroll despite being below the fold (unnecessary initial-load bytes)
ua,mobile,/resources,priority,image,https://pub-f1a143f96bfc47df8ff1ccd1aaea6671.r2.dev/icons/technical-resources/icon-datasheets.svg,true,3,false,1,lazy,,26,26,150,150,200,image/svg+xml,356,,"""3567017e3a04ead56f3417791c01be55""",545.5,618.6999999955297,81.70000000298023,,600,0,0,NEEDS OPTIMISATION,4,mobile viewport; no effective cache-control for repeat visits; fetched before scroll despite being below the fold (unnecessary initial-load bytes)
ua,mobile,/resources,priority,image,https://pub-f1a143f96bfc47df8ff1ccd1aaea6671.r2.dev/icons/technical-resources/icon-installation-guidance.svg,true,3,false,1,lazy,,26,26,150,150,200,image/svg+xml,371,,"""8b41a0ebbf4a09f02a57435184fc62c4""",545.6000000014901,619,79.39999999850988,,600,0,0,NEEDS OPTIMISATION,4,mobile viewport; no effective cache-control for repeat visits; fetched before scroll despite being below the fold (unnecessary initial-load bytes)
ua,mobile,/resources,priority,image,https://pub-f1a143f96bfc47df8ff1ccd1aaea6671.r2.dev/brand/infravolt-wordmark-transparent.webp,true,3,true,0,lazy,,220,50,1040,235,200,image/webp,52456,,"""93441a0dddaf3276056bd01d677cc5c4""",2613.8000000044703,2666.39999999851,48.099999994039536,,600,0,0,NEEDS OPTIMISATION,4,above the fold; mobile viewport; no effective cache-control for repeat visits
ua,mobile,/resources,priority,background-image,https://pub-f1a143f96bfc47df8ff1ccd1aaea6671.r2.dev/resources/technical-resources-hero-background.webp,true,3,false,1,,,390,448,,,200,image/webp,1731501,,"""9d112dae532e7ded46c4891d4feb180b""",465.69999999552965,562.1999999955297,130.89999999850988,,600,1,0,CRITICAL,11,is the page LCP element on at least one run; CSS background-image (no native lazy-loading / responsive srcset available); mobile viewport; large file (1.65 MB); no effective cache-control for repeat visits; fetched before scroll despite being below the fold (unnecessary initial-load bytes)
uk,desktop,/contact,priority,image,https://pub-f1a143f96bfc47df8ff1ccd1aaea6671.r2.dev/brand/infravolt-wordmark-primary.webp,true,3,true,1,eager,,252,57,1040,235,200,image/webp,126044,,"""15ab34f45bad11445e87379fdf35c690""",392.6000000014901,547.8999999985099,96.19999999552965,,824,0,0,NEEDS OPTIMISATION,3,above the fold; no effective cache-control for repeat visits
uk,desktop,/contact,priority,image,https://pub-f1a143f96bfc47df8ff1ccd1aaea6671.r2.dev/brand/infravolt-wordmark-transparent.webp,true,3,true,1,lazy,,250,56,1040,235,200,image/webp,52456,,"""93441a0dddaf3276056bd01d677cc5c4""",792.3999999985099,857.8999999985099,65.5,,824,0,0,NEEDS OPTIMISATION,3,above the fold; no effective cache-control for repeat visits
uk,mobile,/contact,priority,image,https://pub-f1a143f96bfc47df8ff1ccd1aaea6671.r2.dev/brand/infravolt-wordmark-primary.webp,true,3,true,1,eager,,192,43,1040,235,200,image/webp,126044,,"""15ab34f45bad11445e87379fdf35c690""",91.59999999403954,191.19999999552965,98.79999999701977,,220,0,0,NEEDS OPTIMISATION,4,above the fold; mobile viewport; no effective cache-control for repeat visits
uk,mobile,/contact,priority,image,https://pub-f1a143f96bfc47df8ff1ccd1aaea6671.r2.dev/brand/infravolt-wordmark-transparent.webp,true,3,true,1,lazy,,220,50,1040,235,200,image/webp,52456,,"""93441a0dddaf3276056bd01d677cc5c4""",205.39999999850988,267.19999999552965,81.29999999701977,,220,0,0,NEEDS OPTIMISATION,4,above the fold; mobile viewport; no effective cache-control for repeat visits
ua,desktop,/contact,priority,image,https://pub-f1a143f96bfc47df8ff1ccd1aaea6671.r2.dev/brand/infravolt-wordmark-primary.webp,true,3,true,1,eager,,252,57,1040,235,200,image/webp,126044,,"""15ab34f45bad11445e87379fdf35c690""",96.20000000298023,188.59999999403954,87.60000000149012,,260,0,0,NEEDS OPTIMISATION,3,above the fold; no effective cache-control for repeat visits
ua,desktop,/contact,priority,image,https://pub-f1a143f96bfc47df8ff1ccd1aaea6671.r2.dev/brand/infravolt-wordmark-transparent.webp,true,3,true,1,lazy,,250,56,1040,235,200,image/webp,52456,,"""93441a0dddaf3276056bd01d677cc5c4""",220.80000000447035,297.1000000014901,45.79999999701977,,260,0,0,NEEDS OPTIMISATION,3,above the fold; no effective cache-control for repeat visits
ua,mobile,/contact,priority,image,https://pub-f1a143f96bfc47df8ff1ccd1aaea6671.r2.dev/brand/infravolt-wordmark-primary.webp,true,3,true,1,eager,,192,43,1040,235,200,image/webp,126044,,"""15ab34f45bad11445e87379fdf35c690""",89.09999999403954,182.79999999701977,93.70000000298023,,496,0,0,NEEDS OPTIMISATION,4,above the fold; mobile viewport; no effective cache-control for repeat visits
ua,mobile,/contact,priority,image,https://pub-f1a143f96bfc47df8ff1ccd1aaea6671.r2.dev/brand/infravolt-wordmark-transparent.webp,true,3,true,1,lazy,,220,50,1040,235,200,image/webp,52456,,"""93441a0dddaf3276056bd01d677cc5c4""",484,532.2999999970198,48.29999999701977,,496,0,0,NEEDS OPTIMISATION,4,above the fold; mobile viewport; no effective cache-control for repeat visits
uk,desktop,/uk-support,priority,image,https://pub-f1a143f96bfc47df8ff1ccd1aaea6671.r2.dev/brand/infravolt-wordmark-primary.webp,true,3,true,1,eager,,252,57,1040,235,200,image/webp,126044,,"""15ab34f45bad11445e87379fdf35c690""",130.90000000596046,215.70000000298023,100.30000000447035,,740,0,0,NEEDS OPTIMISATION,3,above the fold; no effective cache-control for repeat visits
uk,desktop,/uk-support,priority,image,https://pub-f1a143f96bfc47df8ff1ccd1aaea6671.r2.dev/company/showroom/uk-showroom-technical-demo.webp,true,3,true,1,lazy,,848,603,1448,1086,200,image/webp,2171772,,"""babb38d9c72966b0b6e5c66b471837bf""",505.1000000014901,650.7000000029802,144.70000000298023,,740,1,0,CRITICAL,9,above the fold; is the page LCP element on at least one run; large file (2.07 MB); no effective cache-control for repeat visits
uk,desktop,/uk-support,priority,image,https://pub-f1a143f96bfc47df8ff1ccd1aaea6671.r2.dev/company/warehouse/hts-warehouse-exterior.webp,true,3,true,1,lazy,,647,397,1672,941,200,image/webp,2988487,,"""91217cd71ac24dca5fea5e7b4d1c1260""",505.29999999701977,757.2999999970198,241.39999999850988,,740,0,0,CRITICAL,7,above the fold; large file (2.85 MB); no effective cache-control for repeat visits
uk,desktop,/uk-support,priority,image,https://pub-f1a143f96bfc47df8ff1ccd1aaea6671.r2.dev/brand/infravolt-wordmark-transparent.webp,true,3,true,1,lazy,,250,56,1040,235,200,image/webp,52456,,"""93441a0dddaf3276056bd01d677cc5c4""",505.29999999701977,571.1000000014901,106.69999999552965,,740,0,0,NEEDS OPTIMISATION,3,above the fold; no effective cache-control for repeat visits
uk,mobile,/uk-support,priority,image,https://pub-f1a143f96bfc47df8ff1ccd1aaea6671.r2.dev/brand/infravolt-wordmark-primary.webp,true,3,true,1,eager,,192,43,1040,235,200,image/webp,126044,,"""15ab34f45bad11445e87379fdf35c690""",103.70000000298023,193.80000000447035,95,,352,0,0,NEEDS OPTIMISATION,4,above the fold; mobile viewport; no effective cache-control for repeat visits
uk,mobile,/uk-support,priority,image,https://pub-f1a143f96bfc47df8ff1ccd1aaea6671.r2.dev/company/showroom/uk-showroom-technical-demo.webp,true,3,false,1,lazy,,348,462,1448,1086,200,image/webp,2171772,,"""babb38d9c72966b0b6e5c66b471837bf""",195,337.6000000014901,142.60000000149012,,352,1,0,CRITICAL,10,is the page LCP element on at least one run; mobile viewport; large file (2.07 MB); no effective cache-control for repeat visits; fetched before scroll despite being below the fold (unnecessary initial-load bytes)
uk,mobile,/uk-support,priority,image,https://pub-f1a143f96bfc47df8ff1ccd1aaea6671.r2.dev/company/warehouse/hts-warehouse-exterior.webp,true,3,false,1,lazy,,348,304,1672,941,200,image/webp,2988487,,"""91217cd71ac24dca5fea5e7b4d1c1260""",195,399.1000000014901,204.10000000149012,,352,0,0,CRITICAL,8,mobile viewport; large file (2.85 MB); no effective cache-control for repeat visits; fetched before scroll despite being below the fold (unnecessary initial-load bytes)
uk,mobile,/uk-support,priority,image,https://pub-f1a143f96bfc47df8ff1ccd1aaea6671.r2.dev/brand/infravolt-wordmark-transparent.webp,true,3,true,1,lazy,,220,50,1040,235,200,image/webp,52456,,"""93441a0dddaf3276056bd01d677cc5c4""",195.10000000149012,300.3999999985099,112,,352,0,0,NEEDS OPTIMISATION,4,above the fold; mobile viewport; no effective cache-control for repeat visits
ua,desktop,/uk-support,priority,image,https://pub-f1a143f96bfc47df8ff1ccd1aaea6671.r2.dev/brand/infravolt-wordmark-primary.webp,true,3,true,1,eager,,252,57,1040,235,200,image/webp,126044,,"""15ab34f45bad11445e87379fdf35c690""",105.69999999552965,231.60000000149012,135,,504,0,0,NEEDS OPTIMISATION,3,above the fold; no effective cache-control for repeat visits
ua,desktop,/uk-support,priority,image,https://pub-f1a143f96bfc47df8ff1ccd1aaea6671.r2.dev/company/ua-support-technical-support-and-solution-selection.webp,true,3,true,1,lazy,,848,619,1672,941,200,image/webp,2006488,,"""a8442fc32ae146fd64a099d39df554be""",234.79999999701977,390,155.20000000298023,,504,1,0,CRITICAL,9,above the fold; is the page LCP element on at least one run; large file (1.91 MB); no effective cache-control for repeat visits
ua,desktop,/uk-support,priority,image,https://pub-f1a143f96bfc47df8ff1ccd1aaea6671.r2.dev/company/ua-support-project-supply-and-logistics-coordination.webp,true,3,true,1,lazy,,647,397,1672,941,200,image/webp,2319733,,"""c9915090f80bbc05981a12c242309584""",234.79999999701977,473.6000000014901,158.90000000596046,,504,0,0,CRITICAL,6,above the fold; large file (2.21 MB); no effective cache-control for repeat visits
ua,desktop,/uk-support,priority,image,https://pub-f1a143f96bfc47df8ff1ccd1aaea6671.r2.dev/brand/infravolt-wordmark-transparent.webp,true,3,true,1,lazy,,250,56,1040,235,200,image/webp,52456,,"""93441a0dddaf3276056bd01d677cc5c4""",234.89999999850988,300.69999999552965,98.70000000298023,,504,0,0,NEEDS OPTIMISATION,3,above the fold; no effective cache-control for repeat visits
ua,mobile,/uk-support,priority,image,https://pub-f1a143f96bfc47df8ff1ccd1aaea6671.r2.dev/brand/infravolt-wordmark-primary.webp,true,3,true,1,eager,,192,43,1040,235,200,image/webp,126044,,"""15ab34f45bad11445e87379fdf35c690""",122.10000000149012,209.10000000149012,87,,720,0,0,NEEDS OPTIMISATION,4,above the fold; mobile viewport; no effective cache-control for repeat visits
ua,mobile,/uk-support,priority,image,https://pub-f1a143f96bfc47df8ff1ccd1aaea6671.r2.dev/company/ua-support-technical-support-and-solution-selection.webp,true,3,false,1,lazy,,348,462,1672,941,200,image/webp,2006488,,"""a8442fc32ae146fd64a099d39df554be""",504.6000000014901,658.3999999985099,153.79999999701977,,720,1,0,CRITICAL,10,is the page LCP element on at least one run; mobile viewport; large file (1.91 MB); no effective cache-control for repeat visits; fetched before scroll despite being below the fold (unnecessary initial-load bytes)
ua,mobile,/uk-support,priority,image,https://pub-f1a143f96bfc47df8ff1ccd1aaea6671.r2.dev/company/ua-support-project-supply-and-logistics-coordination.webp,true,3,false,1,lazy,,348,304,1672,941,200,image/webp,2319733,,"""c9915090f80bbc05981a12c242309584""",504.70000000298023,702.5,194.69999999552965,,720,0,0,CRITICAL,7,mobile viewport; large file (2.21 MB); no effective cache-control for repeat visits; fetched before scroll despite being below the fold (unnecessary initial-load bytes)
ua,mobile,/uk-support,priority,image,https://pub-f1a143f96bfc47df8ff1ccd1aaea6671.r2.dev/brand/infravolt-wordmark-transparent.webp,true,3,true,1,lazy,,220,50,1040,235,200,image/webp,52456,,"""93441a0dddaf3276056bd01d677cc5c4""",504.80000000447035,608.5,106.79999999701977,,720,0,0,NEEDS OPTIMISATION,4,above the fold; mobile viewport; no effective cache-control for repeat visits
uk,desktop,/application-map,priority,image,https://pub-f1a143f96bfc47df8ff1ccd1aaea6671.r2.dev/brand/infravolt-wordmark-primary.webp,true,3,true,1,eager,,252,57,1040,235,200,image/webp,126044,,"""15ab34f45bad11445e87379fdf35c690""",132.5,221.30000000447035,97.60000000149012,,460,0,0,NEEDS OPTIMISATION,3,above the fold; no effective cache-control for repeat visits
uk,desktop,/application-map,priority,image,https://pub-f1a143f96bfc47df8ff1ccd1aaea6671.r2.dev/icons/products/icon-cable-tray.svg,true,3,false,1,lazy,,22,22,128,128,200,image/svg+xml,1009,,"""d23756fb44b933a1eed710c0451ad54a""",411.8999999985099,490.69999999552965,78.79999999701977,,460,0,0,NEEDS OPTIMISATION,3,no effective cache-control for repeat visits; fetched before scroll despite being below the fold (unnecessary initial-load bytes)
uk,desktop,/application-map,priority,image,https://pub-f1a143f96bfc47df8ff1ccd1aaea6671.r2.dev/icons/products/icon-busbar.svg,true,3,false,1,lazy,,22,22,128,128,200,image/svg+xml,1011,,"""cdf6fe8b14d1dd7f46e09892d86bdca4""",412.09999999403954,485.29999999701977,74.80000000447035,,460,0,0,NEEDS OPTIMISATION,3,no effective cache-control for repeat visits; fetched before scroll despite being below the fold (unnecessary initial-load bytes)
uk,desktop,/application-map,priority,image,https://pub-f1a143f96bfc47df8ff1ccd1aaea6671.r2.dev/icons/products/icon-support-system.svg,true,3,false,1,lazy,,22,22,128,128,200,image/svg+xml,979,,"""b5ac1a33dd76a1740a92130c0c75000b""",412.19999999552965,492.3999999985099,80.20000000298023,,460,0,0,NEEDS OPTIMISATION,3,no effective cache-control for repeat visits; fetched before scroll despite being below the fold (unnecessary initial-load bytes)
uk,desktop,/application-map,priority,image,https://pub-f1a143f96bfc47df8ff1ccd1aaea6671.r2.dev/icons/products/icon-earthing.svg,true,3,false,1,lazy,,22,22,128,128,200,image/svg+xml,992,,"""e4038fe378aa84cd391b8642a622582a""",412.19999999552965,517,115.39999999850988,,460,0,0,NEEDS OPTIMISATION,3,no effective cache-control for repeat visits; fetched before scroll despite being below the fold (unnecessary initial-load bytes)
uk,desktop,/application-map,priority,image,https://pub-f1a143f96bfc47df8ff1ccd1aaea6671.r2.dev/icons/products/icon-lighting-busbar.svg,true,3,false,1,lazy,,22,22,128,128,200,image/svg+xml,1025,,"""66b6066a05e1538b1d1bf94941a1fad4""",412.19999999552965,523.0999999940395,103.40000000596046,,460,0,0,NEEDS OPTIMISATION,3,no effective cache-control for repeat visits; fetched before scroll despite being below the fold (unnecessary initial-load bytes)
uk,desktop,/application-map,priority,image,https://pub-f1a143f96bfc47df8ff1ccd1aaea6671.r2.dev/icons/products/icon-ev-charging.svg,true,3,false,1,lazy,,22,22,128,128,200,image/svg+xml,1108,,"""ce7b21ea8271c4f656459ee600958711""",412.29999999701977,487.09999999403954,96.39999999850988,,460,0,0,NEEDS OPTIMISATION,3,no effective cache-control for repeat visits; fetched before scroll despite being below the fold (unnecessary initial-load bytes)
uk,desktop,/application-map,priority,image,http://uk.infravolt.localhost:3000/_next/image?url=https%3A%2F%2Fpub-f1a143f96bfc47df8ff1ccd1aaea6671.r2.dev%2Fapplication-map%2Fdata-centre%2Foverview%2Fdata-centre-overview.webp&w=1920&q=75,true,6,true,0,eager,,1052.5,597.5,896.5,504.5,200,image/webp,109912,"public, max-age=0, must-revalidate",Be-3IYX7mmMYckCpCqWjuHSASaSbfbWWoEaXH6Ylwqo,,,,,460,1,0,CRITICAL,6,above the fold; is the page LCP element on at least one run; no effective cache-control for repeat visits
uk,desktop,/application-map,priority,image,http://uk.infravolt.localhost:3000/_next/image?url=https%3A%2F%2Fpub-f1a143f96bfc47df8ff1ccd1aaea6671.r2.dev%2Fapplication-map%2Fdata-centre%2Fzones%2Fdata-centre-main-electrical-ups-room.webp&w=256&q=75,true,3,true,1,lazy,,185,115,140,78,200,image/webp,6412,"public, max-age=0, must-revalidate",SLMCWxfcOvLLSETpDlSlT5pUqTCT_1zuCYX2-KyZIDs,412.3999999985099,432.29999999701977,16.80000000447035,,460,0,0,NEEDS OPTIMISATION,3,above the fold; no effective cache-control for repeat visits
uk,desktop,/application-map,priority,image,http://uk.infravolt.localhost:3000/_next/image?url=https%3A%2F%2Fpub-f1a143f96bfc47df8ff1ccd1aaea6671.r2.dev%2Fapplication-map%2Fdata-centre%2Fzones%2Fdata-centre-data-hall-overhead-power-distribution.webp&w=256&q=75,true,3,true,1,lazy,,185,115,140,78,200,image/webp,5844,"public, max-age=0, must-revalidate",9KJQ-58YEcM-njrnfJyQlK4J3joddnvwoCzd1ArQCSc,412.5,433.3999999985099,18.399999998509884,,460,0,0,NEEDS OPTIMISATION,3,above the fold; no effective cache-control for repeat visits
uk,desktop,/application-map,priority,image,http://uk.infravolt.localhost:3000/_next/image?url=https%3A%2F%2Fpub-f1a143f96bfc47df8ff1ccd1aaea6671.r2.dev%2Fapplication-map%2Fdata-centre%2Fzones%2Fdata-centre-electrical-riser-floor-distribution.webp&w=256&q=75,true,3,true,1,lazy,,185,115,140,78,200,image/webp,6384,"public, max-age=0, must-revalidate",_AQ5a3nOPnNyRiKIX-Lq9yrzbzLucNP12G8U7DvlzEM,412.5,429,17.099999994039536,,460,0,0,NEEDS OPTIMISATION,3,above the fold; no effective cache-control for repeat visits
uk,desktop,/application-map,priority,image,http://uk.infravolt.localhost:3000/_next/image?url=https%3A%2F%2Fpub-f1a143f96bfc47df8ff1ccd1aaea6671.r2.dev%2Fapplication-map%2Fdata-centre%2Fzones%2Fdata-centre-generator-resilient-power-hall.webp&w=256&q=75,true,3,true,1,lazy,,185,115,140,78,200,image/webp,6650,"public, max-age=0, must-revalidate",sXa4zz1h6iYiB2mnJwLbct_J0eFjm93qtNO8gE-UhB8,412.5,433.8999999985099,19.19999999552965,,460,0,0,NEEDS OPTIMISATION,3,above the fold; no effective cache-control for repeat visits
uk,desktop,/application-map,priority,image,http://uk.infravolt.localhost:3000/_next/image?url=https%3A%2F%2Fpub-f1a143f96bfc47df8ff1ccd1aaea6671.r2.dev%2Fapplication-map%2Fdata-centre%2Fzones%2Fdata-centre-cooling-plant-pump-room.webp&w=256&q=75,true,3,true,1,lazy,,185,115,140,78,200,image/webp,7172,"public, max-age=0, must-revalidate",E2il3YSAjxA2isoA8X2_c55Fc25PZLMlY5DnV6-3WNM,412.59999999403954,444.29999999701977,31.30000000447035,,460,0,0,NEEDS OPTIMISATION,3,above the fold; no effective cache-control for repeat visits
uk,desktop,/application-map,priority,image,http://uk.infravolt.localhost:3000/_next/image?url=https%3A%2F%2Fpub-f1a143f96bfc47df8ff1ccd1aaea6671.r2.dev%2Fapplication-map%2Fdata-centre%2Fzones%2Fdata-centre-noc-control-room.webp&w=256&q=75,true,3,true,1,lazy,,185,115,140,78,200,image/webp,5946,"public, max-age=0, must-revalidate",ooPMXcVruqtNDMX3lsk0kxqNcMQ61dFtBQVr__BUMZM,412.69999999552965,443.69999999552965,29.700000002980232,,460,0,0,NEEDS OPTIMISATION,3,above the fold; no effective cache-control for repeat visits
uk,desktop,/application-map,priority,image,http://uk.infravolt.localhost:3000/_next/image?url=https%3A%2F%2Fpub-f1a143f96bfc47df8ff1ccd1aaea6671.r2.dev%2Fapplication-map%2Fdata-centre%2Fzones%2Fdata-centre-utility-intake-transformer-interface.webp&w=256&q=75,true,3,true,1,lazy,,185,115,140,78,200,image/webp,5918,"public, max-age=0, must-revalidate",qrmFp8kNGvLyDRKYKk89tVwwmqhjqh2XA2vMKpnCqeU,412.69999999552965,445.3999999985099,31.399999998509884,,460,0,0,NEEDS OPTIMISATION,3,above the fold; no effective cache-control for repeat visits
uk,desktop,/application-map,priority,image,http://uk.infravolt.localhost:3000/_next/image?url=https%3A%2F%2Fpub-f1a143f96bfc47df8ff1ccd1aaea6671.r2.dev%2Fapplication-map%2Fdata-centre%2Fzones%2Fdata-centre-external-infrastructure-ev-charging.webp&w=256&q=75,true,3,true,1,lazy,,185,115,140,78,200,image/webp,5544,"public, max-age=0, must-revalidate",OwQlA9JITjIri8D5b5eBUO1mUunbRkPvVy3jgpJg5HA,412.79999999701977,446.3999999985099,31.69999999552965,,460,0,0,NEEDS OPTIMISATION,3,above the fold; no effective cache-control for repeat visits
uk,desktop,/application-map,priority,image,https://pub-f1a143f96bfc47df8ff1ccd1aaea6671.r2.dev/brand/infravolt-wordmark-transparent.webp,true,3,true,1,lazy,,250,56,1040,235,200,image/webp,52456,,"""93441a0dddaf3276056bd01d677cc5c4""",412.8999999985099,567.3999999985099,146.69999999552965,,460,0,0,NEEDS OPTIMISATION,3,above the fold; no effective cache-control for repeat visits
uk,mobile,/application-map,priority,image,https://pub-f1a143f96bfc47df8ff1ccd1aaea6671.r2.dev/brand/infravolt-wordmark-primary.webp,true,3,true,1,eager,,192,43,1040,235,200,image/webp,126044,,"""15ab34f45bad11445e87379fdf35c690""",122.10000000149012,227.5,107.09999999403954,,504,0,0,NEEDS OPTIMISATION,4,above the fold; mobile viewport; no effective cache-control for repeat visits
uk,mobile,/application-map,priority,image,https://pub-f1a143f96bfc47df8ff1ccd1aaea6671.r2.dev/icons/products/icon-cable-tray.svg,true,3,false,1,lazy,,22,22,128,128,200,image/svg+xml,1009,,"""d23756fb44b933a1eed710c0451ad54a""",481.3999999985099,535.5,59.899999998509884,,504,0,0,NEEDS OPTIMISATION,4,mobile viewport; no effective cache-control for repeat visits; fetched before scroll despite being below the fold (unnecessary initial-load bytes)
uk,mobile,/application-map,priority,image,https://pub-f1a143f96bfc47df8ff1ccd1aaea6671.r2.dev/icons/products/icon-busbar.svg,true,3,false,1,lazy,,22,22,128,128,200,image/svg+xml,1011,,"""cdf6fe8b14d1dd7f46e09892d86bdca4""",481.5,597.5,103.79999999701977,,504,0,0,NEEDS OPTIMISATION,4,mobile viewport; no effective cache-control for repeat visits; fetched before scroll despite being below the fold (unnecessary initial-load bytes)
uk,mobile,/application-map,priority,image,https://pub-f1a143f96bfc47df8ff1ccd1aaea6671.r2.dev/icons/products/icon-support-system.svg,true,3,false,1,lazy,,22,22,128,128,200,image/svg+xml,979,,"""b5ac1a33dd76a1740a92130c0c75000b""",481.5,582.2000000029802,100.70000000298023,,504,0,0,NEEDS OPTIMISATION,4,mobile viewport; no effective cache-control for repeat visits; fetched before scroll despite being below the fold (unnecessary initial-load bytes)
uk,mobile,/application-map,priority,image,https://pub-f1a143f96bfc47df8ff1ccd1aaea6671.r2.dev/icons/products/icon-earthing.svg,true,3,false,1,lazy,,22,22,128,128,200,image/svg+xml,992,,"""e4038fe378aa84cd391b8642a622582a""",481.5,560.5,79,,504,0,0,NEEDS OPTIMISATION,4,mobile viewport; no effective cache-control for repeat visits; fetched before scroll despite being below the fold (unnecessary initial-load bytes)
uk,mobile,/application-map,priority,image,https://pub-f1a143f96bfc47df8ff1ccd1aaea6671.r2.dev/icons/products/icon-lighting-busbar.svg,true,3,false,1,lazy,,22,22,128,128,200,image/svg+xml,1025,,"""66b6066a05e1538b1d1bf94941a1fad4""",481.6000000014901,580.5,97.60000000149012,,504,0,0,NEEDS OPTIMISATION,4,mobile viewport; no effective cache-control for repeat visits; fetched before scroll despite being below the fold (unnecessary initial-load bytes)
uk,mobile,/application-map,priority,image,https://pub-f1a143f96bfc47df8ff1ccd1aaea6671.r2.dev/icons/products/icon-ev-charging.svg,true,3,false,1,lazy,,22,22,128,128,200,image/svg+xml,1108,,"""ce7b21ea8271c4f656459ee600958711""",481.6000000014901,585.2000000029802,85.09999999403954,,504,0,0,NEEDS OPTIMISATION,4,mobile viewport; no effective cache-control for repeat visits; fetched before scroll despite being below the fold (unnecessary initial-load bytes)
uk,mobile,/application-map,priority,image,http://uk.infravolt.localhost:3000/_next/image?url=https%3A%2F%2Fpub-f1a143f96bfc47df8ff1ccd1aaea6671.r2.dev%2Fapplication-map%2Fdata-centre%2Foverview%2Fdata-centre-overview.webp&w=640&q=75,true,6,false,0,eager,,253,142,264.5,148.5,200,image/webp,20704,"public, max-age=0, must-revalidate",BiH0ytfmVNYyCLpPkQrEkZsG0bcldSGexD48MnARXtk,,,,,504,1,0,NEEDS OPTIMISATION,5,is the page LCP element on at least one run; mobile viewport; no effective cache-control for repeat visits
uk,mobile,/application-map,priority,image,http://uk.infravolt.localhost:3000/_next/image?url=https%3A%2F%2Fpub-f1a143f96bfc47df8ff1ccd1aaea6671.r2.dev%2Fapplication-map%2Fdata-centre%2Fzones%2Fdata-centre-main-electrical-ups-room.webp&w=256&q=75,true,3,false,1,lazy,,116,65,140,78,200,image/webp,6412,"public, max-age=0, must-revalidate",SLMCWxfcOvLLSETpDlSlT5pUqTCT_1zuCYX2-KyZIDs,481.70000000298023,490.20000000298023,9.600000001490116,,504,0,0,NEEDS OPTIMISATION,4,mobile viewport; no effective cache-control for repeat visits; fetched before scroll despite being below the fold (unnecessary initial-load bytes)
uk,mobile,/application-map,priority,image,http://uk.infravolt.localhost:3000/_next/image?url=https%3A%2F%2Fpub-f1a143f96bfc47df8ff1ccd1aaea6671.r2.dev%2Fapplication-map%2Fdata-centre%2Fzones%2Fdata-centre-data-hall-overhead-power-distribution.webp&w=256&q=75,true,3,false,1,lazy,,116,65,140,78,200,image/webp,5844,"public, max-age=0, must-revalidate",9KJQ-58YEcM-njrnfJyQlK4J3joddnvwoCzd1ArQCSc,481.79999999701977,492.20000000298023,10.400000005960464,,504,0,0,NEEDS OPTIMISATION,4,mobile viewport; no effective cache-control for repeat visits; fetched before scroll despite being below the fold (unnecessary initial-load bytes)
uk,mobile,/application-map,priority,image,http://uk.infravolt.localhost:3000/_next/image?url=https%3A%2F%2Fpub-f1a143f96bfc47df8ff1ccd1aaea6671.r2.dev%2Fapplication-map%2Fdata-centre%2Fzones%2Fdata-centre-electrical-riser-floor-distribution.webp&w=3840&q=75,true,3,false,0,lazy,,116,65,,,,,,,,,,,,504,0,0,GOOD,2,mobile viewport; no effective cache-control for repeat visits
uk,mobile,/application-map,priority,image,http://uk.infravolt.localhost:3000/_next/image?url=https%3A%2F%2Fpub-f1a143f96bfc47df8ff1ccd1aaea6671.r2.dev%2Fapplication-map%2Fdata-centre%2Fzones%2Fdata-centre-generator-resilient-power-hall.webp&w=3840&q=75,true,3,false,0,lazy,,116,65,,,,,,,,,,,,504,0,0,GOOD,2,mobile viewport; no effective cache-control for repeat visits
uk,mobile,/application-map,priority,image,http://uk.infravolt.localhost:3000/_next/image?url=https%3A%2F%2Fpub-f1a143f96bfc47df8ff1ccd1aaea6671.r2.dev%2Fapplication-map%2Fdata-centre%2Fzones%2Fdata-centre-cooling-plant-pump-room.webp&w=3840&q=75,true,3,false,0,lazy,,116,65,,,,,,,,,,,,504,0,0,GOOD,2,mobile viewport; no effective cache-control for repeat visits
uk,mobile,/application-map,priority,image,http://uk.infravolt.localhost:3000/_next/image?url=https%3A%2F%2Fpub-f1a143f96bfc47df8ff1ccd1aaea6671.r2.dev%2Fapplication-map%2Fdata-centre%2Fzones%2Fdata-centre-noc-control-room.webp&w=3840&q=75,true,3,false,0,lazy,,116,65,,,,,,,,,,,,504,0,0,GOOD,2,mobile viewport; no effective cache-control for repeat visits
uk,mobile,/application-map,priority,image,http://uk.infravolt.localhost:3000/_next/image?url=https%3A%2F%2Fpub-f1a143f96bfc47df8ff1ccd1aaea6671.r2.dev%2Fapplication-map%2Fdata-centre%2Fzones%2Fdata-centre-utility-intake-transformer-interface.webp&w=3840&q=75,true,3,false,0,lazy,,116,65,,,,,,,,,,,,504,0,0,GOOD,2,mobile viewport; no effective cache-control for repeat visits
uk,mobile,/application-map,priority,image,http://uk.infravolt.localhost:3000/_next/image?url=https%3A%2F%2Fpub-f1a143f96bfc47df8ff1ccd1aaea6671.r2.dev%2Fapplication-map%2Fdata-centre%2Fzones%2Fdata-centre-external-infrastructure-ev-charging.webp&w=3840&q=75,true,3,false,0,lazy,,116,65,,,,,,,,,,,,504,0,0,GOOD,2,mobile viewport; no effective cache-control for repeat visits
uk,mobile,/application-map,priority,image,https://pub-f1a143f96bfc47df8ff1ccd1aaea6671.r2.dev/brand/infravolt-wordmark-transparent.webp,true,3,true,1,lazy,,220,50,1040,235,200,image/webp,52456,,"""93441a0dddaf3276056bd01d677cc5c4""",481.79999999701977,619.7000000029802,137.90000000596046,,504,0,0,NEEDS OPTIMISATION,4,above the fold; mobile viewport; no effective cache-control for repeat visits
ua,desktop,/application-map,priority,image,https://pub-f1a143f96bfc47df8ff1ccd1aaea6671.r2.dev/brand/infravolt-wordmark-primary.webp,true,3,true,1,eager,,252,57,1040,235,200,image/webp,126044,,"""15ab34f45bad11445e87379fdf35c690""",111.29999999701977,246,132.10000000149012,,528,0,0,NEEDS OPTIMISATION,3,above the fold; no effective cache-control for repeat visits
ua,desktop,/application-map,priority,image,https://pub-f1a143f96bfc47df8ff1ccd1aaea6671.r2.dev/icons/products/icon-cable-tray.svg,true,3,false,1,lazy,,22,22,128,128,200,image/svg+xml,1009,,"""d23756fb44b933a1eed710c0451ad54a""",482.3999999985099,535.1000000014901,79.19999999552965,,528,0,0,NEEDS OPTIMISATION,3,no effective cache-control for repeat visits; fetched before scroll despite being below the fold (unnecessary initial-load bytes)
ua,desktop,/application-map,priority,image,https://pub-f1a143f96bfc47df8ff1ccd1aaea6671.r2.dev/icons/products/icon-busbar.svg,true,3,false,1,lazy,,22,22,128,128,200,image/svg+xml,1011,,"""cdf6fe8b14d1dd7f46e09892d86bdca4""",482.5,557,83.10000000149012,,528,0,0,NEEDS OPTIMISATION,3,no effective cache-control for repeat visits; fetched before scroll despite being below the fold (unnecessary initial-load bytes)
ua,desktop,/application-map,priority,image,https://pub-f1a143f96bfc47df8ff1ccd1aaea6671.r2.dev/icons/products/icon-support-system.svg,true,3,false,1,lazy,,22,22,128,128,200,image/svg+xml,979,,"""b5ac1a33dd76a1740a92130c0c75000b""",482.5,592,107.39999999850988,,528,0,0,NEEDS OPTIMISATION,3,no effective cache-control for repeat visits; fetched before scroll despite being below the fold (unnecessary initial-load bytes)
ua,desktop,/application-map,priority,image,https://pub-f1a143f96bfc47df8ff1ccd1aaea6671.r2.dev/icons/products/icon-earthing.svg,true,3,false,1,lazy,,22,22,128,128,200,image/svg+xml,992,,"""e4038fe378aa84cd391b8642a622582a""",482.5,562.6000000014901,107,,528,0,0,NEEDS OPTIMISATION,3,no effective cache-control for repeat visits; fetched before scroll despite being below the fold (unnecessary initial-load bytes)
ua,desktop,/application-map,priority,image,https://pub-f1a143f96bfc47df8ff1ccd1aaea6671.r2.dev/icons/products/icon-lighting-busbar.svg,true,3,false,1,lazy,,22,22,128,128,200,image/svg+xml,1025,,"""66b6066a05e1538b1d1bf94941a1fad4""",482.6000000014901,559,80.79999999701977,,528,0,0,NEEDS OPTIMISATION,3,no effective cache-control for repeat visits; fetched before scroll despite being below the fold (unnecessary initial-load bytes)
ua,desktop,/application-map,priority,image,https://pub-f1a143f96bfc47df8ff1ccd1aaea6671.r2.dev/icons/products/icon-ev-charging.svg,true,3,false,1,lazy,,22,22,128,128,200,image/svg+xml,1108,,"""ce7b21ea8271c4f656459ee600958711""",482.70000000298023,567.6999999955297,86.79999999701977,,528,0,0,NEEDS OPTIMISATION,3,no effective cache-control for repeat visits; fetched before scroll despite being below the fold (unnecessary initial-load bytes)
ua,desktop,/application-map,priority,image,http://ua.infravolt.localhost:3000/_next/image?url=https%3A%2F%2Fpub-f1a143f96bfc47df8ff1ccd1aaea6671.r2.dev%2Fapplication-map%2Fdata-centre%2Foverview%2Fdata-centre-overview.webp&w=1920&q=75,true,6,true,0,eager,,1052.5,597.5,896.5,504.5,200,image/webp,109912,"public, max-age=0, must-revalidate",Be-3IYX7mmMYckCpCqWjuHSASaSbfbWWoEaXH6Ylwqo,,,,,528,1,0,CRITICAL,6,above the fold; is the page LCP element on at least one run; no effective cache-control for repeat visits
ua,desktop,/application-map,priority,image,http://ua.infravolt.localhost:3000/_next/image?url=https%3A%2F%2Fpub-f1a143f96bfc47df8ff1ccd1aaea6671.r2.dev%2Fapplication-map%2Fdata-centre%2Fzones%2Fdata-centre-main-electrical-ups-room.webp&w=256&q=75,true,3,true,1,lazy,,185,115,140,78,200,image/webp,6412,"public, max-age=0, must-revalidate",SLMCWxfcOvLLSETpDlSlT5pUqTCT_1zuCYX2-KyZIDs,482.70000000298023,501.8999999985099,19.19999999552965,,528,0,0,NEEDS OPTIMISATION,3,above the fold; no effective cache-control for repeat visits
ua,desktop,/application-map,priority,image,http://ua.infravolt.localhost:3000/_next/image?url=https%3A%2F%2Fpub-f1a143f96bfc47df8ff1ccd1aaea6671.r2.dev%2Fapplication-map%2Fdata-centre%2Fzones%2Fdata-centre-data-hall-overhead-power-distribution.webp&w=256&q=75,true,3,true,1,lazy,,185,115,140,78,200,image/webp,5844,"public, max-age=0, must-revalidate",9KJQ-58YEcM-njrnfJyQlK4J3joddnvwoCzd1ArQCSc,482.70000000298023,502.1000000014901,19.399999998509884,,528,0,0,NEEDS OPTIMISATION,3,above the fold; no effective cache-control for repeat visits
ua,desktop,/application-map,priority,image,http://ua.infravolt.localhost:3000/_next/image?url=https%3A%2F%2Fpub-f1a143f96bfc47df8ff1ccd1aaea6671.r2.dev%2Fapplication-map%2Fdata-centre%2Fzones%2Fdata-centre-electrical-riser-floor-distribution.webp&w=256&q=75,true,3,true,1,lazy,,185,115,140,78,200,image/webp,6384,"public, max-age=0, must-revalidate",_AQ5a3nOPnNyRiKIX-Lq9yrzbzLucNP12G8U7DvlzEM,482.8999999985099,502.29999999701977,19.399999998509884,,528,0,0,NEEDS OPTIMISATION,3,above the fold; no effective cache-control for repeat visits
ua,desktop,/application-map,priority,image,http://ua.infravolt.localhost:3000/_next/image?url=https%3A%2F%2Fpub-f1a143f96bfc47df8ff1ccd1aaea6671.r2.dev%2Fapplication-map%2Fdata-centre%2Fzones%2Fdata-centre-generator-resilient-power-hall.webp&w=256&q=75,true,3,true,1,lazy,,185,115,140,78,200,image/webp,6650,"public, max-age=0, must-revalidate",sXa4zz1h6iYiB2mnJwLbct_J0eFjm93qtNO8gE-UhB8,482.8999999985099,502.79999999701977,19.899999998509884,,528,0,0,NEEDS OPTIMISATION,3,above the fold; no effective cache-control for repeat visits
ua,desktop,/application-map,priority,image,http://ua.infravolt.localhost:3000/_next/image?url=https%3A%2F%2Fpub-f1a143f96bfc47df8ff1ccd1aaea6671.r2.dev%2Fapplication-map%2Fdata-centre%2Fzones%2Fdata-centre-cooling-plant-pump-room.webp&w=256&q=75,true,3,true,1,lazy,,185,115,140,78,200,image/webp,7172,"public, max-age=0, must-revalidate",E2il3YSAjxA2isoA8X2_c55Fc25PZLMlY5DnV6-3WNM,483,512.2000000029802,27.399999998509884,,528,0,0,NEEDS OPTIMISATION,3,above the fold; no effective cache-control for repeat visits
ua,desktop,/application-map,priority,image,http://ua.infravolt.localhost:3000/_next/image?url=https%3A%2F%2Fpub-f1a143f96bfc47df8ff1ccd1aaea6671.r2.dev%2Fapplication-map%2Fdata-centre%2Fzones%2Fdata-centre-noc-control-room.webp&w=256&q=75,true,3,true,1,lazy,,185,115,140,78,200,image/webp,5946,"public, max-age=0, must-revalidate",ooPMXcVruqtNDMX3lsk0kxqNcMQ61dFtBQVr__BUMZM,483,512.8999999985099,29.899999998509884,,528,0,0,NEEDS OPTIMISATION,3,above the fold; no effective cache-control for repeat visits
ua,desktop,/application-map,priority,image,http://ua.infravolt.localhost:3000/_next/image?url=https%3A%2F%2Fpub-f1a143f96bfc47df8ff1ccd1aaea6671.r2.dev%2Fapplication-map%2Fdata-centre%2Fzones%2Fdata-centre-utility-intake-transformer-interface.webp&w=256&q=75,true,3,true,1,lazy,,185,115,140,78,200,image/webp,5918,"public, max-age=0, must-revalidate",qrmFp8kNGvLyDRKYKk89tVwwmqhjqh2XA2vMKpnCqeU,483,513.5,30.5,,528,0,0,NEEDS OPTIMISATION,3,above the fold; no effective cache-control for repeat visits
ua,desktop,/application-map,priority,image,http://ua.infravolt.localhost:3000/_next/image?url=https%3A%2F%2Fpub-f1a143f96bfc47df8ff1ccd1aaea6671.r2.dev%2Fapplication-map%2Fdata-centre%2Fzones%2Fdata-centre-external-infrastructure-ev-charging.webp&w=256&q=75,true,3,true,1,lazy,,185,115,140,78,200,image/webp,5544,"public, max-age=0, must-revalidate",OwQlA9JITjIri8D5b5eBUO1mUunbRkPvVy3jgpJg5HA,483.1000000014901,514.1000000014901,31,,528,0,0,NEEDS OPTIMISATION,3,above the fold; no effective cache-control for repeat visits
ua,desktop,/application-map,priority,image,https://pub-f1a143f96bfc47df8ff1ccd1aaea6671.r2.dev/brand/infravolt-wordmark-transparent.webp,true,3,true,1,lazy,,250,56,1040,235,200,image/webp,52456,,"""93441a0dddaf3276056bd01d677cc5c4""",483.1000000014901,602.5,129.10000000149012,,528,0,0,NEEDS OPTIMISATION,3,above the fold; no effective cache-control for repeat visits
ua,mobile,/application-map,priority,image,https://pub-f1a143f96bfc47df8ff1ccd1aaea6671.r2.dev/brand/infravolt-wordmark-primary.webp,true,3,true,1,eager,,192,43,1040,235,200,image/webp,126044,,"""15ab34f45bad11445e87379fdf35c690""",112.29999999701977,248.70000000298023,133.60000000149012,,508,0,0,NEEDS OPTIMISATION,4,above the fold; mobile viewport; no effective cache-control for repeat visits
ua,mobile,/application-map,priority,image,https://pub-f1a143f96bfc47df8ff1ccd1aaea6671.r2.dev/icons/products/icon-cable-tray.svg,true,3,false,1,lazy,,22,22,128,128,200,image/svg+xml,1009,,"""d23756fb44b933a1eed710c0451ad54a""",487,537.5,50.5,,508,0,0,NEEDS OPTIMISATION,4,mobile viewport; no effective cache-control for repeat visits; fetched before scroll despite being below the fold (unnecessary initial-load bytes)
ua,mobile,/application-map,priority,image,https://pub-f1a143f96bfc47df8ff1ccd1aaea6671.r2.dev/icons/products/icon-busbar.svg,true,3,false,1,lazy,,22,22,128,128,200,image/svg+xml,1011,,"""cdf6fe8b14d1dd7f46e09892d86bdca4""",487.1000000014901,593.3000000044703,90.39999999850988,,508,0,0,NEEDS OPTIMISATION,4,mobile viewport; no effective cache-control for repeat visits; fetched before scroll despite being below the fold (unnecessary initial-load bytes)
ua,mobile,/application-map,priority,image,https://pub-f1a143f96bfc47df8ff1ccd1aaea6671.r2.dev/icons/products/icon-support-system.svg,true,3,false,1,lazy,,22,22,128,128,200,image/svg+xml,979,,"""b5ac1a33dd76a1740a92130c0c75000b""",487.1000000014901,593.3999999985099,101.80000000447035,,508,0,0,NEEDS OPTIMISATION,4,mobile viewport; no effective cache-control for repeat visits; fetched before scroll despite being below the fold (unnecessary initial-load bytes)
ua,mobile,/application-map,priority,image,https://pub-f1a143f96bfc47df8ff1ccd1aaea6671.r2.dev/icons/products/icon-earthing.svg,true,3,false,1,lazy,,22,22,128,128,200,image/svg+xml,992,,"""e4038fe378aa84cd391b8642a622582a""",487.20000000298023,608.1999999955297,116.79999999701977,,508,0,0,NEEDS OPTIMISATION,4,mobile viewport; no effective cache-control for repeat visits; fetched before scroll despite being below the fold (unnecessary initial-load bytes)
ua,mobile,/application-map,priority,image,https://pub-f1a143f96bfc47df8ff1ccd1aaea6671.r2.dev/icons/products/icon-lighting-busbar.svg,true,3,false,1,lazy,,22,22,128,128,200,image/svg+xml,1025,,"""66b6066a05e1538b1d1bf94941a1fad4""",487.20000000298023,564,107.5,,508,0,0,NEEDS OPTIMISATION,4,mobile viewport; no effective cache-control for repeat visits; fetched before scroll despite being below the fold (unnecessary initial-load bytes)
ua,mobile,/application-map,priority,image,https://pub-f1a143f96bfc47df8ff1ccd1aaea6671.r2.dev/icons/products/icon-ev-charging.svg,true,3,false,1,lazy,,22,22,128,128,200,image/svg+xml,1108,,"""ce7b21ea8271c4f656459ee600958711""",487.20000000298023,606.1000000014901,120.70000000298023,,508,0,0,NEEDS OPTIMISATION,4,mobile viewport; no effective cache-control for repeat visits; fetched before scroll despite being below the fold (unnecessary initial-load bytes)
ua,mobile,/application-map,priority,image,http://ua.infravolt.localhost:3000/_next/image?url=https%3A%2F%2Fpub-f1a143f96bfc47df8ff1ccd1aaea6671.r2.dev%2Fapplication-map%2Fdata-centre%2Foverview%2Fdata-centre-overview.webp&w=640&q=75,true,6,false,0,eager,,253,142,264.5,148.5,200,image/webp,20704,"public, max-age=0, must-revalidate",BiH0ytfmVNYyCLpPkQrEkZsG0bcldSGexD48MnARXtk,,,,,508,1,0,NEEDS OPTIMISATION,5,is the page LCP element on at least one run; mobile viewport; no effective cache-control for repeat visits
ua,mobile,/application-map,priority,image,http://ua.infravolt.localhost:3000/_next/image?url=https%3A%2F%2Fpub-f1a143f96bfc47df8ff1ccd1aaea6671.r2.dev%2Fapplication-map%2Fdata-centre%2Fzones%2Fdata-centre-main-electrical-ups-room.webp&w=256&q=75,true,3,false,1,lazy,,116,65,140,78,200,image/webp,6412,"public, max-age=0, must-revalidate",SLMCWxfcOvLLSETpDlSlT5pUqTCT_1zuCYX2-KyZIDs,487.30000000447035,501.3999999985099,9.700000002980232,,508,0,0,NEEDS OPTIMISATION,4,mobile viewport; no effective cache-control for repeat visits; fetched before scroll despite being below the fold (unnecessary initial-load bytes)
ua,mobile,/application-map,priority,image,http://ua.infravolt.localhost:3000/_next/image?url=https%3A%2F%2Fpub-f1a143f96bfc47df8ff1ccd1aaea6671.r2.dev%2Fapplication-map%2Fdata-centre%2Fzones%2Fdata-centre-data-hall-overhead-power-distribution.webp&w=256&q=75,true,3,false,1,lazy,,116,65,140,78,200,image/webp,5844,"public, max-age=0, must-revalidate",9KJQ-58YEcM-njrnfJyQlK4J3joddnvwoCzd1ArQCSc,487.3999999985099,503,10.5,,508,0,0,NEEDS OPTIMISATION,4,mobile viewport; no effective cache-control for repeat visits; fetched before scroll despite being below the fold (unnecessary initial-load bytes)
ua,mobile,/application-map,priority,image,http://ua.infravolt.localhost:3000/_next/image?url=https%3A%2F%2Fpub-f1a143f96bfc47df8ff1ccd1aaea6671.r2.dev%2Fapplication-map%2Fdata-centre%2Fzones%2Fdata-centre-electrical-riser-floor-distribution.webp&w=3840&q=75,true,3,false,0,lazy,,116,65,,,,,,,,,,,,508,0,0,GOOD,2,mobile viewport; no effective cache-control for repeat visits
ua,mobile,/application-map,priority,image,http://ua.infravolt.localhost:3000/_next/image?url=https%3A%2F%2Fpub-f1a143f96bfc47df8ff1ccd1aaea6671.r2.dev%2Fapplication-map%2Fdata-centre%2Fzones%2Fdata-centre-generator-resilient-power-hall.webp&w=3840&q=75,true,3,false,0,lazy,,116,65,,,,,,,,,,,,508,0,0,GOOD,2,mobile viewport; no effective cache-control for repeat visits
ua,mobile,/application-map,priority,image,http://ua.infravolt.localhost:3000/_next/image?url=https%3A%2F%2Fpub-f1a143f96bfc47df8ff1ccd1aaea6671.r2.dev%2Fapplication-map%2Fdata-centre%2Fzones%2Fdata-centre-cooling-plant-pump-room.webp&w=3840&q=75,true,3,false,0,lazy,,116,65,,,,,,,,,,,,508,0,0,GOOD,2,mobile viewport; no effective cache-control for repeat visits
ua,mobile,/application-map,priority,image,http://ua.infravolt.localhost:3000/_next/image?url=https%3A%2F%2Fpub-f1a143f96bfc47df8ff1ccd1aaea6671.r2.dev%2Fapplication-map%2Fdata-centre%2Fzones%2Fdata-centre-noc-control-room.webp&w=3840&q=75,true,3,false,0,lazy,,116,65,,,,,,,,,,,,508,0,0,GOOD,2,mobile viewport; no effective cache-control for repeat visits
ua,mobile,/application-map,priority,image,http://ua.infravolt.localhost:3000/_next/image?url=https%3A%2F%2Fpub-f1a143f96bfc47df8ff1ccd1aaea6671.r2.dev%2Fapplication-map%2Fdata-centre%2Fzones%2Fdata-centre-utility-intake-transformer-interface.webp&w=3840&q=75,true,3,false,0,lazy,,116,65,,,,,,,,,,,,508,0,0,GOOD,2,mobile viewport; no effective cache-control for repeat visits
ua,mobile,/application-map,priority,image,http://ua.infravolt.localhost:3000/_next/image?url=https%3A%2F%2Fpub-f1a143f96bfc47df8ff1ccd1aaea6671.r2.dev%2Fapplication-map%2Fdata-centre%2Fzones%2Fdata-centre-external-infrastructure-ev-charging.webp&w=3840&q=75,true,3,false,0,lazy,,116,65,,,,,,,,,,,,508,0,0,GOOD,2,mobile viewport; no effective cache-control for repeat visits
ua,mobile,/application-map,priority,image,https://pub-f1a143f96bfc47df8ff1ccd1aaea6671.r2.dev/brand/infravolt-wordmark-transparent.webp,true,3,true,1,lazy,,220,50,1040,235,200,image/webp,52456,,"""93441a0dddaf3276056bd01d677cc5c4""",487.3999999985099,593.5,106.10000000149012,,508,0,0,NEEDS OPTIMISATION,4,above the fold; mobile viewport; no effective cache-control for repeat visits
uk,desktop,/application-map/commercial-building,priority,image,https://pub-f1a143f96bfc47df8ff1ccd1aaea6671.r2.dev/brand/infravolt-wordmark-primary.webp,true,3,true,1,eager,,252,57,1040,235,200,image/webp,126044,,"""15ab34f45bad11445e87379fdf35c690""",173.29999999701977,272,137.20000000298023,,332,0,0,NEEDS OPTIMISATION,3,above the fold; no effective cache-control for repeat visits
uk,desktop,/application-map/commercial-building,priority,image,https://pub-f1a143f96bfc47df8ff1ccd1aaea6671.r2.dev/icons/products/icon-cable-tray.svg,true,3,false,1,lazy,,22,22,128,128,200,image/svg+xml,1009,,"""d23756fb44b933a1eed710c0451ad54a""",284.19999999552965,343.1000000014901,92.69999999552965,,332,0,0,NEEDS OPTIMISATION,3,no effective cache-control for repeat visits; fetched before scroll despite being below the fold (unnecessary initial-load bytes)
uk,desktop,/application-map/commercial-building,priority,image,https://pub-f1a143f96bfc47df8ff1ccd1aaea6671.r2.dev/icons/products/icon-busbar.svg,true,3,false,1,lazy,,22,22,128,128,200,image/svg+xml,1011,,"""cdf6fe8b14d1dd7f46e09892d86bdca4""",284.3999999985099,383.6000000014901,99.20000000298023,,332,0,0,NEEDS OPTIMISATION,3,no effective cache-control for repeat visits; fetched before scroll despite being below the fold (unnecessary initial-load bytes)
uk,desktop,/application-map/commercial-building,priority,image,https://pub-f1a143f96bfc47df8ff1ccd1aaea6671.r2.dev/icons/products/icon-support-system.svg,true,3,false,1,lazy,,22,22,128,128,200,image/svg+xml,979,,"""b5ac1a33dd76a1740a92130c0c75000b""",284.5,414.3999999985099,73.10000000149012,,332,0,0,NEEDS OPTIMISATION,3,no effective cache-control for repeat visits; fetched before scroll despite being below the fold (unnecessary initial-load bytes)
uk,desktop,/application-map/commercial-building,priority,image,https://pub-f1a143f96bfc47df8ff1ccd1aaea6671.r2.dev/icons/products/icon-earthing.svg,true,3,false,1,lazy,,22,22,128,128,200,image/svg+xml,992,,"""e4038fe378aa84cd391b8642a622582a""",284.6000000014901,398.6000000014901,113.5,,332,0,0,NEEDS OPTIMISATION,3,no effective cache-control for repeat visits; fetched before scroll despite being below the fold (unnecessary initial-load bytes)
uk,desktop,/application-map/commercial-building,priority,image,https://pub-f1a143f96bfc47df8ff1ccd1aaea6671.r2.dev/icons/products/icon-lighting-busbar.svg,true,3,false,1,lazy,,22,22,128,128,200,image/svg+xml,1025,,"""66b6066a05e1538b1d1bf94941a1fad4""",284.79999999701977,411.29999999701977,84.39999999850988,,332,0,0,NEEDS OPTIMISATION,3,no effective cache-control for repeat visits; fetched before scroll despite being below the fold (unnecessary initial-load bytes)
uk,desktop,/application-map/commercial-building,priority,image,https://pub-f1a143f96bfc47df8ff1ccd1aaea6671.r2.dev/icons/products/icon-ev-charging.svg,true,3,false,1,lazy,,22,22,128,128,200,image/svg+xml,1108,,"""ce7b21ea8271c4f656459ee600958711""",284.8999999985099,366.8999999985099,121.09999999403954,,332,0,0,NEEDS OPTIMISATION,3,no effective cache-control for repeat visits; fetched before scroll despite being below the fold (unnecessary initial-load bytes)
uk,desktop,/application-map/commercial-building,priority,image,http://uk.infravolt.localhost:3000/_next/image?url=https%3A%2F%2Fpub-f1a143f96bfc47df8ff1ccd1aaea6671.r2.dev%2Fapplication-map%2Fcommercial-building%2Foverview%2Fcommercial-building-application-map-overview.webp&w=1920&q=75,true,5,true,0,eager,,1920,1080,1920,1080,200,image/webp,114476,"public, max-age=0, must-revalidate",F7n35RIpzJiXa3UxmQZyTVw3nVzPAkO8CtO2QzSJK9A,,,,,332,1,0,CRITICAL,6,above the fold; is the page LCP element on at least one run; no effective cache-control for repeat visits
uk,desktop,/application-map/commercial-building,priority,image,http://uk.infravolt.localhost:3000/_next/image?url=https%3A%2F%2Fpub-f1a143f96bfc47df8ff1ccd1aaea6671.r2.dev%2Fapplication-map%2Fcommercial-building%2Foverview%2Fcommercial-building-application-map-overview.webp&w=256&q=75,true,1,true,1,lazy,,210,131,140,78,200,image/webp,4822,"public, max-age=0, must-revalidate",cWrX_HafzHnd1DrkpHvtTzpuTJdAXdHwT8DxDDDvBOQ,1468.7000000029802,1561.3000000044703,92.60000000149012,,1624,0,0,NEEDS OPTIMISATION,3,above the fold; no effective cache-control for repeat visits
uk,desktop,/application-map/commercial-building,priority,image,http://uk.infravolt.localhost:3000/_next/image?url=https%3A%2F%2Fpub-f1a143f96bfc47df8ff1ccd1aaea6671.r2.dev%2Fapplication-map%2Fcommercial-building%2Fzones%2Fcommercial-building-main-electrical-room.webp&w=256&q=75,true,3,true,1,lazy,,210,131,140,78,200,image/webp,5174,"public, max-age=0, must-revalidate",moISq2TM0ms6q0JisZBOCaP80t7T0UofBiVYCZHaBZg,285,300.19999999552965,17.200000002980232,,332,0,0,NEEDS OPTIMISATION,3,above the fold; no effective cache-control for repeat visits
uk,desktop,/application-map/commercial-building,priority,image,http://uk.infravolt.localhost:3000/_next/image?url=https%3A%2F%2Fpub-f1a143f96bfc47df8ff1ccd1aaea6671.r2.dev%2Fapplication-map%2Fcommercial-building%2Fzones%2Fcommercial-building-office-floor-lighting.webp&w=256&q=75,true,3,true,1,lazy,,210,131,140,78,200,image/webp,6144,"public, max-age=0, must-revalidate",7bjoRFAPxs1pApuCbOgJuu4Kx3ZBYrV9MQKNpLkhJIU,285.1000000014901,301.69999999552965,20.5,,332,0,0,NEEDS OPTIMISATION,3,above the fold; no effective cache-control for repeat visits
uk,desktop,/application-map/commercial-building,priority,image,http://uk.infravolt.localhost:3000/_next/image?url=https%3A%2F%2Fpub-f1a143f96bfc47df8ff1ccd1aaea6671.r2.dev%2Fapplication-map%2Fcommercial-building%2Fzones%2Fcommercial-building-underfloor-distribution.webp&w=256&q=75,true,3,true,1,lazy,,210,131,140,78,200,image/webp,6972,"public, max-age=0, must-revalidate",8JqNgqe1vG5y0ssje4o7WseNw09MDoqe2WwoCsEniYE,285.19999999552965,302.79999999701977,18.399999998509884,,332,0,0,NEEDS OPTIMISATION,3,above the fold; no effective cache-control for repeat visits
uk,desktop,/application-map/commercial-building,priority,image,http://uk.infravolt.localhost:3000/_next/image?url=https%3A%2F%2Fpub-f1a143f96bfc47df8ff1ccd1aaea6671.r2.dev%2Fapplication-map%2Fcommercial-building%2Fzones%2Fcommercial-building-vertical-riser-service-shaft.webp&w=256&q=75,true,3,true,1,lazy,,210,131,140,78,200,image/webp,4424,"public, max-age=0, must-revalidate",FPq0jVvfr7DCTvscwC4npA4Ub7RFbQr7GmJ1b4OuBws,285.29999999701977,302.8999999985099,21,,332,0,0,NEEDS OPTIMISATION,3,above the fold; no effective cache-control for repeat visits
uk,desktop,/application-map/commercial-building,priority,image,http://uk.infravolt.localhost:3000/_next/image?url=https%3A%2F%2Fpub-f1a143f96bfc47df8ff1ccd1aaea6671.r2.dev%2Fapplication-map%2Fcommercial-building%2Fzones%2Fcommercial-building-rooftop-plant.webp&w=256&q=75,true,3,true,1,lazy,,210,131,140,78,200,image/webp,6358,"public, max-age=0, must-revalidate",goZ1ki4-LI2FiRsQX96zwpfofgBVozTwJWaa-P1wpsU,285.3999999985099,310,24.600000001490116,,332,0,0,NEEDS OPTIMISATION,3,above the fold; no effective cache-control for repeat visits
uk,desktop,/application-map/commercial-building,priority,image,http://uk.infravolt.localhost:3000/_next/image?url=https%3A%2F%2Fpub-f1a143f96bfc47df8ff1ccd1aaea6671.r2.dev%2Fapplication-map%2Fcommercial-building%2Fzones%2Fcommercial-building-external-utilities-yard.webp&w=256&q=75,true,3,true,1,lazy,,210,131,140,78,200,image/webp,5756,"public, max-age=0, must-revalidate",Av1vLl8SmCPsnIXFYzt3zs-qh2S_Mok1b-4n-icgsI4,285.5,311.8999999985099,28.5,,332,0,0,NEEDS OPTIMISATION,3,above the fold; no effective cache-control for repeat visits
uk,desktop,/application-map/commercial-building,priority,image,http://uk.infravolt.localhost:3000/_next/image?url=https%3A%2F%2Fpub-f1a143f96bfc47df8ff1ccd1aaea6671.r2.dev%2Fapplication-map%2Fcommercial-building%2Fzones%2Fcommercial-building-parking-ev-charging.webp&w=256&q=75,true,3,true,1,lazy,,210,131,140,78,200,image/webp,6496,"public, max-age=0, must-revalidate",epkNq5vgFV2CccoGssUCTgrvFuPgG0K5h03FqHxVQ3Y,285.6000000014901,316.5,30.899999998509884,,332,0,0,NEEDS OPTIMISATION,3,above the fold; no effective cache-control for repeat visits
uk,desktop,/application-map/commercial-building,priority,image,https://pub-f1a143f96bfc47df8ff1ccd1aaea6671.r2.dev/brand/infravolt-wordmark-transparent.webp,true,3,true,1,lazy,,250,56,1040,235,200,image/webp,52456,,"""93441a0dddaf3276056bd01d677cc5c4""",285.69999999552965,383.29999999701977,105,,332,0,0,NEEDS OPTIMISATION,3,above the fold; no effective cache-control for repeat visits
uk,mobile,/application-map/commercial-building,priority,image,https://pub-f1a143f96bfc47df8ff1ccd1aaea6671.r2.dev/brand/infravolt-wordmark-primary.webp,true,3,true,1,eager,,192,43,1040,235,200,image/webp,126044,,"""15ab34f45bad11445e87379fdf35c690""",136.89999999850988,235.70000000298023,105.20000000298023,,400,0,0,NEEDS OPTIMISATION,4,above the fold; mobile viewport; no effective cache-control for repeat visits
uk,mobile,/application-map/commercial-building,priority,image,https://pub-f1a143f96bfc47df8ff1ccd1aaea6671.r2.dev/icons/products/icon-cable-tray.svg,true,3,false,1,lazy,,22,22,128,128,200,image/svg+xml,1009,,"""d23756fb44b933a1eed710c0451ad54a""",227.5,297.80000000447035,59.29999999701977,,400,0,0,NEEDS OPTIMISATION,4,mobile viewport; no effective cache-control for repeat visits; fetched before scroll despite being below the fold (unnecessary initial-load bytes)
uk,mobile,/application-map/commercial-building,priority,image,https://pub-f1a143f96bfc47df8ff1ccd1aaea6671.r2.dev/icons/products/icon-busbar.svg,true,3,false,1,lazy,,22,22,128,128,200,image/svg+xml,1011,,"""cdf6fe8b14d1dd7f46e09892d86bdca4""",227.60000000149012,330,82.19999999552965,,400,0,0,NEEDS OPTIMISATION,4,mobile viewport; no effective cache-control for repeat visits; fetched before scroll despite being below the fold (unnecessary initial-load bytes)
uk,mobile,/application-map/commercial-building,priority,image,https://pub-f1a143f96bfc47df8ff1ccd1aaea6671.r2.dev/icons/products/icon-support-system.svg,true,3,false,1,lazy,,22,22,128,128,200,image/svg+xml,979,,"""b5ac1a33dd76a1740a92130c0c75000b""",227.60000000149012,336.3999999985099,82,,400,0,0,NEEDS OPTIMISATION,4,mobile viewport; no effective cache-control for repeat visits; fetched before scroll despite being below the fold (unnecessary initial-load bytes)
uk,mobile,/application-map/commercial-building,priority,image,https://pub-f1a143f96bfc47df8ff1ccd1aaea6671.r2.dev/icons/products/icon-earthing.svg,true,3,false,1,lazy,,22,22,128,128,200,image/svg+xml,992,,"""e4038fe378aa84cd391b8642a622582a""",227.80000000447035,308.70000000298023,80.89999999850988,,400,0,0,NEEDS OPTIMISATION,4,mobile viewport; no effective cache-control for repeat visits; fetched before scroll despite being below the fold (unnecessary initial-load bytes)
uk,mobile,/application-map/commercial-building,priority,image,https://pub-f1a143f96bfc47df8ff1ccd1aaea6671.r2.dev/icons/products/icon-lighting-busbar.svg,true,3,false,1,lazy,,22,22,128,128,200,image/svg+xml,1025,,"""66b6066a05e1538b1d1bf94941a1fad4""",227.89999999850988,317.3999999985099,87.5,,400,0,0,NEEDS OPTIMISATION,4,mobile viewport; no effective cache-control for repeat visits; fetched before scroll despite being below the fold (unnecessary initial-load bytes)
uk,mobile,/application-map/commercial-building,priority,image,https://pub-f1a143f96bfc47df8ff1ccd1aaea6671.r2.dev/icons/products/icon-ev-charging.svg,true,3,false,1,lazy,,22,22,128,128,200,image/svg+xml,1108,,"""ce7b21ea8271c4f656459ee600958711""",228.10000000149012,287.79999999701977,81.60000000149012,,400,0,0,NEEDS OPTIMISATION,4,mobile viewport; no effective cache-control for repeat visits; fetched before scroll despite being below the fold (unnecessary initial-load bytes)
uk,mobile,/application-map/commercial-building,priority,image,http://uk.infravolt.localhost:3000/_next/image?url=https%3A%2F%2Fpub-f1a143f96bfc47df8ff1ccd1aaea6671.r2.dev%2Fapplication-map%2Fcommercial-building%2Foverview%2Fcommercial-building-application-map-overview.webp&w=640&q=75,true,5,false,0,eager,,390,219,390,219,200,image/webp,22196,"public, max-age=0, must-revalidate",FdIT0V4HXtf985UZcG_VjOs8NCxvq-6o1Bg0wWSiLQE,,,,,400,1,0,NEEDS OPTIMISATION,5,is the page LCP element on at least one run; mobile viewport; no effective cache-control for repeat visits
uk,mobile,/application-map/commercial-building,priority,image,http://uk.infravolt.localhost:3000/_next/image?url=https%3A%2F%2Fpub-f1a143f96bfc47df8ff1ccd1aaea6671.r2.dev%2Fapplication-map%2Fcommercial-building%2Foverview%2Fcommercial-building-application-map-overview.webp&w=256&q=75,true,1,false,1,lazy,,116,65,140,78,200,image/webp,4822,"public, max-age=0, must-revalidate",cWrX_HafzHnd1DrkpHvtTzpuTJdAXdHwT8DxDDDvBOQ,228.30000000447035,247.30000000447035,19,,400,0,0,NEEDS OPTIMISATION,4,mobile viewport; no effective cache-control for repeat visits; fetched before scroll despite being below the fold (unnecessary initial-load bytes)
uk,mobile,/application-map/commercial-building,priority,image,http://uk.infravolt.localhost:3000/_next/image?url=https%3A%2F%2Fpub-f1a143f96bfc47df8ff1ccd1aaea6671.r2.dev%2Fapplication-map%2Fcommercial-building%2Fzones%2Fcommercial-building-main-electrical-room.webp&w=256&q=75,true,3,false,1,lazy,,116,65,140,78,200,image/webp,5174,"public, max-age=0, must-revalidate",moISq2TM0ms6q0JisZBOCaP80t7T0UofBiVYCZHaBZg,228.30000000447035,248.20000000298023,12.399999998509884,,400,0,0,NEEDS OPTIMISATION,4,mobile viewport; no effective cache-control for repeat visits; fetched before scroll despite being below the fold (unnecessary initial-load bytes)
uk,mobile,/application-map/commercial-building,priority,image,http://uk.infravolt.localhost:3000/_next/image?url=https%3A%2F%2Fpub-f1a143f96bfc47df8ff1ccd1aaea6671.r2.dev%2Fapplication-map%2Fcommercial-building%2Fzones%2Fcommercial-building-office-floor-lighting.webp&w=256&q=75,true,3,false,1,lazy,,116,65,140,78,200,image/webp,6144,"public, max-age=0, must-revalidate",7bjoRFAPxs1pApuCbOgJuu4Kx3ZBYrV9MQKNpLkhJIU,228.39999999850988,248.89999999850988,12.5,,400,0,0,NEEDS OPTIMISATION,4,mobile viewport; no effective cache-control for repeat visits; fetched before scroll despite being below the fold (unnecessary initial-load bytes)
uk,mobile,/application-map/commercial-building,priority,image,http://uk.infravolt.localhost:3000/_next/image?url=https%3A%2F%2Fpub-f1a143f96bfc47df8ff1ccd1aaea6671.r2.dev%2Fapplication-map%2Fcommercial-building%2Fzones%2Fcommercial-building-underfloor-distribution.webp&w=3840&q=75,true,3,false,0,lazy,,116,65,,,,,,,,,,,,400,0,0,GOOD,2,mobile viewport; no effective cache-control for repeat visits
uk,mobile,/application-map/commercial-building,priority,image,http://uk.infravolt.localhost:3000/_next/image?url=https%3A%2F%2Fpub-f1a143f96bfc47df8ff1ccd1aaea6671.r2.dev%2Fapplication-map%2Fcommercial-building%2Fzones%2Fcommercial-building-vertical-riser-service-shaft.webp&w=3840&q=75,true,3,false,0,lazy,,116,65,,,,,,,,,,,,400,0,0,GOOD,2,mobile viewport; no effective cache-control for repeat visits
uk,mobile,/application-map/commercial-building,priority,image,http://uk.infravolt.localhost:3000/_next/image?url=https%3A%2F%2Fpub-f1a143f96bfc47df8ff1ccd1aaea6671.r2.dev%2Fapplication-map%2Fcommercial-building%2Fzones%2Fcommercial-building-rooftop-plant.webp&w=3840&q=75,true,3,false,0,lazy,,116,65,,,,,,,,,,,,400,0,0,GOOD,2,mobile viewport; no effective cache-control for repeat visits
uk,mobile,/application-map/commercial-building,priority,image,http://uk.infravolt.localhost:3000/_next/image?url=https%3A%2F%2Fpub-f1a143f96bfc47df8ff1ccd1aaea6671.r2.dev%2Fapplication-map%2Fcommercial-building%2Fzones%2Fcommercial-building-external-utilities-yard.webp&w=3840&q=75,true,3,false,0,lazy,,116,65,,,,,,,,,,,,400,0,0,GOOD,2,mobile viewport; no effective cache-control for repeat visits
uk,mobile,/application-map/commercial-building,priority,image,http://uk.infravolt.localhost:3000/_next/image?url=https%3A%2F%2Fpub-f1a143f96bfc47df8ff1ccd1aaea6671.r2.dev%2Fapplication-map%2Fcommercial-building%2Fzones%2Fcommercial-building-parking-ev-charging.webp&w=3840&q=75,true,3,false,0,lazy,,116,65,,,,,,,,,,,,400,0,0,GOOD,2,mobile viewport; no effective cache-control for repeat visits
uk,mobile,/application-map/commercial-building,priority,image,https://pub-f1a143f96bfc47df8ff1ccd1aaea6671.r2.dev/brand/infravolt-wordmark-transparent.webp,true,3,true,1,lazy,,220,50,1040,235,200,image/webp,52456,,"""93441a0dddaf3276056bd01d677cc5c4""",228.5,317.8999999985099,111.39999999850988,,400,0,0,NEEDS OPTIMISATION,4,above the fold; mobile viewport; no effective cache-control for repeat visits
ua,desktop,/application-map/commercial-building,priority,image,https://pub-f1a143f96bfc47df8ff1ccd1aaea6671.r2.dev/brand/infravolt-wordmark-primary.webp,true,3,true,1,eager,,252,57,1040,235,200,image/webp,126044,,"""15ab34f45bad11445e87379fdf35c690""",125.60000000149012,241.10000000149012,87.5,,548,0,0,NEEDS OPTIMISATION,3,above the fold; no effective cache-control for repeat visits
ua,desktop,/application-map/commercial-building,priority,image,https://pub-f1a143f96bfc47df8ff1ccd1aaea6671.r2.dev/icons/products/icon-cable-tray.svg,true,3,false,1,lazy,,22,22,128,128,200,image/svg+xml,1009,,"""d23756fb44b933a1eed710c0451ad54a""",502.80000000447035,551.3999999985099,44.30000000447035,,548,0,0,NEEDS OPTIMISATION,3,no effective cache-control for repeat visits; fetched before scroll despite being below the fold (unnecessary initial-load bytes)
ua,desktop,/application-map/commercial-building,priority,image,https://pub-f1a143f96bfc47df8ff1ccd1aaea6671.r2.dev/icons/products/icon-busbar.svg,true,3,false,1,lazy,,22,22,128,128,200,image/svg+xml,1011,,"""cdf6fe8b14d1dd7f46e09892d86bdca4""",502.8999999985099,607.5,110.60000000149012,,548,0,0,NEEDS OPTIMISATION,3,no effective cache-control for repeat visits; fetched before scroll despite being below the fold (unnecessary initial-load bytes)
ua,desktop,/application-map/commercial-building,priority,image,https://pub-f1a143f96bfc47df8ff1ccd1aaea6671.r2.dev/icons/products/icon-support-system.svg,true,3,false,1,lazy,,22,22,128,128,200,image/svg+xml,979,,"""b5ac1a33dd76a1740a92130c0c75000b""",502.8999999985099,610.8000000044703,107.90000000596046,,548,0,0,NEEDS OPTIMISATION,3,no effective cache-control for repeat visits; fetched before scroll despite being below the fold (unnecessary initial-load bytes)
ua,desktop,/application-map/commercial-building,priority,image,https://pub-f1a143f96bfc47df8ff1ccd1aaea6671.r2.dev/icons/products/icon-earthing.svg,true,3,false,1,lazy,,22,22,128,128,200,image/svg+xml,992,,"""e4038fe378aa84cd391b8642a622582a""",503,595,83.30000000447035,,548,0,0,NEEDS OPTIMISATION,3,no effective cache-control for repeat visits; fetched before scroll despite being below the fold (unnecessary initial-load bytes)
ua,desktop,/application-map/commercial-building,priority,image,https://pub-f1a143f96bfc47df8ff1ccd1aaea6671.r2.dev/icons/products/icon-lighting-busbar.svg,true,3,false,1,lazy,,22,22,128,128,200,image/svg+xml,1025,,"""66b6066a05e1538b1d1bf94941a1fad4""",503.1000000014901,601.8999999985099,79.69999999552965,,548,0,0,NEEDS OPTIMISATION,3,no effective cache-control for repeat visits; fetched before scroll despite being below the fold (unnecessary initial-load bytes)
ua,desktop,/application-map/commercial-building,priority,image,https://pub-f1a143f96bfc47df8ff1ccd1aaea6671.r2.dev/icons/products/icon-ev-charging.svg,true,3,false,1,lazy,,22,22,128,128,200,image/svg+xml,1108,,"""ce7b21ea8271c4f656459ee600958711""",503.1000000014901,627.7000000029802,100.29999999701977,,548,0,0,NEEDS OPTIMISATION,3,no effective cache-control for repeat visits; fetched before scroll despite being below the fold (unnecessary initial-load bytes)
ua,desktop,/application-map/commercial-building,priority,image,http://ua.infravolt.localhost:3000/_next/image?url=https%3A%2F%2Fpub-f1a143f96bfc47df8ff1ccd1aaea6671.r2.dev%2Fapplication-map%2Fcommercial-building%2Foverview%2Fcommercial-building-application-map-overview.webp&w=1920&q=75,true,6,true,0,eager,,1065,605.5,1030,579,200,image/webp,114476,"public, max-age=0, must-revalidate",F7n35RIpzJiXa3UxmQZyTVw3nVzPAkO8CtO2QzSJK9A,,,,,548,1,0,CRITICAL,6,above the fold; is the page LCP element on at least one run; no effective cache-control for repeat visits
ua,desktop,/application-map/commercial-building,priority,image,http://ua.infravolt.localhost:3000/_next/image?url=https%3A%2F%2Fpub-f1a143f96bfc47df8ff1ccd1aaea6671.r2.dev%2Fapplication-map%2Fcommercial-building%2Fzones%2Fcommercial-building-main-electrical-room.webp&w=256&q=75,true,3,true,1,lazy,,210,131,140,78,200,image/webp,5174,"public, max-age=0, must-revalidate",moISq2TM0ms6q0JisZBOCaP80t7T0UofBiVYCZHaBZg,503.1000000014901,536.3999999985099,14.200000002980232,,548,0,0,NEEDS OPTIMISATION,3,above the fold; no effective cache-control for repeat visits
ua,desktop,/application-map/commercial-building,priority,image,http://ua.infravolt.localhost:3000/_next/image?url=https%3A%2F%2Fpub-f1a143f96bfc47df8ff1ccd1aaea6671.r2.dev%2Fapplication-map%2Fcommercial-building%2Fzones%2Fcommercial-building-office-floor-lighting.webp&w=256&q=75,true,3,true,1,lazy,,210,131,140,78,200,image/webp,6144,"public, max-age=0, must-revalidate",7bjoRFAPxs1pApuCbOgJuu4Kx3ZBYrV9MQKNpLkhJIU,503.20000000298023,537.5,14.799999997019768,,548,0,0,NEEDS OPTIMISATION,3,above the fold; no effective cache-control for repeat visits
ua,desktop,/application-map/commercial-building,priority,image,http://ua.infravolt.localhost:3000/_next/image?url=https%3A%2F%2Fpub-f1a143f96bfc47df8ff1ccd1aaea6671.r2.dev%2Fapplication-map%2Fcommercial-building%2Fzones%2Fcommercial-building-underfloor-distribution.webp&w=256&q=75,true,3,true,1,lazy,,210,131,140,78,200,image/webp,6972,"public, max-age=0, must-revalidate",8JqNgqe1vG5y0ssje4o7WseNw09MDoqe2WwoCsEniYE,503.30000000447035,538.8999999985099,18.5,,548,0,0,NEEDS OPTIMISATION,3,above the fold; no effective cache-control for repeat visits
ua,desktop,/application-map/commercial-building,priority,image,http://ua.infravolt.localhost:3000/_next/image?url=https%3A%2F%2Fpub-f1a143f96bfc47df8ff1ccd1aaea6671.r2.dev%2Fapplication-map%2Fcommercial-building%2Fzones%2Fcommercial-building-vertical-riser-service-shaft.webp&w=256&q=75,true,3,true,1,lazy,,210,131,140,78,200,image/webp,4424,"public, max-age=0, must-revalidate",FPq0jVvfr7DCTvscwC4npA4Ub7RFbQr7GmJ1b4OuBws,503.30000000447035,541.1000000014901,18.899999998509884,,548,0,0,NEEDS OPTIMISATION,3,above the fold; no effective cache-control for repeat visits
ua,desktop,/application-map/commercial-building,priority,image,http://ua.infravolt.localhost:3000/_next/image?url=https%3A%2F%2Fpub-f1a143f96bfc47df8ff1ccd1aaea6671.r2.dev%2Fapplication-map%2Fcommercial-building%2Fzones%2Fcommercial-building-rooftop-plant.webp&w=256&q=75,true,3,true,1,lazy,,210,131,140,78,200,image/webp,6358,"public, max-age=0, must-revalidate",goZ1ki4-LI2FiRsQX96zwpfofgBVozTwJWaa-P1wpsU,503.30000000447035,551.3999999985099,24.599999994039536,,548,0,0,NEEDS OPTIMISATION,3,above the fold; no effective cache-control for repeat visits
ua,desktop,/application-map/commercial-building,priority,image,http://ua.infravolt.localhost:3000/_next/image?url=https%3A%2F%2Fpub-f1a143f96bfc47df8ff1ccd1aaea6671.r2.dev%2Fapplication-map%2Fcommercial-building%2Fzones%2Fcommercial-building-external-utilities-yard.webp&w=256&q=75,true,3,true,1,lazy,,210,131,140,78,200,image/webp,5756,"public, max-age=0, must-revalidate",Av1vLl8SmCPsnIXFYzt3zs-qh2S_Mok1b-4n-icgsI4,503.3999999985099,552.2000000029802,25.200000002980232,,548,0,0,NEEDS OPTIMISATION,3,above the fold; no effective cache-control for repeat visits
ua,desktop,/application-map/commercial-building,priority,image,http://ua.infravolt.localhost:3000/_next/image?url=https%3A%2F%2Fpub-f1a143f96bfc47df8ff1ccd1aaea6671.r2.dev%2Fapplication-map%2Fcommercial-building%2Fzones%2Fcommercial-building-parking-ev-charging.webp&w=256&q=75,true,3,true,1,lazy,,210,131,140,78,200,image/webp,6496,"public, max-age=0, must-revalidate",epkNq5vgFV2CccoGssUCTgrvFuPgG0K5h03FqHxVQ3Y,503.5,553.2000000029802,26.200000002980232,,548,0,0,NEEDS OPTIMISATION,3,above the fold; no effective cache-control for repeat visits
ua,desktop,/application-map/commercial-building,priority,image,https://pub-f1a143f96bfc47df8ff1ccd1aaea6671.r2.dev/brand/infravolt-wordmark-transparent.webp,true,3,true,1,lazy,,250,56,1040,235,200,image/webp,52456,,"""93441a0dddaf3276056bd01d677cc5c4""",503.5,599.1000000014901,95.60000000149012,,548,0,0,NEEDS OPTIMISATION,3,above the fold; no effective cache-control for repeat visits
ua,mobile,/application-map/commercial-building,priority,image,https://pub-f1a143f96bfc47df8ff1ccd1aaea6671.r2.dev/brand/infravolt-wordmark-primary.webp,true,3,true,1,eager,,192,43,1040,235,200,image/webp,126044,,"""15ab34f45bad11445e87379fdf35c690""",120.29999999701977,222.60000000149012,92.29999999701977,,244,0,0,NEEDS OPTIMISATION,4,above the fold; mobile viewport; no effective cache-control for repeat visits
ua,mobile,/application-map/commercial-building,priority,image,https://pub-f1a143f96bfc47df8ff1ccd1aaea6671.r2.dev/icons/products/icon-cable-tray.svg,true,3,false,1,lazy,,22,22,128,128,200,image/svg+xml,1009,,"""d23756fb44b933a1eed710c0451ad54a""",219.70000000298023,288.5,52.099999994039536,,244,0,0,NEEDS OPTIMISATION,4,mobile viewport; no effective cache-control for repeat visits; fetched before scroll despite being below the fold (unnecessary initial-load bytes)
ua,mobile,/application-map/commercial-building,priority,image,https://pub-f1a143f96bfc47df8ff1ccd1aaea6671.r2.dev/icons/products/icon-busbar.svg,true,3,false,1,lazy,,22,22,128,128,200,image/svg+xml,1011,,"""cdf6fe8b14d1dd7f46e09892d86bdca4""",219.70000000298023,332,75.29999999701977,,244,0,0,NEEDS OPTIMISATION,4,mobile viewport; no effective cache-control for repeat visits; fetched before scroll despite being below the fold (unnecessary initial-load bytes)
ua,mobile,/application-map/commercial-building,priority,image,https://pub-f1a143f96bfc47df8ff1ccd1aaea6671.r2.dev/icons/products/icon-support-system.svg,true,3,false,1,lazy,,22,22,128,128,200,image/svg+xml,979,,"""b5ac1a33dd76a1740a92130c0c75000b""",219.79999999701977,331.5,78.10000000149012,,244,0,0,NEEDS OPTIMISATION,4,mobile viewport; no effective cache-control for repeat visits; fetched before scroll despite being below the fold (unnecessary initial-load bytes)
ua,mobile,/application-map/commercial-building,priority,image,https://pub-f1a143f96bfc47df8ff1ccd1aaea6671.r2.dev/icons/products/icon-earthing.svg,true,3,false,1,lazy,,22,22,128,128,200,image/svg+xml,992,,"""e4038fe378aa84cd391b8642a622582a""",219.89999999850988,313.80000000447035,99.5,,244,0,0,NEEDS OPTIMISATION,4,mobile viewport; no effective cache-control for repeat visits; fetched before scroll despite being below the fold (unnecessary initial-load bytes)
ua,mobile,/application-map/commercial-building,priority,image,https://pub-f1a143f96bfc47df8ff1ccd1aaea6671.r2.dev/icons/products/icon-lighting-busbar.svg,true,3,false,1,lazy,,22,22,128,128,200,image/svg+xml,1025,,"""66b6066a05e1538b1d1bf94941a1fad4""",220,312.80000000447035,105,,244,0,0,NEEDS OPTIMISATION,4,mobile viewport; no effective cache-control for repeat visits; fetched before scroll despite being below the fold (unnecessary initial-load bytes)
ua,mobile,/application-map/commercial-building,priority,image,https://pub-f1a143f96bfc47df8ff1ccd1aaea6671.r2.dev/icons/products/icon-ev-charging.svg,true,3,false,1,lazy,,22,22,128,128,200,image/svg+xml,1108,,"""ce7b21ea8271c4f656459ee600958711""",220,331.79999999701977,104.5,,244,0,0,NEEDS OPTIMISATION,4,mobile viewport; no effective cache-control for repeat visits; fetched before scroll despite being below the fold (unnecessary initial-load bytes)
ua,mobile,/application-map/commercial-building,priority,image,http://ua.infravolt.localhost:3000/_next/image?url=https%3A%2F%2Fpub-f1a143f96bfc47df8ff1ccd1aaea6671.r2.dev%2Fapplication-map%2Fcommercial-building%2Foverview%2Fcommercial-building-application-map-overview.webp&w=640&q=75,true,6,false,0,eager,,253,142,264.5,148.5,200,image/webp,22196,"public, max-age=0, must-revalidate",FdIT0V4HXtf985UZcG_VjOs8NCxvq-6o1Bg0wWSiLQE,,,,,244,1,0,NEEDS OPTIMISATION,5,is the page LCP element on at least one run; mobile viewport; no effective cache-control for repeat visits
ua,mobile,/application-map/commercial-building,priority,image,http://ua.infravolt.localhost:3000/_next/image?url=https%3A%2F%2Fpub-f1a143f96bfc47df8ff1ccd1aaea6671.r2.dev%2Fapplication-map%2Fcommercial-building%2Fzones%2Fcommercial-building-main-electrical-room.webp&w=256&q=75,true,3,false,1,lazy,,116,65,140,78,200,image/webp,5174,"public, max-age=0, must-revalidate",moISq2TM0ms6q0JisZBOCaP80t7T0UofBiVYCZHaBZg,220.10000000149012,233.20000000298023,11.5,,244,0,0,NEEDS OPTIMISATION,4,mobile viewport; no effective cache-control for repeat visits; fetched before scroll despite being below the fold (unnecessary initial-load bytes)
ua,mobile,/application-map/commercial-building,priority,image,http://ua.infravolt.localhost:3000/_next/image?url=https%3A%2F%2Fpub-f1a143f96bfc47df8ff1ccd1aaea6671.r2.dev%2Fapplication-map%2Fcommercial-building%2Fzones%2Fcommercial-building-office-floor-lighting.webp&w=256&q=75,true,3,false,1,lazy,,116,65,140,78,200,image/webp,6144,"public, max-age=0, must-revalidate",7bjoRFAPxs1pApuCbOgJuu4Kx3ZBYrV9MQKNpLkhJIU,220.20000000298023,233.29999999701977,12.399999998509884,,244,0,0,NEEDS OPTIMISATION,4,mobile viewport; no effective cache-control for repeat visits; fetched before scroll despite being below the fold (unnecessary initial-load bytes)
ua,mobile,/application-map/commercial-building,priority,image,http://ua.infravolt.localhost:3000/_next/image?url=https%3A%2F%2Fpub-f1a143f96bfc47df8ff1ccd1aaea6671.r2.dev%2Fapplication-map%2Fcommercial-building%2Fzones%2Fcommercial-building-underfloor-distribution.webp&w=3840&q=75,true,3,false,0,lazy,,116,65,,,,,,,,,,,,244,0,0,GOOD,2,mobile viewport; no effective cache-control for repeat visits
ua,mobile,/application-map/commercial-building,priority,image,http://ua.infravolt.localhost:3000/_next/image?url=https%3A%2F%2Fpub-f1a143f96bfc47df8ff1ccd1aaea6671.r2.dev%2Fapplication-map%2Fcommercial-building%2Fzones%2Fcommercial-building-vertical-riser-service-shaft.webp&w=3840&q=75,true,3,false,0,lazy,,116,65,,,,,,,,,,,,244,0,0,GOOD,2,mobile viewport; no effective cache-control for repeat visits
ua,mobile,/application-map/commercial-building,priority,image,http://ua.infravolt.localhost:3000/_next/image?url=https%3A%2F%2Fpub-f1a143f96bfc47df8ff1ccd1aaea6671.r2.dev%2Fapplication-map%2Fcommercial-building%2Fzones%2Fcommercial-building-rooftop-plant.webp&w=3840&q=75,true,3,false,0,lazy,,116,65,,,,,,,,,,,,244,0,0,GOOD,2,mobile viewport; no effective cache-control for repeat visits
ua,mobile,/application-map/commercial-building,priority,image,http://ua.infravolt.localhost:3000/_next/image?url=https%3A%2F%2Fpub-f1a143f96bfc47df8ff1ccd1aaea6671.r2.dev%2Fapplication-map%2Fcommercial-building%2Fzones%2Fcommercial-building-external-utilities-yard.webp&w=3840&q=75,true,3,false,0,lazy,,116,65,,,,,,,,,,,,244,0,0,GOOD,2,mobile viewport; no effective cache-control for repeat visits
ua,mobile,/application-map/commercial-building,priority,image,http://ua.infravolt.localhost:3000/_next/image?url=https%3A%2F%2Fpub-f1a143f96bfc47df8ff1ccd1aaea6671.r2.dev%2Fapplication-map%2Fcommercial-building%2Fzones%2Fcommercial-building-parking-ev-charging.webp&w=3840&q=75,true,3,false,0,lazy,,116,65,,,,,,,,,,,,244,0,0,GOOD,2,mobile viewport; no effective cache-control for repeat visits
ua,mobile,/application-map/commercial-building,priority,image,https://pub-f1a143f96bfc47df8ff1ccd1aaea6671.r2.dev/brand/infravolt-wordmark-transparent.webp,true,3,true,1,lazy,,220,50,1040,235,200,image/webp,52456,,"""93441a0dddaf3276056bd01d677cc5c4""",220.29999999701977,331.1000000014901,100.70000000298023,,244,0,0,NEEDS OPTIMISATION,4,above the fold; mobile viewport; no effective cache-control for repeat visits
uk,desktop,/products/cable-support-systems,priority,image,https://pub-f1a143f96bfc47df8ff1ccd1aaea6671.r2.dev/brand/infravolt-wordmark-primary.webp,true,3,true,1,eager,,252,57,1040,235,200,image/webp,126044,,"""15ab34f45bad11445e87379fdf35c690""",255.80000000447035,391,132.10000000149012,,668,0,0,NEEDS OPTIMISATION,3,above the fold; no effective cache-control for repeat visits
uk,desktop,/products/cable-support-systems,priority,image,http://uk.infravolt.localhost:3000/_next/image?url=https%3A%2F%2Fpub-f1a143f96bfc47df8ff1ccd1aaea6671.r2.dev%2Fproducts%2Fcable-management%2Fnpi-80-support-system%2Fhero%2Fsupport-hanging-systems-hero.png&w=640&q=75,true,3,false,1,lazy,,410,190,576,360,200,image/webp,14192,"public, max-age=0, must-revalidate",2We3BYazkQx_ycHpRBwbAmB3Qg0rvuk8S-2NOoTmbfI,600.5,618.2999999970198,82.29999999701977,,668,0,0,NEEDS OPTIMISATION,3,no effective cache-control for repeat visits; fetched before scroll despite being below the fold (unnecessary initial-load bytes)
uk,desktop,/products/cable-support-systems,priority,image,http://uk.infravolt.localhost:3000/_next/image?url=https%3A%2F%2Fpub-f1a143f96bfc47df8ff1ccd1aaea6671.r2.dev%2Fproducts%2Fcable-management%2Fcable-trays-trunking%2Fhero%2Fable-trays-trunking-hero.png&w=640&q=75,true,3,false,1,lazy,,410,190,576,360,200,image/webp,16264,"public, max-age=0, must-revalidate",ttrkAdFC2o58TUP8yo2mxvM1L3dsuqSrOIlGPcewCfo,600.7000000029802,621,83.5,,668,0,0,NEEDS OPTIMISATION,3,no effective cache-control for repeat visits; fetched before scroll despite being below the fold (unnecessary initial-load bytes)
uk,desktop,/products/cable-support-systems,priority,image,http://uk.infravolt.localhost:3000/_next/image?url=https%3A%2F%2Fpub-f1a143f96bfc47df8ff1ccd1aaea6671.r2.dev%2Fproducts%2Fcable-management%2Fcable-ladders%2Fhero%2Fcable-ladders-hero.png&w=640&q=75,true,3,false,1,lazy,,410,190,576,360,200,image/webp,22292,"public, max-age=0, must-revalidate",f223ksdXlzcCG2-boPPP52FpYr74cwcFJCAxbma9k3o,600.7000000029802,622.6000000014901,84.10000000149012,,668,0,0,NEEDS OPTIMISATION,3,no effective cache-control for repeat visits; fetched before scroll despite being below the fold (unnecessary initial-load bytes)
uk,desktop,/products/cable-support-systems,priority,image,http://uk.infravolt.localhost:3000/_next/image?url=https%3A%2F%2Fpub-f1a143f96bfc47df8ff1ccd1aaea6671.r2.dev%2Fproducts%2Fcable-management%2Fwire-mesh-cable-systems%2Fhero%2Fwire-mesh-systems-hero.png&w=640&q=75,true,3,false,1,lazy,,410,190,576,360,200,image/webp,16824,"public, max-age=0, must-revalidate",ISGf50i9zhLNjKB6AxzYTm5PfTpOj5OXfc0iXyXncls,600.8999999985099,623.7999999970198,85.10000000149012,,668,0,0,NEEDS OPTIMISATION,3,no effective cache-control for repeat visits; fetched before scroll despite being below the fold (unnecessary initial-load bytes)
uk,desktop,/products/cable-support-systems,priority,image,http://uk.infravolt.localhost:3000/_next/image?url=https%3A%2F%2Fpub-f1a143f96bfc47df8ff1ccd1aaea6671.r2.dev%2Fproducts%2Fcable-management%2Fconduit-pipe-systems%2Fhero%2Fconduit-pipe-systems-hero.png&w=640&q=75,true,3,false,1,lazy,,410,190,576,360,200,image/webp,18714,"public, max-age=0, must-revalidate",lvTucsOa_ZqQFz0KL-1Eqfi5IaCGAQvL6Nmow_ghoDY,600.8999999985099,626.6000000014901,86.10000000149012,,668,0,0,NEEDS OPTIMISATION,3,no effective cache-control for repeat visits; fetched before scroll despite being below the fold (unnecessary initial-load bytes)
uk,desktop,/products/cable-support-systems,priority,image,http://uk.infravolt.localhost:3000/_next/image?url=https%3A%2F%2Fpub-f1a143f96bfc47df8ff1ccd1aaea6671.r2.dev%2Fproducts%2Fcable-management%2Faccessories-fixings%2Fhero%2Fthreaded-rods-anchors-fixings-card.png&w=640&q=75,true,3,false,1,lazy,,410,190,576,360,200,image/webp,14870,"public, max-age=0, must-revalidate",Xsqbn0Evu2BmsVVFYpnxD2Wnvf4LpYd7E7sw7yszgKs,600.8999999985099,626.8999999985099,86.29999999701977,,668,0,0,NEEDS OPTIMISATION,3,no effective cache-control for repeat visits; fetched before scroll despite being below the fold (unnecessary initial-load bytes)
uk,desktop,/products/cable-support-systems,priority,image,http://uk.infravolt.localhost:3000/_next/image?url=https%3A%2F%2Fpub-f1a143f96bfc47df8ff1ccd1aaea6671.r2.dev%2Findustries%2Fcards%2Fdata-centres.webp&w=256&q=75,true,3,true,1,lazy,,148,148,230,129,200,image/webp,6504,"public, max-age=0, must-revalidate",8tax7_h8WqUEmxvup4rLn_DS2hE9odHiTNAowOg0CkQ,601,636.8999999985099,95.09999999403954,,668,0,0,NEEDS OPTIMISATION,3,above the fold; no effective cache-control for repeat visits
uk,desktop,/products/cable-support-systems,priority,image,http://uk.infravolt.localhost:3000/_next/image?url=https%3A%2F%2Fpub-f1a143f96bfc47df8ff1ccd1aaea6671.r2.dev%2Findustries%2Fcards%2Fhealthcare.webp&w=256&q=75,true,3,true,1,lazy,,148,148,230,129,200,image/webp,3028,"public, max-age=0, must-revalidate",NacyJKRAhYkEDYbr7zNO5rLyQvDwiFhQfofM2HMdoh4,601,637.7000000029802,95.80000000447035,,668,0,0,NEEDS OPTIMISATION,3,above the fold; no effective cache-control for repeat visits
uk,desktop,/products/cable-support-systems,priority,image,http://uk.infravolt.localhost:3000/_next/image?url=https%3A%2F%2Fpub-f1a143f96bfc47df8ff1ccd1aaea6671.r2.dev%2Findustries%2Fcards%2Feducation-public-sector.webp&w=256&q=75,true,3,true,1,lazy,,148,148,230,129,200,image/webp,11536,"public, max-age=0, must-revalidate",vrPlzdh-34TJUHFnJNd68Tjgd7FKQBL2jju6MfBxn4s,601.2000000029802,640,97.69999999552965,,668,0,0,NEEDS OPTIMISATION,3,above the fold; no effective cache-control for repeat visits
uk,desktop,/products/cable-support-systems,priority,image,http://uk.infravolt.localhost:3000/_next/image?url=https%3A%2F%2Fpub-f1a143f96bfc47df8ff1ccd1aaea6671.r2.dev%2Findustries%2Fcards%2Findustrial-facilities.webp&w=256&q=75,true,3,true,1,lazy,,148,148,230,129,200,image/webp,7196,"public, max-age=0, must-revalidate",l40Z86Y7UH1IoNBDtZrdFv9Ci72KOPGMuCY4JaBpvFU,601.2999999970198,640.8999999985099,98.29999999701977,,668,0,0,NEEDS OPTIMISATION,3,above the fold; no effective cache-control for repeat visits
uk,desktop,/products/cable-support-systems,priority,image,http://uk.infravolt.localhost:3000/_next/image?url=https%3A%2F%2Fpub-f1a143f96bfc47df8ff1ccd1aaea6671.r2.dev%2Findustries%2Fcards%2Fcommercial-buildings.webp&w=256&q=75,true,3,true,1,lazy,,148,148,230,129,200,image/webp,5844,"public, max-age=0, must-revalidate",MsaZHGsadyZogjVwslekrZMrLQph3_Y5uleTO_ytdDw,601.3999999985099,643.2999999970198,98.5,,668,0,0,NEEDS OPTIMISATION,3,above the fold; no effective cache-control for repeat visits
uk,desktop,/products/cable-support-systems,priority,image,http://uk.infravolt.localhost:3000/_next/image?url=https%3A%2F%2Fpub-f1a143f96bfc47df8ff1ccd1aaea6671.r2.dev%2Findustries%2Fcards%2Finfrastructure-utilities.webp&w=256&q=75,true,3,true,1,lazy,,148,148,230,129,200,image/webp,9278,"public, max-age=0, must-revalidate",MzK0kdfB2a8U6bpdYIE3Juiqpb1VuIm4Curj6WWIOcg,601.5,644.2999999970198,98.70000000298023,,668,0,0,NEEDS OPTIMISATION,3,above the fold; no effective cache-control for repeat visits
uk,desktop,/products/cable-support-systems,priority,image,http://uk.infravolt.localhost:3000/_next/image?url=https%3A%2F%2Fpub-f1a143f96bfc47df8ff1ccd1aaea6671.r2.dev%2Findustries%2Fcards%2Frenewable-energy.webp&w=256&q=75,true,3,true,1,lazy,,148,148,230,129,200,image/webp,4774,"public, max-age=0, must-revalidate",iGsvF4PgSQQvGjaCz1Hdpksao4oZwi8QBGCDVKqiI9s,601.6000000014901,646.8999999985099,102.39999999850988,,668,0,0,NEEDS OPTIMISATION,3,above the fold; no effective cache-control for repeat visits
uk,desktop,/products/cable-support-systems,priority,image,http://uk.infravolt.localhost:3000/_next/image?url=https%3A%2F%2Fpub-f1a143f96bfc47df8ff1ccd1aaea6671.r2.dev%2Findustries%2Fcards%2Ftransport-infrastructure.webp&w=256&q=75,true,3,true,1,lazy,,148,148,230,129,200,image/webp,9420,"public, max-age=0, must-revalidate",TJ2BLWUIuYMVBwSFpDXp-9hQbG1mgHSMbYBZA59aXbQ,601.7000000029802,647.6000000014901,102.89999999850988,,668,0,0,NEEDS OPTIMISATION,3,above the fold; no effective cache-control for repeat visits
uk,desktop,/products/cable-support-systems,priority,image,http://uk.infravolt.localhost:3000/_next/image?url=https%3A%2F%2Fpub-f1a143f96bfc47df8ff1ccd1aaea6671.r2.dev%2Findustries%2Fcards%2Fdata-centres.webp&w=3840&q=75,true,3,false,0,lazy,,0,0,,,,,,,,,,,,668,0,0,GOOD,1,no effective cache-control for repeat visits
uk,desktop,/products/cable-support-systems,priority,image,https://pub-f1a143f96bfc47df8ff1ccd1aaea6671.r2.dev/brand/infravolt-wordmark-transparent.webp,true,3,true,1,lazy,,250,56,1040,235,200,image/webp,52456,,"""93441a0dddaf3276056bd01d677cc5c4""",601.7999999970198,675.7999999970198,107.39999999850988,,668,0,0,NEEDS OPTIMISATION,3,above the fold; no effective cache-control for repeat visits
uk,desktop,/products/cable-support-systems,priority,video,https://pub-f1a143f96bfc47df8ff1ccd1aaea6671.r2.dev/media/products/cable-management-systems/infravolt-cable-support.mp4,true,3,false,0,metadata,https://pub-f1a143f96bfc47df8ff1ccd1aaea6671.r2.dev/media/products/cable-management-systems/infravolt-cable-support-poster.webp,721,448,,,206,video/mp4,15916898,,"""e0ce74f65dc9456fa2dd7c7984dfe18d""",,,,645.5,668,0,0,NEEDS OPTIMISATION,5,video asset; large file (15.18 MB); no effective cache-control for repeat visits
uk,mobile,/products/cable-support-systems,priority,image,https://pub-f1a143f96bfc47df8ff1ccd1aaea6671.r2.dev/brand/infravolt-wordmark-primary.webp,true,3,true,1,eager,,192,43,1040,235,200,image/webp,126044,,"""15ab34f45bad11445e87379fdf35c690""",193.59999999403954,287.59999999403954,94,,540,0,0,NEEDS OPTIMISATION,4,above the fold; mobile viewport; no effective cache-control for repeat visits
uk,mobile,/products/cable-support-systems,priority,image,http://uk.infravolt.localhost:3000/_next/image?url=https%3A%2F%2Fpub-f1a143f96bfc47df8ff1ccd1aaea6671.r2.dev%2Fproducts%2Fcable-management%2Fnpi-80-support-system%2Fhero%2Fsupport-hanging-systems-hero.png&w=384&q=75,true,3,false,1,lazy,,168,104,350,219,200,image/webp,6568,"public, max-age=0, must-revalidate",-l9MReV_6JOz_ISczIHV5imF6OZ-qqinVixnK2zNGUc,323.19999999552965,336,12.800000004470348,,540,0,0,NEEDS OPTIMISATION,4,mobile viewport; no effective cache-control for repeat visits; fetched before scroll despite being below the fold (unnecessary initial-load bytes)
uk,mobile,/products/cable-support-systems,priority,image,http://uk.infravolt.localhost:3000/_next/image?url=https%3A%2F%2Fpub-f1a143f96bfc47df8ff1ccd1aaea6671.r2.dev%2Fproducts%2Fcable-management%2Fcable-trays-trunking%2Fhero%2Fable-trays-trunking-hero.png&w=384&q=75,true,3,false,1,lazy,,168,104,350,219,200,image/webp,6968,"public, max-age=0, must-revalidate",ag5DdZIow4HPEg23vzMt3_2oRN2maDwbBwcNGvitOBQ,323.29999999701977,337.5,14.200000002980232,,540,0,0,NEEDS OPTIMISATION,4,mobile viewport; no effective cache-control for repeat visits; fetched before scroll despite being below the fold (unnecessary initial-load bytes)
uk,mobile,/products/cable-support-systems,priority,image,http://uk.infravolt.localhost:3000/_next/image?url=https%3A%2F%2Fpub-f1a143f96bfc47df8ff1ccd1aaea6671.r2.dev%2Fproducts%2Fcable-management%2Fcable-ladders%2Fhero%2Fcable-ladders-hero.png&w=384&q=75,true,3,false,1,lazy,,168,104,350,219,200,image/webp,9546,"public, max-age=0, must-revalidate",On6Z-QU_l-_4jZMsIFW7u3sdiwanfNuUG7MKnGtlFU0,323.3999999985099,338,14.600000001490116,,540,0,0,NEEDS OPTIMISATION,4,mobile viewport; no effective cache-control for repeat visits; fetched before scroll despite being below the fold (unnecessary initial-load bytes)
uk,mobile,/products/cable-support-systems,priority,image,http://uk.infravolt.localhost:3000/_next/image?url=https%3A%2F%2Fpub-f1a143f96bfc47df8ff1ccd1aaea6671.r2.dev%2Fproducts%2Fcable-management%2Fwire-mesh-cable-systems%2Fhero%2Fwire-mesh-systems-hero.png&w=384&q=75,true,3,false,1,lazy,,168,104,350,219,200,image/webp,6694,"public, max-age=0, must-revalidate",voao_sCjeUwn6oORhOWtkJux-bC3lSX4np2o43aFsIg,323.5,338.19999999552965,14.699999995529652,,540,0,0,NEEDS OPTIMISATION,4,mobile viewport; no effective cache-control for repeat visits; fetched before scroll despite being below the fold (unnecessary initial-load bytes)
uk,mobile,/products/cable-support-systems,priority,image,http://uk.infravolt.localhost:3000/_next/image?url=https%3A%2F%2Fpub-f1a143f96bfc47df8ff1ccd1aaea6671.r2.dev%2Fproducts%2Fcable-management%2Fconduit-pipe-systems%2Fhero%2Fconduit-pipe-systems-hero.png&w=384&q=75,true,3,false,1,lazy,,168,104,350,219,200,image/webp,8832,"public, max-age=0, must-revalidate",1U5k3MJ5NmqJNKwiwQAnw1aTlvo1Gl_0HGiJO7J8YKY,323.6000000014901,338.79999999701977,15.199999995529652,,540,0,0,NEEDS OPTIMISATION,4,mobile viewport; no effective cache-control for repeat visits; fetched before scroll despite being below the fold (unnecessary initial-load bytes)
uk,mobile,/products/cable-support-systems,priority,image,http://uk.infravolt.localhost:3000/_next/image?url=https%3A%2F%2Fpub-f1a143f96bfc47df8ff1ccd1aaea6671.r2.dev%2Fproducts%2Fcable-management%2Faccessories-fixings%2Fhero%2Fthreaded-rods-anchors-fixings-card.png&w=384&q=75,true,3,false,1,lazy,,168,104,350,219,200,image/webp,6698,"public, max-age=0, must-revalidate",yhN6M-CiFQDVQoEqJkRq1i_WiUsPg9uqpcCLhTzCMoo,323.6000000014901,339.29999999701977,15.699999995529652,,540,0,0,NEEDS OPTIMISATION,4,mobile viewport; no effective cache-control for repeat visits; fetched before scroll despite being below the fold (unnecessary initial-load bytes)
uk,mobile,/products/cable-support-systems,priority,image,http://uk.infravolt.localhost:3000/_next/image?url=https%3A%2F%2Fpub-f1a143f96bfc47df8ff1ccd1aaea6671.r2.dev%2Findustries%2Fcards%2Fdata-centres.webp&w=3840&q=75,true,3,false,0,lazy,,0,0,,,,,,,,,,,,540,0,0,GOOD,2,mobile viewport; no effective cache-control for repeat visits
uk,mobile,/products/cable-support-systems,priority,image,http://uk.infravolt.localhost:3000/_next/image?url=https%3A%2F%2Fpub-f1a143f96bfc47df8ff1ccd1aaea6671.r2.dev%2Findustries%2Fcards%2Fhealthcare.webp&w=3840&q=75,true,3,false,0,lazy,,0,0,,,,,,,,,,,,540,0,0,GOOD,2,mobile viewport; no effective cache-control for repeat visits
uk,mobile,/products/cable-support-systems,priority,image,http://uk.infravolt.localhost:3000/_next/image?url=https%3A%2F%2Fpub-f1a143f96bfc47df8ff1ccd1aaea6671.r2.dev%2Findustries%2Fcards%2Feducation-public-sector.webp&w=3840&q=75,true,3,false,0,lazy,,0,0,,,,,,,,,,,,540,0,0,GOOD,2,mobile viewport; no effective cache-control for repeat visits
uk,mobile,/products/cable-support-systems,priority,image,http://uk.infravolt.localhost:3000/_next/image?url=https%3A%2F%2Fpub-f1a143f96bfc47df8ff1ccd1aaea6671.r2.dev%2Findustries%2Fcards%2Findustrial-facilities.webp&w=3840&q=75,true,3,false,0,lazy,,0,0,,,,,,,,,,,,540,0,0,GOOD,2,mobile viewport; no effective cache-control for repeat visits
uk,mobile,/products/cable-support-systems,priority,image,http://uk.infravolt.localhost:3000/_next/image?url=https%3A%2F%2Fpub-f1a143f96bfc47df8ff1ccd1aaea6671.r2.dev%2Findustries%2Fcards%2Fcommercial-buildings.webp&w=3840&q=75,true,3,false,0,lazy,,0,0,,,,,,,,,,,,540,0,0,GOOD,2,mobile viewport; no effective cache-control for repeat visits
uk,mobile,/products/cable-support-systems,priority,image,http://uk.infravolt.localhost:3000/_next/image?url=https%3A%2F%2Fpub-f1a143f96bfc47df8ff1ccd1aaea6671.r2.dev%2Findustries%2Fcards%2Finfrastructure-utilities.webp&w=3840&q=75,true,3,false,0,lazy,,0,0,,,,,,,,,,,,540,0,0,GOOD,2,mobile viewport; no effective cache-control for repeat visits
uk,mobile,/products/cable-support-systems,priority,image,http://uk.infravolt.localhost:3000/_next/image?url=https%3A%2F%2Fpub-f1a143f96bfc47df8ff1ccd1aaea6671.r2.dev%2Findustries%2Fcards%2Frenewable-energy.webp&w=3840&q=75,true,3,false,0,lazy,,0,0,,,,,,,,,,,,540,0,0,GOOD,2,mobile viewport; no effective cache-control for repeat visits
uk,mobile,/products/cable-support-systems,priority,image,http://uk.infravolt.localhost:3000/_next/image?url=https%3A%2F%2Fpub-f1a143f96bfc47df8ff1ccd1aaea6671.r2.dev%2Findustries%2Fcards%2Ftransport-infrastructure.webp&w=3840&q=75,true,3,false,0,lazy,,0,0,,,,,,,,,,,,540,0,0,GOOD,2,mobile viewport; no effective cache-control for repeat visits
uk,mobile,/products/cable-support-systems,priority,image,http://uk.infravolt.localhost:3000/_next/image?url=https%3A%2F%2Fpub-f1a143f96bfc47df8ff1ccd1aaea6671.r2.dev%2Findustries%2Fcards%2Fdata-centres.webp&w=640&q=75,true,3,false,1,lazy,,348,218,390,219,200,image/webp,22586,"public, max-age=0, must-revalidate",evpMPr9_S66zeemIR1PEUIXTwYQb_KbpL5ctQ3Mq-qc,323.69999999552965,342.69999999552965,19,,540,0,0,NEEDS OPTIMISATION,4,mobile viewport; no effective cache-control for repeat visits; fetched before scroll despite being below the fold (unnecessary initial-load bytes)
uk,mobile,/products/cable-support-systems,priority,image,https://pub-f1a143f96bfc47df8ff1ccd1aaea6671.r2.dev/brand/infravolt-wordmark-transparent.webp,true,3,true,0,lazy,,220,50,1040,235,200,image/webp,52456,,"""93441a0dddaf3276056bd01d677cc5c4""",1930.3999999985099,2007,72.10000000149012,,540,0,0,NEEDS OPTIMISATION,4,above the fold; mobile viewport; no effective cache-control for repeat visits
uk,mobile,/products/cable-support-systems,priority,video,https://pub-f1a143f96bfc47df8ff1ccd1aaea6671.r2.dev/media/products/cable-management-systems/infravolt-cable-support.mp4,true,3,false,0,metadata,https://pub-f1a143f96bfc47df8ff1ccd1aaea6671.r2.dev/media/products/cable-management-systems/infravolt-cable-support-poster.webp,390,244,,,206,video/mp4,15916898,,"""e0ce74f65dc9456fa2dd7c7984dfe18d""",,,,533.7999999970198,540,0,0,CRITICAL,6,video asset; mobile viewport; large file (15.18 MB); no effective cache-control for repeat visits
ua,desktop,/products/cable-support-systems,priority,image,https://pub-f1a143f96bfc47df8ff1ccd1aaea6671.r2.dev/brand/infravolt-wordmark-primary.webp,true,3,true,1,eager,,252,57,1040,235,200,image/webp,126044,,"""15ab34f45bad11445e87379fdf35c690""",176.70000000298023,306.80000000447035,113.10000000149012,,648,0,0,NEEDS OPTIMISATION,3,above the fold; no effective cache-control for repeat visits
ua,desktop,/products/cable-support-systems,priority,image,http://ua.infravolt.localhost:3000/_next/image?url=https%3A%2F%2Fpub-f1a143f96bfc47df8ff1ccd1aaea6671.r2.dev%2Fproducts%2Fcable-management%2Fnpi-80-support-system%2Fhero%2Fsupport-hanging-systems-hero.png&w=640&q=75,true,3,false,1,lazy,,410,190,576,360,200,image/webp,14192,"public, max-age=0, must-revalidate",2We3BYazkQx_ycHpRBwbAmB3Qg0rvuk8S-2NOoTmbfI,582.2000000029802,595.1000000014901,12.899999998509884,,648,0,0,NEEDS OPTIMISATION,3,no effective cache-control for repeat visits; fetched before scroll despite being below the fold (unnecessary initial-load bytes)
ua,desktop,/products/cable-support-systems,priority,image,http://ua.infravolt.localhost:3000/_next/image?url=https%3A%2F%2Fpub-f1a143f96bfc47df8ff1ccd1aaea6671.r2.dev%2Fproducts%2Fcable-management%2Fcable-trays-trunking%2Fhero%2Fable-trays-trunking-hero.png&w=640&q=75,true,3,false,1,lazy,,410,190,576,360,200,image/webp,16264,"public, max-age=0, must-revalidate",ttrkAdFC2o58TUP8yo2mxvM1L3dsuqSrOIlGPcewCfo,582.2999999970198,596.2999999970198,14,,648,0,0,NEEDS OPTIMISATION,3,no effective cache-control for repeat visits; fetched before scroll despite being below the fold (unnecessary initial-load bytes)
ua,desktop,/products/cable-support-systems,priority,image,http://ua.infravolt.localhost:3000/_next/image?url=https%3A%2F%2Fpub-f1a143f96bfc47df8ff1ccd1aaea6671.r2.dev%2Fproducts%2Fcable-management%2Fcable-ladders%2Fhero%2Fcable-ladders-hero.png&w=640&q=75,true,3,false,1,lazy,,410,190,576,360,200,image/webp,22292,"public, max-age=0, must-revalidate",f223ksdXlzcCG2-boPPP52FpYr74cwcFJCAxbma9k3o,582.2999999970198,596.7000000029802,14.400000005960464,,648,0,0,NEEDS OPTIMISATION,3,no effective cache-control for repeat visits; fetched before scroll despite being below the fold (unnecessary initial-load bytes)
ua,desktop,/products/cable-support-systems,priority,image,http://ua.infravolt.localhost:3000/_next/image?url=https%3A%2F%2Fpub-f1a143f96bfc47df8ff1ccd1aaea6671.r2.dev%2Fproducts%2Fcable-management%2Fwire-mesh-cable-systems%2Fhero%2Fwire-mesh-systems-hero.png&w=640&q=75,true,3,false,1,lazy,,410,190,576,360,200,image/webp,16824,"public, max-age=0, must-revalidate",ISGf50i9zhLNjKB6AxzYTm5PfTpOj5OXfc0iXyXncls,582.3999999985099,597.5,15.100000001490116,,648,0,0,NEEDS OPTIMISATION,3,no effective cache-control for repeat visits; fetched before scroll despite being below the fold (unnecessary initial-load bytes)
ua,desktop,/products/cable-support-systems,priority,image,http://ua.infravolt.localhost:3000/_next/image?url=https%3A%2F%2Fpub-f1a143f96bfc47df8ff1ccd1aaea6671.r2.dev%2Fproducts%2Fcable-management%2Fconduit-pipe-systems%2Fhero%2Fconduit-pipe-systems-hero.png&w=640&q=75,true,3,false,1,lazy,,410,190,576,360,200,image/webp,18714,"public, max-age=0, must-revalidate",lvTucsOa_ZqQFz0KL-1Eqfi5IaCGAQvL6Nmow_ghoDY,582.3999999985099,598.2000000029802,15.800000004470348,,648,0,0,NEEDS OPTIMISATION,3,no effective cache-control for repeat visits; fetched before scroll despite being below the fold (unnecessary initial-load bytes)
ua,desktop,/products/cable-support-systems,priority,image,http://ua.infravolt.localhost:3000/_next/image?url=https%3A%2F%2Fpub-f1a143f96bfc47df8ff1ccd1aaea6671.r2.dev%2Fproducts%2Fcable-management%2Faccessories-fixings%2Fhero%2Fthreaded-rods-anchors-fixings-card.png&w=640&q=75,true,3,false,1,lazy,,410,190,576,360,200,image/webp,14870,"public, max-age=0, must-revalidate",Xsqbn0Evu2BmsVVFYpnxD2Wnvf4LpYd7E7sw7yszgKs,582.5,598.5,16,,648,0,0,NEEDS OPTIMISATION,3,no effective cache-control for repeat visits; fetched before scroll despite being below the fold (unnecessary initial-load bytes)
ua,desktop,/products/cable-support-systems,priority,image,http://ua.infravolt.localhost:3000/_next/image?url=https%3A%2F%2Fpub-f1a143f96bfc47df8ff1ccd1aaea6671.r2.dev%2Findustries%2Fcards%2Fdata-centres.webp&w=256&q=75,true,3,true,1,lazy,,148,148,230,129,200,image/webp,6504,"public, max-age=0, must-revalidate",8tax7_h8WqUEmxvup4rLn_DS2hE9odHiTNAowOg0CkQ,582.5,606.8999999985099,25.600000001490116,,648,0,0,NEEDS OPTIMISATION,3,above the fold; no effective cache-control for repeat visits
ua,desktop,/products/cable-support-systems,priority,image,http://ua.infravolt.localhost:3000/_next/image?url=https%3A%2F%2Fpub-f1a143f96bfc47df8ff1ccd1aaea6671.r2.dev%2Findustries%2Fcards%2Fhealthcare.webp&w=256&q=75,true,3,true,1,lazy,,148,148,230,129,200,image/webp,3028,"public, max-age=0, must-revalidate",NacyJKRAhYkEDYbr7zNO5rLyQvDwiFhQfofM2HMdoh4,582.5,607.7999999970198,26.5,,648,0,0,NEEDS OPTIMISATION,3,above the fold; no effective cache-control for repeat visits
ua,desktop,/products/cable-support-systems,priority,image,http://ua.infravolt.localhost:3000/_next/image?url=https%3A%2F%2Fpub-f1a143f96bfc47df8ff1ccd1aaea6671.r2.dev%2Findustries%2Fcards%2Feducation-public-sector.webp&w=256&q=75,true,3,true,1,lazy,,148,148,230,129,200,image/webp,11536,"public, max-age=0, must-revalidate",vrPlzdh-34TJUHFnJNd68Tjgd7FKQBL2jju6MfBxn4s,582.6000000014901,609.8999999985099,28.100000001490116,,648,0,0,NEEDS OPTIMISATION,3,above the fold; no effective cache-control for repeat visits
ua,desktop,/products/cable-support-systems,priority,image,http://ua.infravolt.localhost:3000/_next/image?url=https%3A%2F%2Fpub-f1a143f96bfc47df8ff1ccd1aaea6671.r2.dev%2Findustries%2Fcards%2Findustrial-facilities.webp&w=256&q=75,true,3,true,1,lazy,,148,148,230,129,200,image/webp,7196,"public, max-age=0, must-revalidate",l40Z86Y7UH1IoNBDtZrdFv9Ci72KOPGMuCY4JaBpvFU,582.6000000014901,610.2000000029802,28.400000005960464,,648,0,0,NEEDS OPTIMISATION,3,above the fold; no effective cache-control for repeat visits
ua,desktop,/products/cable-support-systems,priority,image,http://ua.infravolt.localhost:3000/_next/image?url=https%3A%2F%2Fpub-f1a143f96bfc47df8ff1ccd1aaea6671.r2.dev%2Findustries%2Fcards%2Fcommercial-buildings.webp&w=256&q=75,true,3,true,1,lazy,,148,148,230,129,200,image/webp,5844,"public, max-age=0, must-revalidate",MsaZHGsadyZogjVwslekrZMrLQph3_Y5uleTO_ytdDw,582.7000000029802,610.3999999985099,29.100000001490116,,648,0,0,NEEDS OPTIMISATION,3,above the fold; no effective cache-control for repeat visits
ua,desktop,/products/cable-support-systems,priority,image,http://ua.infravolt.localhost:3000/_next/image?url=https%3A%2F%2Fpub-f1a143f96bfc47df8ff1ccd1aaea6671.r2.dev%2Findustries%2Fcards%2Finfrastructure-utilities.webp&w=256&q=75,true,3,true,1,lazy,,148,148,230,129,200,image/webp,9278,"public, max-age=0, must-revalidate",MzK0kdfB2a8U6bpdYIE3Juiqpb1VuIm4Curj6WWIOcg,582.7999999970198,611.8999999985099,29.299999997019768,,648,0,0,NEEDS OPTIMISATION,3,above the fold; no effective cache-control for repeat visits
ua,desktop,/products/cable-support-systems,priority,image,http://ua.infravolt.localhost:3000/_next/image?url=https%3A%2F%2Fpub-f1a143f96bfc47df8ff1ccd1aaea6671.r2.dev%2Findustries%2Fcards%2Frenewable-energy.webp&w=256&q=75,true,3,true,1,lazy,,148,148,230,129,200,image/webp,4774,"public, max-age=0, must-revalidate",iGsvF4PgSQQvGjaCz1Hdpksao4oZwi8QBGCDVKqiI9s,582.7999999970198,615.3999999985099,33.399999998509884,,648,0,0,NEEDS OPTIMISATION,3,above the fold; no effective cache-control for repeat visits
ua,desktop,/products/cable-support-systems,priority,image,http://ua.infravolt.localhost:3000/_next/image?url=https%3A%2F%2Fpub-f1a143f96bfc47df8ff1ccd1aaea6671.r2.dev%2Findustries%2Fcards%2Ftransport-infrastructure.webp&w=256&q=75,true,3,true,1,lazy,,148,148,230,129,200,image/webp,9420,"public, max-age=0, must-revalidate",TJ2BLWUIuYMVBwSFpDXp-9hQbG1mgHSMbYBZA59aXbQ,582.7999999970198,615.6000000014901,32.80000000447035,,648,0,0,NEEDS OPTIMISATION,3,above the fold; no effective cache-control for repeat visits
ua,desktop,/products/cable-support-systems,priority,image,http://ua.infravolt.localhost:3000/_next/image?url=https%3A%2F%2Fpub-f1a143f96bfc47df8ff1ccd1aaea6671.r2.dev%2Findustries%2Fcards%2Fdata-centres.webp&w=3840&q=75,true,3,false,0,lazy,,0,0,,,,,,,,,,,,648,0,0,GOOD,1,no effective cache-control for repeat visits
ua,desktop,/products/cable-support-systems,priority,image,https://pub-f1a143f96bfc47df8ff1ccd1aaea6671.r2.dev/brand/infravolt-wordmark-transparent.webp,true,3,true,1,lazy,,250,56,1040,235,200,image/webp,52456,,"""93441a0dddaf3276056bd01d677cc5c4""",582.8999999985099,637,54.100000001490116,,648,0,0,NEEDS OPTIMISATION,3,above the fold; no effective cache-control for repeat visits
ua,desktop,/products/cable-support-systems,priority,video,https://pub-f1a143f96bfc47df8ff1ccd1aaea6671.r2.dev/media/products/cable-management-systems/infravolt-cable-support.mp4,true,3,false,0,metadata,https://pub-f1a143f96bfc47df8ff1ccd1aaea6671.r2.dev/media/products/cable-management-systems/infravolt-cable-support-poster.webp,721,448,,,206,video/mp4,15916898,,"""e0ce74f65dc9456fa2dd7c7984dfe18d""",,,,523.5,648,0,0,NEEDS OPTIMISATION,5,video asset; large file (15.18 MB); no effective cache-control for repeat visits
ua,mobile,/products/cable-support-systems,priority,image,https://pub-f1a143f96bfc47df8ff1ccd1aaea6671.r2.dev/brand/infravolt-wordmark-primary.webp,true,3,true,1,eager,,192,43,1040,235,200,image/webp,126044,,"""15ab34f45bad11445e87379fdf35c690""",210.39999999850988,300.5,94.79999999701977,,380,0,0,NEEDS OPTIMISATION,4,above the fold; mobile viewport; no effective cache-control for repeat visits
ua,mobile,/products/cable-support-systems,priority,image,http://ua.infravolt.localhost:3000/_next/image?url=https%3A%2F%2Fpub-f1a143f96bfc47df8ff1ccd1aaea6671.r2.dev%2Fproducts%2Fcable-management%2Fnpi-80-support-system%2Fhero%2Fsupport-hanging-systems-hero.png&w=384&q=75,true,3,false,1,lazy,,168,104,350,219,200,image/webp,6568,"public, max-age=0, must-revalidate",-l9MReV_6JOz_ISczIHV5imF6OZ-qqinVixnK2zNGUc,324.8999999985099,337.5,13,,380,0,0,NEEDS OPTIMISATION,4,mobile viewport; no effective cache-control for repeat visits; fetched before scroll despite being below the fold (unnecessary initial-load bytes)
ua,mobile,/products/cable-support-systems,priority,image,http://ua.infravolt.localhost:3000/_next/image?url=https%3A%2F%2Fpub-f1a143f96bfc47df8ff1ccd1aaea6671.r2.dev%2Fproducts%2Fcable-management%2Fcable-trays-trunking%2Fhero%2Fable-trays-trunking-hero.png&w=384&q=75,true,3,false,1,lazy,,168,104,350,219,200,image/webp,6968,"public, max-age=0, must-revalidate",ag5DdZIow4HPEg23vzMt3_2oRN2maDwbBwcNGvitOBQ,325,338.5,13.799999997019768,,380,0,0,NEEDS OPTIMISATION,4,mobile viewport; no effective cache-control for repeat visits; fetched before scroll despite being below the fold (unnecessary initial-load bytes)
ua,mobile,/products/cable-support-systems,priority,image,http://ua.infravolt.localhost:3000/_next/image?url=https%3A%2F%2Fpub-f1a143f96bfc47df8ff1ccd1aaea6671.r2.dev%2Fproducts%2Fcable-management%2Fcable-ladders%2Fhero%2Fcable-ladders-hero.png&w=384&q=75,true,3,false,1,lazy,,168,104,350,219,200,image/webp,9546,"public, max-age=0, must-revalidate",On6Z-QU_l-_4jZMsIFW7u3sdiwanfNuUG7MKnGtlFU0,325.1000000014901,340.1000000014901,14.899999998509884,,380,0,0,NEEDS OPTIMISATION,4,mobile viewport; no effective cache-control for repeat visits; fetched before scroll despite being below the fold (unnecessary initial-load bytes)
ua,mobile,/products/cable-support-systems,priority,image,http://ua.infravolt.localhost:3000/_next/image?url=https%3A%2F%2Fpub-f1a143f96bfc47df8ff1ccd1aaea6671.r2.dev%2Fproducts%2Fcable-management%2Fwire-mesh-cable-systems%2Fhero%2Fwire-mesh-systems-hero.png&w=384&q=75,true,3,false,1,lazy,,168,104,350,219,200,image/webp,6694,"public, max-age=0, must-revalidate",voao_sCjeUwn6oORhOWtkJux-bC3lSX4np2o43aFsIg,325.1000000014901,340.20000000298023,15.100000001490116,,380,0,0,NEEDS OPTIMISATION,4,mobile viewport; no effective cache-control for repeat visits; fetched before scroll despite being below the fold (unnecessary initial-load bytes)
ua,mobile,/products/cable-support-systems,priority,image,http://ua.infravolt.localhost:3000/_next/image?url=https%3A%2F%2Fpub-f1a143f96bfc47df8ff1ccd1aaea6671.r2.dev%2Fproducts%2Fcable-management%2Fconduit-pipe-systems%2Fhero%2Fconduit-pipe-systems-hero.png&w=384&q=75,true,3,false,1,lazy,,168,104,350,219,200,image/webp,8832,"public, max-age=0, must-revalidate",1U5k3MJ5NmqJNKwiwQAnw1aTlvo1Gl_0HGiJO7J8YKY,325.20000000298023,341,15.799999997019768,,380,0,0,NEEDS OPTIMISATION,4,mobile viewport; no effective cache-control for repeat visits; fetched before scroll despite being below the fold (unnecessary initial-load bytes)
ua,mobile,/products/cable-support-systems,priority,image,http://ua.infravolt.localhost:3000/_next/image?url=https%3A%2F%2Fpub-f1a143f96bfc47df8ff1ccd1aaea6671.r2.dev%2Fproducts%2Fcable-management%2Faccessories-fixings%2Fhero%2Fthreaded-rods-anchors-fixings-card.png&w=384&q=75,true,3,false,1,lazy,,168,104,350,219,200,image/webp,6698,"public, max-age=0, must-revalidate",yhN6M-CiFQDVQoEqJkRq1i_WiUsPg9uqpcCLhTzCMoo,325.30000000447035,341.20000000298023,16.100000001490116,,380,0,0,NEEDS OPTIMISATION,4,mobile viewport; no effective cache-control for repeat visits; fetched before scroll despite being below the fold (unnecessary initial-load bytes)
ua,mobile,/products/cable-support-systems,priority,image,http://ua.infravolt.localhost:3000/_next/image?url=https%3A%2F%2Fpub-f1a143f96bfc47df8ff1ccd1aaea6671.r2.dev%2Findustries%2Fcards%2Fdata-centres.webp&w=3840&q=75,true,3,false,0,lazy,,0,0,,,,,,,,,,,,380,0,0,GOOD,2,mobile viewport; no effective cache-control for repeat visits
ua,mobile,/products/cable-support-systems,priority,image,http://ua.infravolt.localhost:3000/_next/image?url=https%3A%2F%2Fpub-f1a143f96bfc47df8ff1ccd1aaea6671.r2.dev%2Findustries%2Fcards%2Fhealthcare.webp&w=3840&q=75,true,3,false,0,lazy,,0,0,,,,,,,,,,,,380,0,0,GOOD,2,mobile viewport; no effective cache-control for repeat visits
ua,mobile,/products/cable-support-systems,priority,image,http://ua.infravolt.localhost:3000/_next/image?url=https%3A%2F%2Fpub-f1a143f96bfc47df8ff1ccd1aaea6671.r2.dev%2Findustries%2Fcards%2Feducation-public-sector.webp&w=3840&q=75,true,3,false,0,lazy,,0,0,,,,,,,,,,,,380,0,0,GOOD,2,mobile viewport; no effective cache-control for repeat visits
ua,mobile,/products/cable-support-systems,priority,image,http://ua.infravolt.localhost:3000/_next/image?url=https%3A%2F%2Fpub-f1a143f96bfc47df8ff1ccd1aaea6671.r2.dev%2Findustries%2Fcards%2Findustrial-facilities.webp&w=3840&q=75,true,3,false,0,lazy,,0,0,,,,,,,,,,,,380,0,0,GOOD,2,mobile viewport; no effective cache-control for repeat visits
ua,mobile,/products/cable-support-systems,priority,image,http://ua.infravolt.localhost:3000/_next/image?url=https%3A%2F%2Fpub-f1a143f96bfc47df8ff1ccd1aaea6671.r2.dev%2Findustries%2Fcards%2Fcommercial-buildings.webp&w=3840&q=75,true,3,false,0,lazy,,0,0,,,,,,,,,,,,380,0,0,GOOD,2,mobile viewport; no effective cache-control for repeat visits
ua,mobile,/products/cable-support-systems,priority,image,http://ua.infravolt.localhost:3000/_next/image?url=https%3A%2F%2Fpub-f1a143f96bfc47df8ff1ccd1aaea6671.r2.dev%2Findustries%2Fcards%2Finfrastructure-utilities.webp&w=3840&q=75,true,3,false,0,lazy,,0,0,,,,,,,,,,,,380,0,0,GOOD,2,mobile viewport; no effective cache-control for repeat visits
ua,mobile,/products/cable-support-systems,priority,image,http://ua.infravolt.localhost:3000/_next/image?url=https%3A%2F%2Fpub-f1a143f96bfc47df8ff1ccd1aaea6671.r2.dev%2Findustries%2Fcards%2Frenewable-energy.webp&w=3840&q=75,true,3,false,0,lazy,,0,0,,,,,,,,,,,,380,0,0,GOOD,2,mobile viewport; no effective cache-control for repeat visits
ua,mobile,/products/cable-support-systems,priority,image,http://ua.infravolt.localhost:3000/_next/image?url=https%3A%2F%2Fpub-f1a143f96bfc47df8ff1ccd1aaea6671.r2.dev%2Findustries%2Fcards%2Ftransport-infrastructure.webp&w=3840&q=75,true,3,false,0,lazy,,0,0,,,,,,,,,,,,380,0,0,GOOD,2,mobile viewport; no effective cache-control for repeat visits
ua,mobile,/products/cable-support-systems,priority,image,http://ua.infravolt.localhost:3000/_next/image?url=https%3A%2F%2Fpub-f1a143f96bfc47df8ff1ccd1aaea6671.r2.dev%2Findustries%2Fcards%2Fdata-centres.webp&w=640&q=75,true,3,false,1,lazy,,348,218,390,219,200,image/webp,22586,"public, max-age=0, must-revalidate",evpMPr9_S66zeemIR1PEUIXTwYQb_KbpL5ctQ3Mq-qc,325.3999999985099,344.30000000447035,18.900000005960464,,380,0,0,NEEDS OPTIMISATION,4,mobile viewport; no effective cache-control for repeat visits; fetched before scroll despite being below the fold (unnecessary initial-load bytes)
ua,mobile,/products/cable-support-systems,priority,image,https://pub-f1a143f96bfc47df8ff1ccd1aaea6671.r2.dev/brand/infravolt-wordmark-transparent.webp,true,3,true,0,lazy,,220,50,1040,235,200,image/webp,52456,,"""93441a0dddaf3276056bd01d677cc5c4""",2023.2000000029802,2079.10000000149,57.80000000447035,,380,0,0,NEEDS OPTIMISATION,4,above the fold; mobile viewport; no effective cache-control for repeat visits
ua,mobile,/products/cable-support-systems,priority,video,https://pub-f1a143f96bfc47df8ff1ccd1aaea6671.r2.dev/media/products/cable-management-systems/infravolt-cable-support.mp4,true,3,false,0,metadata,https://pub-f1a143f96bfc47df8ff1ccd1aaea6671.r2.dev/media/products/cable-management-systems/infravolt-cable-support-poster.webp,390,244,,,206,video/mp4,15916898,,"""e0ce74f65dc9456fa2dd7c7984dfe18d""",,,,568,380,0,0,CRITICAL,6,video asset; mobile viewport; large file (15.18 MB); no effective cache-control for repeat visits
uk,desktop,/products/busbar,hub,image,https://pub-f1a143f96bfc47df8ff1ccd1aaea6671.r2.dev/brand/infravolt-wordmark-primary.webp,true,1,false,1,eager,,252,57,1040,235,200,image/webp,126044,,"""15ab34f45bad11445e87379fdf35c690""",262.80000000447035,372.1000000014901,109.29999999701977,,788,0,1.1128128958098407,NEEDS OPTIMISATION,3,no effective cache-control for repeat visits; fetched before scroll despite being below the fold (unnecessary initial-load bytes)
uk,desktop,/products/busbar,hub,image,http://uk.infravolt.localhost:3000/_next/image?url=https%3A%2F%2Fpub-f1a143f96bfc47df8ff1ccd1aaea6671.r2.dev%2Fmedia%2Fproducts%2Fbusbar%2Fbusbar-cinematic-intro.png&w=1920&q=75,true,1,true,0,eager,,1949,1096,1536,1024,200,image/webp,84396,"public, max-age=0, must-revalidate",k4WWJqRPQuV0QutY4hau70CFGgdkgzgEiozc2PL5Oq0,,,,,788,0,1.1128128958098407,NEEDS OPTIMISATION,3,above the fold; no effective cache-control for repeat visits
uk,desktop,/products/busbar,hub,image,http://uk.infravolt.localhost:3000/_next/image?url=%2Fassets%2Fbrand%2Fgersan-logo.png&w=256&q=75,false,1,false,0,eager,,168,38,256,58,200,image/webp,3416,"public, max-age=0, must-revalidate",GjMJUHp3SGXue2PlXkQnxIpLpNlETf-cVQHaKZ0Ea7I,,,,,788,0,1.1128128958098407,GOOD,1,no effective cache-control for repeat visits
uk,desktop,/products/busbar,hub,image,https://pub-f1a143f96bfc47df8ff1ccd1aaea6671.r2.dev/icons/actions/icon-technical-pack.svg,true,1,false,0,lazy,,0,0,,,,,,,,,,,,788,0,1.1128128958098407,GOOD,1,no effective cache-control for repeat visits
uk,desktop,/products/busbar,hub,image,http://uk.infravolt.localhost:3000/_next/image?url=https%3A%2F%2Fpub-f1a143f96bfc47df8ff1ccd1aaea6671.r2.dev%2Fproducts%2Fbusbar%2Fgnl%2Fcard%2Fgnl-main-product.webp&w=640&q=75,true,1,false,1,lazy,,361,307,480,360,200,image/webp,9394,"public, max-age=0, must-revalidate",2HHPEqZj0XiWNs0bRRzvRg3PFoOGA3onQd9p8yZp1Zg,704.7000000029802,714.8000000044703,10.100000001490116,,788,0,1.1128128958098407,NEEDS OPTIMISATION,3,no effective cache-control for repeat visits; fetched before scroll despite being below the fold (unnecessary initial-load bytes)
uk,desktop,/products/busbar,hub,image,http://uk.infravolt.localhost:3000/_next/image?url=https%3A%2F%2Fpub-f1a143f96bfc47df8ff1ccd1aaea6671.r2.dev%2Fproducts%2Fbusbar%2Fgl%2Fapplications%2Fgl-main-product-01.webp&w=640&q=75,true,1,false,1,lazy,,361,307,480,360,200,image/webp,7262,"public, max-age=0, must-revalidate",bqTh2-Q4l0HMVlblb-ysyVLyDnzF5u0aPZDN2-ZM3g4,704.8000000044703,717.3000000044703,12.5,,788,0,1.1128128958098407,NEEDS OPTIMISATION,3,no effective cache-control for repeat visits; fetched before scroll despite being below the fold (unnecessary initial-load bytes)
uk,desktop,/products/busbar,hub,image,http://uk.infravolt.localhost:3000/_next/image?url=https%3A%2F%2Fpub-f1a143f96bfc47df8ff1ccd1aaea6671.r2.dev%2Fproducts%2Fbusbar%2Fgm%2Fcard%2Fgm-main-product.webp&w=640&q=75,true,1,false,1,lazy,,361,307,480,360,200,image/webp,7076,"public, max-age=0, must-revalidate",9CaZvRfOULNB_c-rJEwqmgt8YVbY1Z3zr6jpo-83J5M,704.9000000059605,717.8000000044703,12.899999998509884,,788,0,1.1128128958098407,NEEDS OPTIMISATION,3,no effective cache-control for repeat visits; fetched before scroll despite being below the fold (unnecessary initial-load bytes)
uk,desktop,/products/busbar,hub,image,http://uk.infravolt.localhost:3000/_next/image?url=https%3A%2F%2Fpub-f1a143f96bfc47df8ff1ccd1aaea6671.r2.dev%2Fproducts%2Fbusbar%2Fggd%2Fcard%2Fggd-main-product.webp&w=640&q=75,true,1,false,0,eager,,361,307,480,360,200,image/webp,8942,"public, max-age=0, must-revalidate",Bl7tXNsUHEL6-TScst679r-GxKDLHRJ-KLRFFZnlS68,,,,,788,0,1.1128128958098407,GOOD,1,no effective cache-control for repeat visits
uk,desktop,/products/busbar,hub,image,http://uk.infravolt.localhost:3000/_next/image?url=https%3A%2F%2Fpub-f1a143f96bfc47df8ff1ccd1aaea6671.r2.dev%2Fproducts%2Fbusbar%2Fgs%2Fcard%2Fgs-main-product.webp&w=640&q=75,true,1,false,0,eager,,361,307,480,320,200,image/webp,27442,"public, max-age=0, must-revalidate",1mAtlbFBZfbXq5Y9Yg3btUPpbA9dEPnlMRDsO2bOIlA,,,,,788,0,1.1128128958098407,GOOD,1,no effective cache-control for repeat visits
uk,desktop,/products/busbar,hub,image,http://uk.infravolt.localhost:3000/_next/image?url=https%3A%2F%2Fpub-f1a143f96bfc47df8ff1ccd1aaea6671.r2.dev%2Fproducts%2Fbusbar%2Fgr%2Fcard%2Fgr-main-product.webp&w=640&q=75,true,1,false,1,lazy,,361,307,480,360,200,image/webp,7414,"public, max-age=0, must-revalidate",MYw2o3Jxt_YJyoX9Knnr4d377wlrwTrE-SpTTJG9I0Y,704.9000000059605,715.7000000029802,10.799999997019768,,788,0,1.1128128958098407,NEEDS OPTIMISATION,3,no effective cache-control for repeat visits; fetched before scroll despite being below the fold (unnecessary initial-load bytes)
uk,desktop,/products/busbar,hub,image,https://pub-f1a143f96bfc47df8ff1ccd1aaea6671.r2.dev/icons/products/busbar/applications/data-centres.svg,true,2,false,1,lazy,,26,26,150,150,200,image/svg+xml,519,,"""1daf118b53e302aa7ddd4d29fb76f040""",705,787.2000000029802,82.20000000298023,,788,0,1.1128128958098407,NEEDS OPTIMISATION,3,no effective cache-control for repeat visits; fetched before scroll despite being below the fold (unnecessary initial-load bytes)
uk,desktop,/products/busbar,hub,image,https://pub-f1a143f96bfc47df8ff1ccd1aaea6671.r2.dev/icons/products/busbar/applications/industrial-facilities.svg,true,1,false,1,lazy,,52,52,150,150,200,image/svg+xml,324,,"""0fdb2c2292d48d4c004333c36cba1555""",705.1000000014901,955.7000000029802,250.60000000149012,,788,0,1.1128128958098407,NEEDS OPTIMISATION,4,no effective cache-control for repeat visits; fetched before scroll despite being below the fold (unnecessary initial-load bytes)
uk,desktop,/products/busbar,hub,image,https://pub-f1a143f96bfc47df8ff1ccd1aaea6671.r2.dev/icons/products/busbar/applications/warehouses-logistics.svg,true,1,false,1,lazy,,52,52,150,150,200,image/svg+xml,414,,"""d3a6adcdaf1abaeec8156d935491c938""",705.1000000014901,862.4000000059605,157.30000000447035,,788,0,1.1128128958098407,NEEDS OPTIMISATION,3,no effective cache-control for repeat visits; fetched before scroll despite being below the fold (unnecessary initial-load bytes)
uk,desktop,/products/busbar,hub,image,https://pub-f1a143f96bfc47df8ff1ccd1aaea6671.r2.dev/icons/products/busbar/applications/commercial-buildings.svg,true,1,true,1,lazy,,52,52,150,150,200,image/svg+xml,356,,"""08a16f6fa01a0e68645d6a3e9daa62bb""",705.2000000029802,849.9000000059605,144.70000000298023,,788,0,1.1128128958098407,NEEDS OPTIMISATION,3,above the fold; no effective cache-control for repeat visits
uk,desktop,/products/busbar,hub,image,https://pub-f1a143f96bfc47df8ff1ccd1aaea6671.r2.dev/icons/products/busbar/applications/transport-infrastructure.svg,true,1,true,1,lazy,,52,52,150,150,200,image/svg+xml,424,,"""7808bd5a5deb950948b6402d5f9d24b5""",705.2000000029802,850.1000000014901,144.89999999850988,,788,0,1.1128128958098407,NEEDS OPTIMISATION,3,above the fold; no effective cache-control for repeat visits
uk,desktop,/products/busbar,hub,image,https://pub-f1a143f96bfc47df8ff1ccd1aaea6671.r2.dev/icons/products/busbar/applications/energy-utilities.svg,true,1,true,1,lazy,,52,52,150,150,200,image/svg+xml,214,,"""1544083ef592ae22e2fc6e13a0291484""",705.3000000044703,926.6000000014901,221.29999999701977,,788,0,1.1128128958098407,NEEDS OPTIMISATION,4,above the fold; no effective cache-control for repeat visits
uk,desktop,/products/busbar,hub,image,http://uk.infravolt.localhost:3000/_next/image?url=https%3A%2F%2Fpub-f1a143f96bfc47df8ff1ccd1aaea6671.r2.dev%2Fbrand%2Finfravolt-wordmark-primary.webp&w=256&q=75,true,1,true,1,lazy,,152,34,256,58,200,image/webp,2474,"public, max-age=0, must-revalidate",Ucsv1x0HdI0L1LqO1xNf_h8mUlGsHAviRGR7m7Ls_6g,705.4000000059605,826.2000000029802,120.79999999701977,,788,0,1.1128128958098407,NEEDS OPTIMISATION,3,above the fold; no effective cache-control for repeat visits
uk,desktop,/products/busbar,hub,image,https://pub-f1a143f96bfc47df8ff1ccd1aaea6671.r2.dev/brand/infravolt-wordmark-transparent.webp,true,1,true,1,lazy,,250,56,1040,235,200,image/webp,52456,,"""93441a0dddaf3276056bd01d677cc5c4""",705.4000000059605,903.1000000014901,197.69999999552965,,788,0,1.1128128958098407,NEEDS OPTIMISATION,3,above the fold; no effective cache-control for repeat visits
uk,desktop,/products/busbar,hub,video,https://pub-f1a143f96bfc47df8ff1ccd1aaea6671.r2.dev/media/products/busbar/infravolt-busbar.mp4,true,1,false,0,metadata,https://pub-f1a143f96bfc47df8ff1ccd1aaea6671.r2.dev/media/products/busbar/infravolt-busbar-poster.webp,845,590,,,206,video/mp4,9143536,,"""9c938da12f0c9e3a9c1a132faa17cde1""",,,,555.2000000029802,788,0,1.1128128958098407,NEEDS OPTIMISATION,5,video asset; large file (8.72 MB); no effective cache-control for repeat visits
uk,mobile,/products/busbar,hub,image,https://pub-f1a143f96bfc47df8ff1ccd1aaea6671.r2.dev/brand/infravolt-wordmark-primary.webp,true,1,false,1,eager,,192,43,1040,235,200,image/webp,126044,,"""15ab34f45bad11445e87379fdf35c690""",156,329.59999999403954,173.59999999403954,,500,0,0.5354477050371084,NEEDS OPTIMISATION,4,mobile viewport; no effective cache-control for repeat visits; fetched before scroll despite being below the fold (unnecessary initial-load bytes)
uk,mobile,/products/busbar,hub,image,http://uk.infravolt.localhost:3000/_next/image?url=https%3A%2F%2Fpub-f1a143f96bfc47df8ff1ccd1aaea6671.r2.dev%2Fmedia%2Fproducts%2Fbusbar%2Fbusbar-cinematic-intro.png&w=640&q=75,true,1,true,0,eager,,396,857,390,260,200,image/webp,23814,"public, max-age=0, must-revalidate",_1Exe4nsmytq3iW8pAA3-y84va8kOZAPlaFkF60Rl-g,,,,,500,0,0.5354477050371084,NEEDS OPTIMISATION,4,above the fold; mobile viewport; no effective cache-control for repeat visits
uk,mobile,/products/busbar,hub,image,http://uk.infravolt.localhost:3000/_next/image?url=%2Fassets%2Fbrand%2Fgersan-logo.png&w=256&q=75,false,1,false,0,eager,,128,29,256,58,200,image/webp,3416,"public, max-age=0, must-revalidate",GjMJUHp3SGXue2PlXkQnxIpLpNlETf-cVQHaKZ0Ea7I,,,,,500,0,0.5354477050371084,GOOD,2,mobile viewport; no effective cache-control for repeat visits
uk,mobile,/products/busbar,hub,image,https://pub-f1a143f96bfc47df8ff1ccd1aaea6671.r2.dev/icons/actions/icon-technical-pack.svg,true,1,false,0,lazy,,0,0,,,,,,,,,,,,500,0,0.5354477050371084,GOOD,2,mobile viewport; no effective cache-control for repeat visits
uk,mobile,/products/busbar,hub,image,http://uk.infravolt.localhost:3000/_next/image?url=https%3A%2F%2Fpub-f1a143f96bfc47df8ff1ccd1aaea6671.r2.dev%2Fproducts%2Fbusbar%2Fgnl%2Fcard%2Fgnl-main-product.webp&w=256&q=75,true,1,false,1,lazy,,178,133,179,134,200,image/webp,2752,"public, max-age=0, must-revalidate",uLI7eBLIIXIcg5jM36QM1bSOVC2reqQUJMLgXFuoRsI,281.29999999701977,566.3999999985099,285.1000000014901,,500,0,0.5354477050371084,NEEDS OPTIMISATION,5,mobile viewport; no effective cache-control for repeat visits; fetched before scroll despite being below the fold (unnecessary initial-load bytes)
uk,mobile,/products/busbar,hub,image,http://uk.infravolt.localhost:3000/_next/image?url=https%3A%2F%2Fpub-f1a143f96bfc47df8ff1ccd1aaea6671.r2.dev%2Fproducts%2Fbusbar%2Fgl%2Fapplications%2Fgl-main-product-01.webp&w=256&q=75,true,1,false,1,lazy,,178,133,179,134,200,image/webp,1544,"public, max-age=0, must-revalidate",cx8otfI1suW48onxYj1sdDHKmP6GuK1FnsbQiDJVIjs,281.5,572.5,291,,500,0,0.5354477050371084,NEEDS OPTIMISATION,5,mobile viewport; no effective cache-control for repeat visits; fetched before scroll despite being below the fold (unnecessary initial-load bytes)
uk,mobile,/products/busbar,hub,image,http://uk.infravolt.localhost:3000/_next/image?url=https%3A%2F%2Fpub-f1a143f96bfc47df8ff1ccd1aaea6671.r2.dev%2Fproducts%2Fbusbar%2Fgm%2Fcard%2Fgm-main-product.webp&w=256&q=75,true,1,false,1,lazy,,178,133,179,134,200,image/webp,2000,"public, max-age=0, must-revalidate",8E-43hgyQzO0f4HrJuIi7bXZX-WVlKhuLK1dZ26CiNI,281.5,561.6999999955297,280.19999999552965,,500,0,0.5354477050371084,NEEDS OPTIMISATION,5,mobile viewport; no effective cache-control for repeat visits; fetched before scroll despite being below the fold (unnecessary initial-load bytes)
uk,mobile,/products/busbar,hub,image,http://uk.infravolt.localhost:3000/_next/image?url=https%3A%2F%2Fpub-f1a143f96bfc47df8ff1ccd1aaea6671.r2.dev%2Fproducts%2Fbusbar%2Fggd%2Fcard%2Fggd-main-product.webp&w=256&q=75,true,1,false,0,eager,,178,133,179,134,200,image/webp,2590,"public, max-age=0, must-revalidate",JaZtO7Pm_wWIognrjr08zKBLRKnwm9lVTe36yMIJRk8,,,,,500,0,0.5354477050371084,GOOD,2,mobile viewport; no effective cache-control for repeat visits
uk,mobile,/products/busbar,hub,image,http://uk.infravolt.localhost:3000/_next/image?url=https%3A%2F%2Fpub-f1a143f96bfc47df8ff1ccd1aaea6671.r2.dev%2Fproducts%2Fbusbar%2Fgs%2Fcard%2Fgs-main-product.webp&w=256&q=75,true,1,false,0,eager,,178,133,179,119,200,image/webp,5598,"public, max-age=0, must-revalidate",LcLnoICvNSiFng3Q61hP_CaWEv_azGH4i9f9pqof-uc,,,,,500,0,0.5354477050371084,GOOD,2,mobile viewport; no effective cache-control for repeat visits
uk,mobile,/products/busbar,hub,image,http://uk.infravolt.localhost:3000/_next/image?url=https%3A%2F%2Fpub-f1a143f96bfc47df8ff1ccd1aaea6671.r2.dev%2Fproducts%2Fbusbar%2Fgr%2Fcard%2Fgr-main-product.webp&w=256&q=75,true,1,false,1,lazy,,178,133,179,134,200,image/webp,2424,"public, max-age=0, must-revalidate",i1IbkSbE7CqHdkQeZHnwgI98eOA92XQjYB7v87svBdE,281.59999999403954,540.7999999970198,259.20000000298023,,500,0,0.5354477050371084,NEEDS OPTIMISATION,5,mobile viewport; no effective cache-control for repeat visits; fetched before scroll despite being below the fold (unnecessary initial-load bytes)
uk,mobile,/products/busbar,hub,image,https://pub-f1a143f96bfc47df8ff1ccd1aaea6671.r2.dev/icons/products/busbar/applications/data-centres.svg,true,2,false,1,lazy,,20,20,150,150,200,image/svg+xml,519,,"""1daf118b53e302aa7ddd4d29fb76f040""",281.69999999552965,391.8999999985099,110.20000000298023,,500,0,0.5354477050371084,NEEDS OPTIMISATION,4,mobile viewport; no effective cache-control for repeat visits; fetched before scroll despite being below the fold (unnecessary initial-load bytes)
uk,mobile,/products/busbar,hub,image,https://pub-f1a143f96bfc47df8ff1ccd1aaea6671.r2.dev/icons/products/busbar/applications/industrial-facilities.svg,true,1,false,0,lazy,,0,0,,,,,,,,,,,,500,0,0.5354477050371084,GOOD,2,mobile viewport; no effective cache-control for repeat visits
uk,mobile,/products/busbar,hub,image,https://pub-f1a143f96bfc47df8ff1ccd1aaea6671.r2.dev/icons/products/busbar/applications/warehouses-logistics.svg,true,1,false,0,lazy,,0,0,,,,,,,,,,,,500,0,0.5354477050371084,GOOD,2,mobile viewport; no effective cache-control for repeat visits
uk,mobile,/products/busbar,hub,image,https://pub-f1a143f96bfc47df8ff1ccd1aaea6671.r2.dev/icons/products/busbar/applications/commercial-buildings.svg,true,1,false,0,lazy,,0,0,,,,,,,,,,,,500,0,0.5354477050371084,GOOD,2,mobile viewport; no effective cache-control for repeat visits
uk,mobile,/products/busbar,hub,image,https://pub-f1a143f96bfc47df8ff1ccd1aaea6671.r2.dev/icons/products/busbar/applications/transport-infrastructure.svg,true,1,false,0,lazy,,0,0,,,,,,,,,,,,500,0,0.5354477050371084,GOOD,2,mobile viewport; no effective cache-control for repeat visits
uk,mobile,/products/busbar,hub,image,https://pub-f1a143f96bfc47df8ff1ccd1aaea6671.r2.dev/icons/products/busbar/applications/energy-utilities.svg,true,1,false,0,lazy,,0,0,,,,,,,,,,,,500,0,0.5354477050371084,GOOD,2,mobile viewport; no effective cache-control for repeat visits
uk,mobile,/products/busbar,hub,image,http://uk.infravolt.localhost:3000/_next/image?url=https%3A%2F%2Fpub-f1a143f96bfc47df8ff1ccd1aaea6671.r2.dev%2Fbrand%2Finfravolt-wordmark-primary.webp&w=256&q=75,true,1,false,1,lazy,,112,25,256,58,200,image/webp,2474,"public, max-age=0, must-revalidate",Ucsv1x0HdI0L1LqO1xNf_h8mUlGsHAviRGR7m7Ls_6g,281.8999999985099,414.69999999552965,132.79999999701977,,500,0,0.5354477050371084,NEEDS OPTIMISATION,4,mobile viewport; no effective cache-control for repeat visits; fetched before scroll despite being below the fold (unnecessary initial-load bytes)
uk,mobile,/products/busbar,hub,image,https://pub-f1a143f96bfc47df8ff1ccd1aaea6671.r2.dev/brand/infravolt-wordmark-transparent.webp,true,1,true,1,lazy,,220,50,1040,235,200,image/webp,52456,,"""93441a0dddaf3276056bd01d677cc5c4""",282,383,101,,500,0,0.5354477050371084,NEEDS OPTIMISATION,4,above the fold; mobile viewport; no effective cache-control for repeat visits
uk,mobile,/products/busbar,hub,video,https://pub-f1a143f96bfc47df8ff1ccd1aaea6671.r2.dev/media/products/busbar/infravolt-busbar.mp4,true,1,false,0,metadata,https://pub-f1a143f96bfc47df8ff1ccd1aaea6671.r2.dev/media/products/busbar/infravolt-busbar-poster.webp,390,240,,,206,video/mp4,9143536,,"""9c938da12f0c9e3a9c1a132faa17cde1""",,,,559.8999999985099,500,0,0.5354477050371084,CRITICAL,6,video asset; mobile viewport; large file (8.72 MB); no effective cache-control for repeat visits
uk,desktop,/products/earthing-and-lightning-protection,hub,image,https://pub-f1a143f96bfc47df8ff1ccd1aaea6671.r2.dev/brand/infravolt-wordmark-primary.webp,true,1,true,1,eager,,252,57,1040,235,200,image/webp,126044,,"""15ab34f45bad11445e87379fdf35c690""",1897.8000000044703,2016.3000000044703,118.5,,2092,0,0,NEEDS OPTIMISATION,3,above the fold; no effective cache-control for repeat visits
uk,desktop,/products/earthing-and-lightning-protection,hub,image,http://uk.infravolt.localhost:3000/_next/image?url=%2Fassets%2Fbrand%2Fgersan-logo.png&w=256&q=75,false,1,false,0,eager,,168,38,256,58,200,image/webp,3416,"public, max-age=0, must-revalidate",GjMJUHp3SGXue2PlXkQnxIpLpNlETf-cVQHaKZ0Ea7I,,,,,2092,0,0,GOOD,1,no effective cache-control for repeat visits
uk,desktop,/products/earthing-and-lightning-protection,hub,image,http://uk.infravolt.localhost:3000/_next/image?url=https%3A%2F%2Fpub-f1a143f96bfc47df8ff1ccd1aaea6671.r2.dev%2Fproducts%2Fearthing-lightning%2Flightning-protection%2Fcard%2Fgty-700-copper-multiple-point.webp&w=640&q=75,true,1,false,1,lazy,,301,226,480,360,200,image/webp,7726,"public, max-age=0, must-revalidate",CUNfu2UWlSIr0l1xMnxEwvkWJRKVyZ7JYMwLdwRiXgs,2039.5,2248.39999999851,208.89999999850988,,2092,0,0,NEEDS OPTIMISATION,4,no effective cache-control for repeat visits; fetched before scroll despite being below the fold (unnecessary initial-load bytes)
uk,desktop,/products/earthing-and-lightning-protection,hub,image,http://uk.infravolt.localhost:3000/_next/image?url=https%3A%2F%2Fpub-f1a143f96bfc47df8ff1ccd1aaea6671.r2.dev%2Fproducts%2Fearthing-lightning%2Fearthing-electrodes-plates%2Fcard%2Fcopper-earthing-electrodes.webp&w=640&q=75,true,1,false,1,lazy,,301,226,480,360,200,image/webp,9204,"public, max-age=0, must-revalidate",8pKz2k-5K8dcACWUJ3aMU8stXObrmDnkPMAhTHEdfcA,2039.7000000029802,2249.60000000149,209.89999999850988,,2092,0,0,NEEDS OPTIMISATION,4,no effective cache-control for repeat visits; fetched before scroll despite being below the fold (unnecessary initial-load bytes)
uk,desktop,/products/earthing-and-lightning-protection,hub,image,http://uk.infravolt.localhost:3000/_next/image?url=https%3A%2F%2Fpub-f1a143f96bfc47df8ff1ccd1aaea6671.r2.dev%2Fproducts%2Fearthing-lightning%2Fconductors-tapes%2Fcard%2Fbare-solid-copper-conductor-coil.webp&w=640&q=75,true,1,false,1,lazy,,301,226,480,360,200,image/webp,26638,"public, max-age=0, must-revalidate",nNynuyeoKEGdtn14nAaA94lshrstTmkg7QSV-DOqlJA,2039.8999999985099,2265.10000000149,225.20000000298023,,2092,0,0,NEEDS OPTIMISATION,4,no effective cache-control for repeat visits; fetched before scroll despite being below the fold (unnecessary initial-load bytes)
uk,desktop,/products/earthing-and-lightning-protection,hub,image,http://uk.infravolt.localhost:3000/_next/image?url=https%3A%2F%2Fpub-f1a143f96bfc47df8ff1ccd1aaea6671.r2.dev%2Fproducts%2Fearthing-lightning%2Fclamps-connectors%2Fcard%2Fgft-100-application.webp&w=640&q=75,true,1,false,1,lazy,,301,226,480,360,200,image/webp,11714,"public, max-age=0, must-revalidate",AQUvsRA70rP8voiuC9OAjVMfFkueEpcqjTm6eBU0jDs,2040,2250.60000000149,210.60000000149012,,2092,0,0,NEEDS OPTIMISATION,4,no effective cache-control for repeat visits; fetched before scroll despite being below the fold (unnecessary initial-load bytes)
uk,desktop,/products/earthing-and-lightning-protection,hub,image,http://uk.infravolt.localhost:3000/_next/image?url=https%3A%2F%2Fpub-f1a143f96bfc47df8ff1ccd1aaea6671.r2.dev%2Fproducts%2Fearthing-lightning%2Fequipotential-earth-bars%2Fcard%2Fequal-potential-bar-copper-geb-t.webp&w=640&q=75,true,1,false,1,lazy,,301,226,480,360,200,image/webp,9992,"public, max-age=0, must-revalidate",BVWQ5XhnI9w4NdJDl8xLcJoRL5vmz5__pRykR7BTKVE,2040.1000000014901,2299,258.8999999985099,,2092,0,0,NEEDS OPTIMISATION,4,no effective cache-control for repeat visits; fetched before scroll despite being below the fold (unnecessary initial-load bytes)
uk,desktop,/products/earthing-and-lightning-protection,hub,image,http://uk.infravolt.localhost:3000/_next/image?url=https%3A%2F%2Fpub-f1a143f96bfc47df8ff1ccd1aaea6671.r2.dev%2Fproducts%2Fearthing-lightning%2Fexothermic-welding%2Fcard%2Fthermoweld-step-4-ignite.webp&w=640&q=75,true,1,false,1,lazy,,301,226,480,360,200,image/webp,15676,"public, max-age=0, must-revalidate",fYZ_C5VfTfzJLJOaEWzwnU6Xemy0iZwZ5AYHyYVq-XI,2040.2000000029802,2286.5,246.29999999701977,,2092,0,0,NEEDS OPTIMISATION,4,no effective cache-control for repeat visits; fetched before scroll despite being below the fold (unnecessary initial-load bytes)
uk,desktop,/products/earthing-and-lightning-protection,hub,image,http://uk.infravolt.localhost:3000/_next/image?url=https%3A%2F%2Fpub-f1a143f96bfc47df8ff1ccd1aaea6671.r2.dev%2Fproducts%2Fearthing-lightning%2Finspection-ground-enhancement%2Fcard%2Fgte-300-p1-plastic-earthing-pit.webp&w=640&q=75,true,1,false,1,lazy,,301,226,480,360,200,image/webp,7000,"public, max-age=0, must-revalidate",XOWk1yYd81HZAlwyP63azaYlxlHNWrrOVBK3Sz13ByM,2040.2000000029802,2414.5,374.29999999701977,,2092,0,0,NEEDS OPTIMISATION,4,no effective cache-control for repeat visits; fetched before scroll despite being below the fold (unnecessary initial-load bytes)
uk,desktop,/products/earthing-and-lightning-protection,hub,image,http://uk.infravolt.localhost:3000/_next/image?url=https%3A%2F%2Fpub-f1a143f96bfc47df8ff1ccd1aaea6671.r2.dev%2Fproducts%2Fearthing-lightning%2Fstatic-ex-proof-grounding%2Fcard%2Fgst-1-bronze-static-earth-receptacle.webp&w=640&q=75,true,1,false,1,lazy,,301,226,480,360,200,image/webp,11876,"public, max-age=0, must-revalidate",2LenCTj6v9S5RH8z7INuFsNt_8Apx3QUQPnnxT2oGtM,2040.3999999985099,2413,372.6000000014901,,2092,0,0,NEEDS OPTIMISATION,4,no effective cache-control for repeat visits; fetched before scroll despite being below the fold (unnecessary initial-load bytes)
uk,desktop,/products/earthing-and-lightning-protection,hub,image,http://uk.infravolt.localhost:3000/_next/image?url=https%3A%2F%2Fpub-f1a143f96bfc47df8ff1ccd1aaea6671.r2.dev%2Fproducts%2Fearthing-lightning%2Fapplications%2Fearthing-application-commercial-buildings.webp&w=384&q=75,true,1,false,1,lazy,,142,106,288,162,200,image/webp,12674,"public, max-age=0, must-revalidate",5Oe_gpQyxKWgZKVtCl0yQRrKWGUTt4IqI6v_trY6ljI,2040.3999999985099,2665.10000000149,624.7000000029802,,2092,0,0,NEEDS OPTIMISATION,5,moderate transfer time (625 ms); no effective cache-control for repeat visits; fetched before scroll despite being below the fold (unnecessary initial-load bytes)
uk,desktop,/products/earthing-and-lightning-protection,hub,image,http://uk.infravolt.localhost:3000/_next/image?url=https%3A%2F%2Fpub-f1a143f96bfc47df8ff1ccd1aaea6671.r2.dev%2Fproducts%2Fearthing-lightning%2Fapplications%2Fearthing-application-industrial-facilities.webp&w=384&q=75,true,1,false,1,lazy,,142,106,288,162,200,image/webp,14496,"public, max-age=0, must-revalidate",lQrz3eIGOFG_vKSppz2u_yt3q64rYy0IXOSY8WyI1iM,2040.3999999985099,2385.7000000029802,345.30000000447035,,2092,0,0,NEEDS OPTIMISATION,4,no effective cache-control for repeat visits; fetched before scroll despite being below the fold (unnecessary initial-load bytes)
uk,desktop,/products/earthing-and-lightning-protection,hub,image,http://uk.infravolt.localhost:3000/_next/image?url=https%3A%2F%2Fpub-f1a143f96bfc47df8ff1ccd1aaea6671.r2.dev%2Fproducts%2Fearthing-lightning%2Fapplications%2Fearthing-application-data-centres.webp&w=384&q=75,true,1,false,1,lazy,,142,106,288,162,200,image/webp,12382,"public, max-age=0, must-revalidate",8L3ecwAIXjOlvRU25kHQr7BzTHBCMdoh9-xpEVr-aS8,2040.5,2398.3000000044703,357.80000000447035,,2092,0,0,NEEDS OPTIMISATION,4,no effective cache-control for repeat visits; fetched before scroll despite being below the fold (unnecessary initial-load bytes)
uk,desktop,/products/earthing-and-lightning-protection,hub,image,http://uk.infravolt.localhost:3000/_next/image?url=https%3A%2F%2Fpub-f1a143f96bfc47df8ff1ccd1aaea6671.r2.dev%2Fproducts%2Fearthing-lightning%2Fapplications%2Fearthing-application-utilities-substations.webp&w=384&q=75,true,1,false,1,lazy,,142,106,288,162,200,image/webp,17122,"public, max-age=0, must-revalidate",reBbgiTYoUpZvQDYTyo_FgrqyprZxGlNa0OiwbCWlsw,2040.6000000014901,2451.60000000149,411,,2092,0,0,NEEDS OPTIMISATION,5,moderate transfer time (411 ms); no effective cache-control for repeat visits; fetched before scroll despite being below the fold (unnecessary initial-load bytes)
uk,desktop,/products/earthing-and-lightning-protection,hub,image,http://uk.infravolt.localhost:3000/_next/image?url=https%3A%2F%2Fpub-f1a143f96bfc47df8ff1ccd1aaea6671.r2.dev%2Fproducts%2Fearthing-lightning%2Fapplications%2Fearthing-application-renewable-energy.webp&w=384&q=75,true,1,false,1,lazy,,142,106,288,162,200,image/webp,10286,"public, max-age=0, must-revalidate",iXhuw6VdVgGrhXTjHXe5ne2vFoWMpF4vWwrqEe0N7-w,2040.7000000029802,2507.2000000029802,466.5,,2092,0,0,NEEDS OPTIMISATION,5,moderate transfer time (467 ms); no effective cache-control for repeat visits; fetched before scroll despite being below the fold (unnecessary initial-load bytes)
uk,desktop,/products/earthing-and-lightning-protection,hub,image,http://uk.infravolt.localhost:3000/_next/image?url=https%3A%2F%2Fpub-f1a143f96bfc47df8ff1ccd1aaea6671.r2.dev%2Fproducts%2Fearthing-lightning%2Fapplications%2Fearthing-application-oil-gas-petrochemical.webp&w=384&q=75,true,1,false,1,lazy,,142,106,288,162,200,image/webp,18586,"public, max-age=0, must-revalidate",vjQJpZAymLKuNVsvsnvNiYrbKCpLQXecolRZpCnVTwA,2040.7000000029802,2519.60000000149,478.8999999985099,,2092,0,0,NEEDS OPTIMISATION,5,moderate transfer time (479 ms); no effective cache-control for repeat visits; fetched before scroll despite being below the fold (unnecessary initial-load bytes)
uk,desktop,/products/earthing-and-lightning-protection,hub,image,http://uk.infravolt.localhost:3000/_next/image?url=https%3A%2F%2Fpub-f1a143f96bfc47df8ff1ccd1aaea6671.r2.dev%2Fproducts%2Fearthing-lightning%2Fapplications%2Fearthing-application-warehouses-logistics.webp&w=384&q=75,true,1,false,1,lazy,,142,106,288,162,200,image/webp,16856,"public, max-age=0, must-revalidate",UTLmgV7-uBEiWAB2p1lOeXPR62qDoGfLixmumzYayT4,2040.7000000029802,2546.2000000029802,505.5,,2092,0,0,NEEDS OPTIMISATION,5,moderate transfer time (506 ms); no effective cache-control for repeat visits; fetched before scroll despite being below the fold (unnecessary initial-load bytes)
uk,desktop,/products/earthing-and-lightning-protection,hub,image,http://uk.infravolt.localhost:3000/_next/image?url=https%3A%2F%2Fpub-f1a143f96bfc47df8ff1ccd1aaea6671.r2.dev%2Fproducts%2Fearthing-lightning%2Fapplications%2Fearthing-application-healthcare.webp&w=384&q=75,true,1,false,1,lazy,,142,106,288,162,200,image/webp,5256,"public, max-age=0, must-revalidate",B2y6nf3zzbEDryrfF11HHRGTKpRaakLalYzKAMT6PcA,2040.8999999985099,2511.2000000029802,470.30000000447035,,2092,0,0,NEEDS OPTIMISATION,5,moderate transfer time (470 ms); no effective cache-control for repeat visits; fetched before scroll despite being below the fold (unnecessary initial-load bytes)
uk,desktop,/products/earthing-and-lightning-protection,hub,image,http://uk.infravolt.localhost:3000/_next/image?url=https%3A%2F%2Fpub-f1a143f96bfc47df8ff1ccd1aaea6671.r2.dev%2Fproducts%2Fearthing-lightning%2Fapplications%2Fearthing-application-commercial-buildings.webp&w=3840&q=75,true,1,false,0,lazy,,0,0,,,,,,,,,,,,2092,0,0,GOOD,1,no effective cache-control for repeat visits
uk,desktop,/products/earthing-and-lightning-protection,hub,image,http://uk.infravolt.localhost:3000/_next/image?url=https%3A%2F%2Fpub-f1a143f96bfc47df8ff1ccd1aaea6671.r2.dev%2Fbrand%2Finfravolt-wordmark-primary.webp&w=256&q=75,true,1,true,0,lazy,,152,34,256,58,200,image/webp,2474,"public, max-age=0, must-revalidate",Ucsv1x0HdI0L1LqO1xNf_h8mUlGsHAviRGR7m7Ls_6g,3803.89999999851,3810.7000000029802,6.800000004470348,,2092,0,0,NEEDS OPTIMISATION,3,above the fold; no effective cache-control for repeat visits
uk,desktop,/products/earthing-and-lightning-protection,hub,image,https://pub-f1a143f96bfc47df8ff1ccd1aaea6671.r2.dev/brand/infravolt-wordmark-transparent.webp,true,1,true,0,lazy,,250,56,1040,235,200,image/webp,52456,,"""93441a0dddaf3276056bd01d677cc5c4""",3871,3913.5,42.5,,2092,0,0,NEEDS OPTIMISATION,3,above the fold; no effective cache-control for repeat visits
uk,desktop,/products/earthing-and-lightning-protection,hub,video,https://pub-f1a143f96bfc47df8ff1ccd1aaea6671.r2.dev/media/products/earthing-lightning/infravolt-earthing-lightning.mp4,true,1,false,0,metadata,https://pub-f1a143f96bfc47df8ff1ccd1aaea6671.r2.dev/media/products/earthing-lightning/infravolt-earthing-lightning-poster.webp,845,605,,,206,video/mp4,3198854,,"""acf6fa288b6202a3c3dcc4c0b1bf6af5""",,,,2285.3000000044703,2092,0,0,NEEDS OPTIMISATION,5,video asset; large file (3.05 MB); no effective cache-control for repeat visits
uk,mobile,/products/earthing-and-lightning-protection,hub,image,https://pub-f1a143f96bfc47df8ff1ccd1aaea6671.r2.dev/brand/infravolt-wordmark-primary.webp,true,1,true,1,eager,,192,43,1040,235,200,image/webp,126044,,"""15ab34f45bad11445e87379fdf35c690""",274.29999999701977,368,93.70000000298023,,732,0,0,NEEDS OPTIMISATION,4,above the fold; mobile viewport; no effective cache-control for repeat visits
uk,mobile,/products/earthing-and-lightning-protection,hub,image,http://uk.infravolt.localhost:3000/_next/image?url=%2Fassets%2Fbrand%2Fgersan-logo.png&w=256&q=75,false,1,false,0,eager,,140,32,256,58,200,image/webp,3416,"public, max-age=0, must-revalidate",GjMJUHp3SGXue2PlXkQnxIpLpNlETf-cVQHaKZ0Ea7I,,,,,732,0,0,GOOD,2,mobile viewport; no effective cache-control for repeat visits
uk,mobile,/products/earthing-and-lightning-protection,hub,image,http://uk.infravolt.localhost:3000/_next/image?url=https%3A%2F%2Fpub-f1a143f96bfc47df8ff1ccd1aaea6671.r2.dev%2Fproducts%2Fearthing-lightning%2Flightning-protection%2Fcard%2Fgty-700-copper-multiple-point.webp&w=640&q=75,true,1,false,1,lazy,,118,145,390,292,200,image/webp,7726,"public, max-age=0, must-revalidate",CUNfu2UWlSIr0l1xMnxEwvkWJRKVyZ7JYMwLdwRiXgs,701.7999999970198,722.1999999955297,20.399999998509884,,732,0,0,NEEDS OPTIMISATION,4,mobile viewport; no effective cache-control for repeat visits; fetched before scroll despite being below the fold (unnecessary initial-load bytes)
uk,mobile,/products/earthing-and-lightning-protection,hub,image,http://uk.infravolt.localhost:3000/_next/image?url=https%3A%2F%2Fpub-f1a143f96bfc47df8ff1ccd1aaea6671.r2.dev%2Fproducts%2Fearthing-lightning%2Fearthing-electrodes-plates%2Fcard%2Fcopper-earthing-electrodes.webp&w=640&q=75,true,1,false,1,lazy,,118,145,390,292,200,image/webp,9204,"public, max-age=0, must-revalidate",8pKz2k-5K8dcACWUJ3aMU8stXObrmDnkPMAhTHEdfcA,702,719.1999999955297,17.19999999552965,,732,0,0,NEEDS OPTIMISATION,4,mobile viewport; no effective cache-control for repeat visits; fetched before scroll despite being below the fold (unnecessary initial-load bytes)
uk,mobile,/products/earthing-and-lightning-protection,hub,image,http://uk.infravolt.localhost:3000/_next/image?url=https%3A%2F%2Fpub-f1a143f96bfc47df8ff1ccd1aaea6671.r2.dev%2Fproducts%2Fearthing-lightning%2Fconductors-tapes%2Fcard%2Fbare-solid-copper-conductor-coil.webp&w=640&q=75,true,1,false,1,lazy,,118,145,390,292,200,image/webp,26638,"public, max-age=0, must-revalidate",nNynuyeoKEGdtn14nAaA94lshrstTmkg7QSV-DOqlJA,702,720.5999999940395,18.599999994039536,,732,0,0,NEEDS OPTIMISATION,4,mobile viewport; no effective cache-control for repeat visits; fetched before scroll despite being below the fold (unnecessary initial-load bytes)
uk,mobile,/products/earthing-and-lightning-protection,hub,image,http://uk.infravolt.localhost:3000/_next/image?url=https%3A%2F%2Fpub-f1a143f96bfc47df8ff1ccd1aaea6671.r2.dev%2Fproducts%2Fearthing-lightning%2Fclamps-connectors%2Fcard%2Fgft-100-application.webp&w=640&q=75,true,1,false,1,lazy,,118,145,390,292,200,image/webp,11714,"public, max-age=0, must-revalidate",AQUvsRA70rP8voiuC9OAjVMfFkueEpcqjTm6eBU0jDs,702.1999999955297,723.5,21.30000000447035,,732,0,0,NEEDS OPTIMISATION,4,mobile viewport; no effective cache-control for repeat visits; fetched before scroll despite being below the fold (unnecessary initial-load bytes)
uk,mobile,/products/earthing-and-lightning-protection,hub,image,http://uk.infravolt.localhost:3000/_next/image?url=https%3A%2F%2Fpub-f1a143f96bfc47df8ff1ccd1aaea6671.r2.dev%2Fproducts%2Fearthing-lightning%2Fequipotential-earth-bars%2Fcard%2Fequal-potential-bar-copper-geb-t.webp&w=640&q=75,true,1,false,1,lazy,,118,145,390,292,200,image/webp,9992,"public, max-age=0, must-revalidate",BVWQ5XhnI9w4NdJDl8xLcJoRL5vmz5__pRykR7BTKVE,702.1999999955297,724.8999999985099,22.700000002980232,,732,0,0,NEEDS OPTIMISATION,4,mobile viewport; no effective cache-control for repeat visits; fetched before scroll despite being below the fold (unnecessary initial-load bytes)
uk,mobile,/products/earthing-and-lightning-protection,hub,image,http://uk.infravolt.localhost:3000/_next/image?url=https%3A%2F%2Fpub-f1a143f96bfc47df8ff1ccd1aaea6671.r2.dev%2Fproducts%2Fearthing-lightning%2Fexothermic-welding%2Fcard%2Fthermoweld-step-4-ignite.webp&w=640&q=75,true,1,false,1,lazy,,118,145,390,292,200,image/webp,15676,"public, max-age=0, must-revalidate",fYZ_C5VfTfzJLJOaEWzwnU6Xemy0iZwZ5AYHyYVq-XI,702.2999999970198,731.0999999940395,28.799999997019768,,732,0,0,NEEDS OPTIMISATION,4,mobile viewport; no effective cache-control for repeat visits; fetched before scroll despite being below the fold (unnecessary initial-load bytes)
uk,mobile,/products/earthing-and-lightning-protection,hub,image,http://uk.infravolt.localhost:3000/_next/image?url=https%3A%2F%2Fpub-f1a143f96bfc47df8ff1ccd1aaea6671.r2.dev%2Fproducts%2Fearthing-lightning%2Finspection-ground-enhancement%2Fcard%2Fgte-300-p1-plastic-earthing-pit.webp&w=640&q=75,true,1,false,1,lazy,,118,169,390,292,200,image/webp,7000,"public, max-age=0, must-revalidate",XOWk1yYd81HZAlwyP63azaYlxlHNWrrOVBK3Sz13ByM,702.3999999985099,733.6999999955297,31.299999997019768,,732,0,0,NEEDS OPTIMISATION,4,mobile viewport; no effective cache-control for repeat visits; fetched before scroll despite being below the fold (unnecessary initial-load bytes)
uk,mobile,/products/earthing-and-lightning-protection,hub,image,http://uk.infravolt.localhost:3000/_next/image?url=https%3A%2F%2Fpub-f1a143f96bfc47df8ff1ccd1aaea6671.r2.dev%2Fproducts%2Fearthing-lightning%2Fstatic-ex-proof-grounding%2Fcard%2Fgst-1-bronze-static-earth-receptacle.webp&w=640&q=75,true,1,false,1,lazy,,118,145,390,292,200,image/webp,11876,"public, max-age=0, must-revalidate",2LenCTj6v9S5RH8z7INuFsNt_8Apx3QUQPnnxT2oGtM,702.5999999940395,733,30.400000005960464,,732,0,0,NEEDS OPTIMISATION,4,mobile viewport; no effective cache-control for repeat visits; fetched before scroll despite being below the fold (unnecessary initial-load bytes)
uk,mobile,/products/earthing-and-lightning-protection,hub,image,http://uk.infravolt.localhost:3000/_next/image?url=https%3A%2F%2Fpub-f1a143f96bfc47df8ff1ccd1aaea6671.r2.dev%2Fproducts%2Fearthing-lightning%2Fapplications%2Fearthing-application-commercial-buildings.webp&w=3840&q=75,true,1,false,0,lazy,,0,0,,,,,,,,,,,,732,0,0,GOOD,2,mobile viewport; no effective cache-control for repeat visits
uk,mobile,/products/earthing-and-lightning-protection,hub,image,http://uk.infravolt.localhost:3000/_next/image?url=https%3A%2F%2Fpub-f1a143f96bfc47df8ff1ccd1aaea6671.r2.dev%2Fproducts%2Fearthing-lightning%2Fapplications%2Fearthing-application-industrial-facilities.webp&w=3840&q=75,true,1,false,0,lazy,,0,0,,,,,,,,,,,,732,0,0,GOOD,2,mobile viewport; no effective cache-control for repeat visits
uk,mobile,/products/earthing-and-lightning-protection,hub,image,http://uk.infravolt.localhost:3000/_next/image?url=https%3A%2F%2Fpub-f1a143f96bfc47df8ff1ccd1aaea6671.r2.dev%2Fproducts%2Fearthing-lightning%2Fapplications%2Fearthing-application-data-centres.webp&w=3840&q=75,true,1,false,0,lazy,,0,0,,,,,,,,,,,,732,0,0,GOOD,2,mobile viewport; no effective cache-control for repeat visits
uk,mobile,/products/earthing-and-lightning-protection,hub,image,http://uk.infravolt.localhost:3000/_next/image?url=https%3A%2F%2Fpub-f1a143f96bfc47df8ff1ccd1aaea6671.r2.dev%2Fproducts%2Fearthing-lightning%2Fapplications%2Fearthing-application-utilities-substations.webp&w=3840&q=75,true,1,false,0,lazy,,0,0,,,,,,,,,,,,732,0,0,GOOD,2,mobile viewport; no effective cache-control for repeat visits
uk,mobile,/products/earthing-and-lightning-protection,hub,image,http://uk.infravolt.localhost:3000/_next/image?url=https%3A%2F%2Fpub-f1a143f96bfc47df8ff1ccd1aaea6671.r2.dev%2Fproducts%2Fearthing-lightning%2Fapplications%2Fearthing-application-renewable-energy.webp&w=3840&q=75,true,1,false,0,lazy,,0,0,,,,,,,,,,,,732,0,0,GOOD,2,mobile viewport; no effective cache-control for repeat visits
uk,mobile,/products/earthing-and-lightning-protection,hub,image,http://uk.infravolt.localhost:3000/_next/image?url=https%3A%2F%2Fpub-f1a143f96bfc47df8ff1ccd1aaea6671.r2.dev%2Fproducts%2Fearthing-lightning%2Fapplications%2Fearthing-application-oil-gas-petrochemical.webp&w=3840&q=75,true,1,false,0,lazy,,0,0,,,,,,,,,,,,732,0,0,GOOD,2,mobile viewport; no effective cache-control for repeat visits
uk,mobile,/products/earthing-and-lightning-protection,hub,image,http://uk.infravolt.localhost:3000/_next/image?url=https%3A%2F%2Fpub-f1a143f96bfc47df8ff1ccd1aaea6671.r2.dev%2Fproducts%2Fearthing-lightning%2Fapplications%2Fearthing-application-warehouses-logistics.webp&w=3840&q=75,true,1,false,0,lazy,,0,0,,,,,,,,,,,,732,0,0,GOOD,2,mobile viewport; no effective cache-control for repeat visits
uk,mobile,/products/earthing-and-lightning-protection,hub,image,http://uk.infravolt.localhost:3000/_next/image?url=https%3A%2F%2Fpub-f1a143f96bfc47df8ff1ccd1aaea6671.r2.dev%2Fproducts%2Fearthing-lightning%2Fapplications%2Fearthing-application-healthcare.webp&w=3840&q=75,true,1,false,0,lazy,,0,0,,,,,,,,,,,,732,0,0,GOOD,2,mobile viewport; no effective cache-control for repeat visits
uk,mobile,/products/earthing-and-lightning-protection,hub,image,http://uk.infravolt.localhost:3000/_next/image?url=https%3A%2F%2Fpub-f1a143f96bfc47df8ff1ccd1aaea6671.r2.dev%2Fproducts%2Fearthing-lightning%2Fapplications%2Fearthing-application-commercial-buildings.webp&w=640&q=75,true,1,false,0,lazy,,348,218,390,219,200,image/webp,31548,"public, max-age=0, must-revalidate",-emiVknWoJZP3_cvsFd5N_WqKcJ63UrZ_jzpY79dRzc,1958.3999999985099,2128.6999999955297,170.29999999701977,,732,0,0,GOOD,2,mobile viewport; no effective cache-control for repeat visits
uk,mobile,/products/earthing-and-lightning-protection,hub,image,http://uk.infravolt.localhost:3000/_next/image?url=https%3A%2F%2Fpub-f1a143f96bfc47df8ff1ccd1aaea6671.r2.dev%2Fbrand%2Finfravolt-wordmark-primary.webp&w=256&q=75,true,1,false,0,lazy,,152,34,256,58,200,image/webp,2474,"public, max-age=0, must-revalidate",Ucsv1x0HdI0L1LqO1xNf_h8mUlGsHAviRGR7m7Ls_6g,2124.1999999955297,2130.5999999940395,6.399999998509884,,732,0,0,GOOD,2,mobile viewport; no effective cache-control for repeat visits
uk,mobile,/products/earthing-and-lightning-protection,hub,image,https://pub-f1a143f96bfc47df8ff1ccd1aaea6671.r2.dev/brand/infravolt-wordmark-transparent.webp,true,1,true,0,lazy,,220,50,1040,235,200,image/webp,52456,,"""93441a0dddaf3276056bd01d677cc5c4""",2326.1999999955297,2372.2999999970198,46.100000001490116,,732,0,0,NEEDS OPTIMISATION,4,above the fold; mobile viewport; no effective cache-control for repeat visits
uk,mobile,/products/earthing-and-lightning-protection,hub,video,https://pub-f1a143f96bfc47df8ff1ccd1aaea6671.r2.dev/media/products/earthing-lightning/infravolt-earthing-lightning.mp4,true,1,false,0,metadata,https://pub-f1a143f96bfc47df8ff1ccd1aaea6671.r2.dev/media/products/earthing-lightning/infravolt-earthing-lightning-poster.webp,350,224,,,206,video/mp4,3198854,,"""acf6fa288b6202a3c3dcc4c0b1bf6af5""",,,,578.3999999985099,732,0,0,CRITICAL,6,video asset; mobile viewport; large file (3.05 MB); no effective cache-control for repeat visits
uk,desktop,/products/led-systems,hub,image,https://pub-f1a143f96bfc47df8ff1ccd1aaea6671.r2.dev/brand/infravolt-wordmark-primary.webp,true,1,true,1,eager,,252,57,1040,235,200,image/webp,126044,,"""15ab34f45bad11445e87379fdf35c690""",2165.89999999851,2269.1999999955297,103.29999999701977,,2544,0,0,NEEDS OPTIMISATION,3,above the fold; no effective cache-control for repeat visits
uk,desktop,/products/led-systems,hub,image,http://uk.infravolt.localhost:3000/_next/image?url=https%3A%2F%2Fpub-f1a143f96bfc47df8ff1ccd1aaea6671.r2.dev%2Fproducts%2Fled-lighting%2Fhero%2Fled-systems-hero.webp&w=1920&q=75,true,1,false,0,eager,,1920,594,1672,941,200,image/webp,88330,"public, max-age=0, must-revalidate",d1lapxW-4R2H4AgfI5XzR6auKGHVUwp6TaAkarZB8Gc,,,,,2544,1,0,NEEDS OPTIMISATION,4,is the page LCP element on at least one run; no effective cache-control for repeat visits
uk,desktop,/products/led-systems,hub,image,http://uk.infravolt.localhost:3000/_next/image?url=%2Fassets%2Fbrand%2Fgersan-logo.png&w=256&q=75,false,1,false,0,eager,,140,32,256,58,200,image/webp,3416,"public, max-age=0, must-revalidate",GjMJUHp3SGXue2PlXkQnxIpLpNlETf-cVQHaKZ0Ea7I,,,,,2544,0,0,GOOD,1,no effective cache-control for repeat visits
uk,desktop,/products/led-systems,hub,image,http://uk.infravolt.localhost:3000/_next/image?url=https%3A%2F%2Fpub-f1a143f96bfc47df8ff1ccd1aaea6671.r2.dev%2Fproducts%2Fled-lighting%2Fcategory%2Fsmart-lighting-automation%2Fcard%2Fsmart-lighting-automation-category-card.webp&w=640&q=75,true,1,false,1,lazy,,301,226,480,270,200,image/webp,27610,"public, max-age=0, must-revalidate",jXTZhd8SWiLacDsFCM62i3W57K3IJAJkaiDahXrXWow,2510.6999999955297,2541.89999999851,31.200000002980232,,2544,0,0,NEEDS OPTIMISATION,3,no effective cache-control for repeat visits; fetched before scroll despite being below the fold (unnecessary initial-load bytes)
uk,desktop,/products/led-systems,hub,image,http://uk.infravolt.localhost:3000/_next/image?url=https%3A%2F%2Fpub-f1a143f96bfc47df8ff1ccd1aaea6671.r2.dev%2Fproducts%2Fled-lighting%2Fcategory%2Findustrial-high-bay%2Fcard%2Findustrial-high-bay-lighting-category-card.webp&w=640&q=75,true,1,false,1,lazy,,301,226,480,270,200,image/webp,48936,"public, max-age=0, must-revalidate",SFH9rvwkXSo8qz0FP6IfBZAl3Q0ufCfBuu_ls8NrfMw,2510.7999999970198,2540.10000000149,29.30000000447035,,2544,0,0,NEEDS OPTIMISATION,3,no effective cache-control for repeat visits; fetched before scroll despite being below the fold (unnecessary initial-load bytes)
uk,desktop,/products/led-systems,hub,image,http://uk.infravolt.localhost:3000/_next/image?url=https%3A%2F%2Fpub-f1a143f96bfc47df8ff1ccd1aaea6671.r2.dev%2Fproducts%2Fled-lighting%2Fcategory%2Fparking-waterproof%2Fhero%2Fparking-waterproof-lighting-hero-background.webp&w=640&q=75,true,1,false,1,lazy,,301,226,480,270,200,image/webp,16134,"public, max-age=0, must-revalidate",Qv-jo5BIQf9RMNQOYM4cg08WaDYFoVuCgs_y2CYowfc,2510.7999999970198,2541,30.200000002980232,,2544,0,0,NEEDS OPTIMISATION,3,no effective cache-control for repeat visits; fetched before scroll despite being below the fold (unnecessary initial-load bytes)
uk,desktop,/products/led-systems,hub,image,http://uk.infravolt.localhost:3000/_next/image?url=https%3A%2F%2Fpub-f1a143f96bfc47df8ff1ccd1aaea6671.r2.dev%2Fproducts%2Fled-lighting%2Fcategory%2Fspecial-hazardous%2Fcard%2Fspecial-hazardous-environment-lighting-category-card.webp&w=640&q=75,true,1,false,1,lazy,,301,226,480,319,200,image/webp,47270,"public, max-age=0, must-revalidate",jRQ3xTsc7PqcjSfHQ2IR0qQaaHa9MaVtSk5t6uWT7Ik,2511,2539.10000000149,28.100000001490116,,2544,0,0,NEEDS OPTIMISATION,3,no effective cache-control for repeat visits; fetched before scroll despite being below the fold (unnecessary initial-load bytes)
uk,desktop,/products/led-systems,hub,image,http://uk.infravolt.localhost:3000/_next/image?url=https%3A%2F%2Fpub-f1a143f96bfc47df8ff1ccd1aaea6671.r2.dev%2Fproducts%2Fled-lighting%2Fseries%2Fgsl-tunnel-lighting-systems%2Fgsl-tunnel-lighting-systems-hero-background.webp&w=640&q=75,true,1,false,1,lazy,,301,226,480,270,200,image/webp,17448,"public, max-age=0, must-revalidate",-AnWXlW0DQbKJMBy8Dq6uuW7fk19wrEAk6M1qOot2GM,2511,2543.10000000149,32.100000001490116,,2544,0,0,NEEDS OPTIMISATION,3,no effective cache-control for repeat visits; fetched before scroll despite being below the fold (unnecessary initial-load bytes)
uk,desktop,/products/led-systems,hub,image,http://uk.infravolt.localhost:3000/_next/image?url=https%3A%2F%2Fpub-f1a143f96bfc47df8ff1ccd1aaea6671.r2.dev%2Fproducts%2Fled-lighting%2Fcategory%2Flinear-trunking%2Fhero%2Flinear-trunking-lighting-hero-background.webp&w=640&q=75,true,1,false,1,lazy,,301,226,480,270,200,image/webp,16278,"public, max-age=0, must-revalidate",XpEMBFht3V_92f7t7dPnelwJgEQz25eRL90rUvSIFm8,2511.10000000149,2554.1999999955297,43.099999994039536,,2544,0,0,NEEDS OPTIMISATION,3,no effective cache-control for repeat visits; fetched before scroll despite being below the fold (unnecessary initial-load bytes)
uk,desktop,/products/led-systems,hub,image,http://uk.infravolt.localhost:3000/_next/image?url=https%3A%2F%2Fpub-f1a143f96bfc47df8ff1ccd1aaea6671.r2.dev%2Fproducts%2Fled-lighting%2Fcategory%2Fpanel%2Fhero%2Fpanel-lighting-hero-background.webp&w=640&q=75,true,1,false,1,lazy,,301,226,480,270,200,image/webp,11456,"public, max-age=0, must-revalidate",KyV0Vb14holBT39clhvVFvNNlvbmBI6gaqDJg3-oYZs,2511.1999999955297,2577,65.80000000447035,,2544,0,0,NEEDS OPTIMISATION,3,no effective cache-control for repeat visits; fetched before scroll despite being below the fold (unnecessary initial-load bytes)
uk,desktop,/products/led-systems,hub,image,http://uk.infravolt.localhost:3000/_next/image?url=https%3A%2F%2Fpub-f1a143f96bfc47df8ff1ccd1aaea6671.r2.dev%2Fproducts%2Fled-lighting%2Fcategory%2Ftrack-downlight%2Fhero%2Ftrack-downlight-hero-background.webp&w=640&q=75,true,1,false,1,lazy,,301,226,480,270,200,image/webp,12806,"public, max-age=0, must-revalidate",RolpnwlwKwBX9p8fsJ3DXVl5qDGyWvlf2JDEWgVTXlU,2511.2999999970198,2576,64.70000000298023,,2544,0,0,NEEDS OPTIMISATION,3,no effective cache-control for repeat visits; fetched before scroll despite being below the fold (unnecessary initial-load bytes)
uk,desktop,/products/led-systems,hub,image,http://uk.infravolt.localhost:3000/_next/image?url=https%3A%2F%2Fpub-f1a143f96bfc47df8ff1ccd1aaea6671.r2.dev%2Fproducts%2Fled-lighting%2Fcategory%2Fdecorative%2Fcard%2Fdecorative-lighting-category-card.webp&w=640&q=75,true,1,false,1,lazy,,301,226,480,270,200,image/webp,29322,"public, max-age=0, must-revalidate",4JX5etHZ950hqVU1U_z0VMHQ2HUB6VnO15I9ZJmxRlU,2511.2999999970198,2577.89999999851,66.60000000149012,,2544,0,0,NEEDS OPTIMISATION,3,no effective cache-control for repeat visits; fetched before scroll despite being below the fold (unnecessary initial-load bytes)
uk,desktop,/products/led-systems,hub,image,http://uk.infravolt.localhost:3000/_next/image?url=https%3A%2F%2Fpub-f1a143f96bfc47df8ff1ccd1aaea6671.r2.dev%2Fproducts%2Fled-lighting%2Fcategory%2Femergency-guidance%2Fcard%2Femergency-guidance-lighting-category-card.webp&w=640&q=75,true,1,false,1,lazy,,301,226,480,319,200,image/webp,10810,"public, max-age=0, must-revalidate",quykVZXfYWhhQP_6H1bBjNvFbkiDZlhLxAWZHdaHsgk,2511.39999999851,2578.6999999955297,67.29999999701977,,2544,0,0,NEEDS OPTIMISATION,3,no effective cache-control for repeat visits; fetched before scroll despite being below the fold (unnecessary initial-load bytes)
uk,desktop,/products/led-systems,hub,image,http://uk.infravolt.localhost:3000/_next/image?url=https%3A%2F%2Fpub-f1a143f96bfc47df8ff1ccd1aaea6671.r2.dev%2Fproducts%2Fled-lighting%2Fhero%2Fled-systems-support-cta.webp&w=1920&q=75,true,1,true,1,lazy,,1400,412,1916,821,200,image/webp,68106,"public, max-age=0, must-revalidate",aln39y8MOgwzg_XcyYKvXQAuqit1j1zOMp4DtHD0tAs,2511.39999999851,2585.89999999851,74.5,,2544,0,0,NEEDS OPTIMISATION,3,above the fold; no effective cache-control for repeat visits
uk,desktop,/products/led-systems,hub,image,http://uk.infravolt.localhost:3000/_next/image?url=https%3A%2F%2Fpub-f1a143f96bfc47df8ff1ccd1aaea6671.r2.dev%2Fbrand%2Finfravolt-wordmark-transparent.webp&w=256&q=75,true,1,true,1,lazy,,132,30,256,58,200,image/webp,5642,"public, max-age=0, must-revalidate",QJ2LN034U6Secn-Fuuv-xHKW0vZYNlK9mf2bZ82cDvE,2511.5,2706.60000000149,195.10000000149012,,2544,0,0,NEEDS OPTIMISATION,3,above the fold; no effective cache-control for repeat visits
uk,desktop,/products/led-systems,hub,image,https://pub-f1a143f96bfc47df8ff1ccd1aaea6671.r2.dev/brand/infravolt-wordmark-transparent.webp,true,1,true,1,lazy,,250,56,1040,235,200,image/webp,52456,,"""93441a0dddaf3276056bd01d677cc5c4""",2511.60000000149,2605.89999999851,94.29999999701977,,2544,0,0,NEEDS OPTIMISATION,3,above the fold; no effective cache-control for repeat visits
uk,mobile,/products/led-systems,hub,image,https://pub-f1a143f96bfc47df8ff1ccd1aaea6671.r2.dev/brand/infravolt-wordmark-primary.webp,true,1,true,1,eager,,192,43,1040,235,200,image/webp,126044,,"""15ab34f45bad11445e87379fdf35c690""",325.5,444.80000000447035,119.30000000447035,,788,0,0,NEEDS OPTIMISATION,4,above the fold; mobile viewport; no effective cache-control for repeat visits
uk,mobile,/products/led-systems,hub,image,http://uk.infravolt.localhost:3000/_next/image?url=https%3A%2F%2Fpub-f1a143f96bfc47df8ff1ccd1aaea6671.r2.dev%2Fproducts%2Fled-lighting%2Fhero%2Fled-systems-hero.webp&w=640&q=75,true,1,false,0,eager,,390,593,390,219,200,image/webp,20584,"public, max-age=0, must-revalidate",odhl1HlJSAjfXIaCFNw0ZiL5m2itmogDcT8xFLLmZgo,,,,,788,1,0,NEEDS OPTIMISATION,5,is the page LCP element on at least one run; mobile viewport; no effective cache-control for repeat visits
uk,mobile,/products/led-systems,hub,image,http://uk.infravolt.localhost:3000/_next/image?url=%2Fassets%2Fbrand%2Fgersan-logo.png&w=256&q=75,false,1,false,0,eager,,120,27,256,58,200,image/webp,3416,"public, max-age=0, must-revalidate",GjMJUHp3SGXue2PlXkQnxIpLpNlETf-cVQHaKZ0Ea7I,,,,,788,0,0,GOOD,2,mobile viewport; no effective cache-control for repeat visits
uk,mobile,/products/led-systems,hub,image,http://uk.infravolt.localhost:3000/_next/image?url=https%3A%2F%2Fpub-f1a143f96bfc47df8ff1ccd1aaea6671.r2.dev%2Fproducts%2Fled-lighting%2Fcategory%2Fsmart-lighting-automation%2Fcard%2Fsmart-lighting-automation-category-card.webp&w=640&q=75,true,1,false,1,lazy,,170,113,390,219,200,image/webp,27610,"public, max-age=0, must-revalidate",jXTZhd8SWiLacDsFCM62i3W57K3IJAJkaiDahXrXWow,768.7000000029802,782.3999999985099,13.699999995529652,,788,0,0,NEEDS OPTIMISATION,4,mobile viewport; no effective cache-control for repeat visits; fetched before scroll despite being below the fold (unnecessary initial-load bytes)
uk,mobile,/products/led-systems,hub,image,http://uk.infravolt.localhost:3000/_next/image?url=https%3A%2F%2Fpub-f1a143f96bfc47df8ff1ccd1aaea6671.r2.dev%2Fproducts%2Fled-lighting%2Fcategory%2Findustrial-high-bay%2Fcard%2Findustrial-high-bay-lighting-category-card.webp&w=640&q=75,true,1,false,1,lazy,,170,113,390,219,200,image/webp,48936,"public, max-age=0, must-revalidate",SFH9rvwkXSo8qz0FP6IfBZAl3Q0ufCfBuu_ls8NrfMw,768.8999999985099,802.7000000029802,33.80000000447035,,788,0,0,NEEDS OPTIMISATION,4,mobile viewport; no effective cache-control for repeat visits; fetched before scroll despite being below the fold (unnecessary initial-load bytes)
uk,mobile,/products/led-systems,hub,image,http://uk.infravolt.localhost:3000/_next/image?url=https%3A%2F%2Fpub-f1a143f96bfc47df8ff1ccd1aaea6671.r2.dev%2Fproducts%2Fled-lighting%2Fcategory%2Fparking-waterproof%2Fhero%2Fparking-waterproof-lighting-hero-background.webp&w=640&q=75,true,1,false,1,lazy,,170,113,390,219,200,image/webp,16134,"public, max-age=0, must-revalidate",Qv-jo5BIQf9RMNQOYM4cg08WaDYFoVuCgs_y2CYowfc,768.8999999985099,783.8999999985099,15,,788,0,0,NEEDS OPTIMISATION,4,mobile viewport; no effective cache-control for repeat visits; fetched before scroll despite being below the fold (unnecessary initial-load bytes)
uk,mobile,/products/led-systems,hub,image,http://uk.infravolt.localhost:3000/_next/image?url=https%3A%2F%2Fpub-f1a143f96bfc47df8ff1ccd1aaea6671.r2.dev%2Fproducts%2Fled-lighting%2Fcategory%2Fspecial-hazardous%2Fcard%2Fspecial-hazardous-environment-lighting-category-card.webp&w=640&q=75,true,1,false,1,lazy,,170,113,390,259,200,image/webp,47270,"public, max-age=0, must-revalidate",jRQ3xTsc7PqcjSfHQ2IR0qQaaHa9MaVtSk5t6uWT7Ik,768.8999999985099,784.8000000044703,15.900000005960464,,788,0,0,NEEDS OPTIMISATION,4,mobile viewport; no effective cache-control for repeat visits; fetched before scroll despite being below the fold (unnecessary initial-load bytes)
uk,mobile,/products/led-systems,hub,image,http://uk.infravolt.localhost:3000/_next/image?url=https%3A%2F%2Fpub-f1a143f96bfc47df8ff1ccd1aaea6671.r2.dev%2Fproducts%2Fled-lighting%2Fseries%2Fgsl-tunnel-lighting-systems%2Fgsl-tunnel-lighting-systems-hero-background.webp&w=640&q=75,true,1,false,1,lazy,,170,113,390,219,200,image/webp,17448,"public, max-age=0, must-revalidate",-AnWXlW0DQbKJMBy8Dq6uuW7fk19wrEAk6M1qOot2GM,769.1000000014901,785.7000000029802,16.600000001490116,,788,0,0,NEEDS OPTIMISATION,4,mobile viewport; no effective cache-control for repeat visits; fetched before scroll despite being below the fold (unnecessary initial-load bytes)
uk,mobile,/products/led-systems,hub,image,http://uk.infravolt.localhost:3000/_next/image?url=https%3A%2F%2Fpub-f1a143f96bfc47df8ff1ccd1aaea6671.r2.dev%2Fproducts%2Fled-lighting%2Fcategory%2Flinear-trunking%2Fhero%2Flinear-trunking-lighting-hero-background.webp&w=640&q=75,true,1,false,1,lazy,,170,113,390,219,200,image/webp,16278,"public, max-age=0, must-revalidate",XpEMBFht3V_92f7t7dPnelwJgEQz25eRL90rUvSIFm8,769.3000000044703,790.3999999985099,21.099999994039536,,788,0,0,NEEDS OPTIMISATION,4,mobile viewport; no effective cache-control for repeat visits; fetched before scroll despite being below the fold (unnecessary initial-load bytes)
uk,mobile,/products/led-systems,hub,image,http://uk.infravolt.localhost:3000/_next/image?url=https%3A%2F%2Fpub-f1a143f96bfc47df8ff1ccd1aaea6671.r2.dev%2Fproducts%2Fled-lighting%2Fcategory%2Fpanel%2Fhero%2Fpanel-lighting-hero-background.webp&w=640&q=75,true,1,false,1,lazy,,170,113,390,219,200,image/webp,11456,"public, max-age=0, must-revalidate",KyV0Vb14holBT39clhvVFvNNlvbmBI6gaqDJg3-oYZs,769.3999999985099,796.5,27.100000001490116,,788,0,0,NEEDS OPTIMISATION,4,mobile viewport; no effective cache-control for repeat visits; fetched before scroll despite being below the fold (unnecessary initial-load bytes)
uk,mobile,/products/led-systems,hub,image,http://uk.infravolt.localhost:3000/_next/image?url=https%3A%2F%2Fpub-f1a143f96bfc47df8ff1ccd1aaea6671.r2.dev%2Fproducts%2Fled-lighting%2Fcategory%2Ftrack-downlight%2Fhero%2Ftrack-downlight-hero-background.webp&w=640&q=75,true,1,false,1,lazy,,170,113,390,219,200,image/webp,12806,"public, max-age=0, must-revalidate",RolpnwlwKwBX9p8fsJ3DXVl5qDGyWvlf2JDEWgVTXlU,769.5,797.6000000014901,28.100000001490116,,788,0,0,NEEDS OPTIMISATION,4,mobile viewport; no effective cache-control for repeat visits; fetched before scroll despite being below the fold (unnecessary initial-load bytes)
uk,mobile,/products/led-systems,hub,image,http://uk.infravolt.localhost:3000/_next/image?url=https%3A%2F%2Fpub-f1a143f96bfc47df8ff1ccd1aaea6671.r2.dev%2Fproducts%2Fled-lighting%2Fcategory%2Fdecorative%2Fcard%2Fdecorative-lighting-category-card.webp&w=640&q=75,true,1,false,1,lazy,,170,113,390,219,200,image/webp,29322,"public, max-age=0, must-revalidate",4JX5etHZ950hqVU1U_z0VMHQ2HUB6VnO15I9ZJmxRlU,769.6000000014901,798.7000000029802,29.100000001490116,,788,0,0,NEEDS OPTIMISATION,4,mobile viewport; no effective cache-control for repeat visits; fetched before scroll despite being below the fold (unnecessary initial-load bytes)
uk,mobile,/products/led-systems,hub,image,http://uk.infravolt.localhost:3000/_next/image?url=https%3A%2F%2Fpub-f1a143f96bfc47df8ff1ccd1aaea6671.r2.dev%2Fproducts%2Fled-lighting%2Fcategory%2Femergency-guidance%2Fcard%2Femergency-guidance-lighting-category-card.webp&w=640&q=75,true,1,false,1,lazy,,170,113,390,259,200,image/webp,10810,"public, max-age=0, must-revalidate",quykVZXfYWhhQP_6H1bBjNvFbkiDZlhLxAWZHdaHsgk,769.7000000029802,798.8999999985099,29.19999999552965,,788,0,0,NEEDS OPTIMISATION,4,mobile viewport; no effective cache-control for repeat visits; fetched before scroll despite being below the fold (unnecessary initial-load bytes)
uk,mobile,/products/led-systems,hub,image,http://uk.infravolt.localhost:3000/_next/image?url=https%3A%2F%2Fpub-f1a143f96bfc47df8ff1ccd1aaea6671.r2.dev%2Fproducts%2Fled-lighting%2Fhero%2Fled-systems-support-cta.webp&w=640&q=75,true,1,false,0,lazy,,390,416,390,166,200,image/webp,10998,"public, max-age=0, must-revalidate",o8ed9gCOgOey9TsCojfXAbLAc6RA3x-FeqRJZgJF6ZY,1919.8000000044703,2078.10000000149,158.29999999701977,,788,0,0,GOOD,2,mobile viewport; no effective cache-control for repeat visits
uk,mobile,/products/led-systems,hub,image,http://uk.infravolt.localhost:3000/_next/image?url=https%3A%2F%2Fpub-f1a143f96bfc47df8ff1ccd1aaea6671.r2.dev%2Fbrand%2Finfravolt-wordmark-transparent.webp&w=256&q=75,true,1,false,0,lazy,,132,30,256,58,200,image/webp,5642,"public, max-age=0, must-revalidate",QJ2LN034U6Secn-Fuuv-xHKW0vZYNlK9mf2bZ82cDvE,1936.8999999985099,1942.5,5.600000001490116,,788,0,0,GOOD,2,mobile viewport; no effective cache-control for repeat visits
uk,mobile,/products/led-systems,hub,image,https://pub-f1a143f96bfc47df8ff1ccd1aaea6671.r2.dev/brand/infravolt-wordmark-transparent.webp,true,1,true,0,lazy,,220,50,1040,235,200,image/webp,52456,,"""93441a0dddaf3276056bd01d677cc5c4""",2002.8999999985099,2050.10000000149,47.20000000298023,,788,0,0,NEEDS OPTIMISATION,4,above the fold; mobile viewport; no effective cache-control for repeat visits
uk,desktop,/products/underfloor-systems,hub,image,https://pub-f1a143f96bfc47df8ff1ccd1aaea6671.r2.dev/brand/infravolt-wordmark-primary.webp,true,1,true,1,eager,,252,57,1040,235,200,image/webp,126044,,"""15ab34f45bad11445e87379fdf35c690""",1866.5,1972.4000000059605,105.90000000596046,,2508,0,0,NEEDS OPTIMISATION,3,above the fold; no effective cache-control for repeat visits
uk,desktop,/products/underfloor-systems,hub,image,http://uk.infravolt.localhost:3000/_next/image?url=https%3A%2F%2Fpub-f1a143f96bfc47df8ff1ccd1aaea6671.r2.dev%2Fproducts%2Funderfloor%2Fhero%2Funderfloor-cable-trunking-hero-background.webp&w=1920&q=75,true,1,false,0,eager,,1920,573,1916,821,200,image/webp,71180,"public, max-age=0, must-revalidate",8VVu7PMVZYv92o_VvnZG4XuIvXx0N_HhEyqHlXG7Rio,,,,,2508,1,0,NEEDS OPTIMISATION,4,is the page LCP element on at least one run; no effective cache-control for repeat visits
uk,desktop,/products/underfloor-systems,hub,image,http://uk.infravolt.localhost:3000/_next/image?url=https%3A%2F%2Fpub-f1a143f96bfc47df8ff1ccd1aaea6671.r2.dev%2Fproducts%2Funderfloor%2Fhero%2Funderfloor-cable-trunking-hero-foreground-products.webp&w=1080&q=75,true,1,false,0,eager,,680,384,883,497,200,image/webp,77712,"public, max-age=0, must-revalidate",FCYqUCaP6QQwJFoj81Ne8FmqgoeKbjfmHcFVRnabuTQ,,,,,2508,0,0,GOOD,1,no effective cache-control for repeat visits
uk,desktop,/products/underfloor-systems,hub,image,http://uk.infravolt.localhost:3000/_next/image?url=https%3A%2F%2Fpub-f1a143f96bfc47df8ff1ccd1aaea6671.r2.dev%2Fproducts%2Funderfloor%2Fseries%2Fcard%2Funderfloor-junction-boxes-category-card.webp&w=640&q=75,true,1,false,1,lazy,,409,306,633,475,200,image/webp,16400,"public, max-age=0, must-revalidate",xomxBoTqRZc_-ytxHxR-SSdkC-cL_aSNtVGw2J30HXA,2300.2000000029802,2595.3000000044703,295.1000000014901,,2508,0,0,NEEDS OPTIMISATION,4,no effective cache-control for repeat visits; fetched before scroll despite being below the fold (unnecessary initial-load bytes)
uk,desktop,/products/underfloor-systems,hub,image,http://uk.infravolt.localhost:3000/_next/image?url=https%3A%2F%2Fpub-f1a143f96bfc47df8ff1ccd1aaea6671.r2.dev%2Fproducts%2Funderfloor%2Fseries%2Fcard%2Funderfloor-socket-data-accessories-category-card.webp&w=640&q=75,true,1,false,1,lazy,,409,307,633,475,200,image/webp,12820,"public, max-age=0, must-revalidate",pOlAhhHMTX9XA985eKGpAe8-IdsQid6IrNna18Pd2jw,2300.4000000059605,3022.7000000029802,722.2999999970198,,2508,0,0,NEEDS OPTIMISATION,5,moderate transfer time (722 ms); no effective cache-control for repeat visits; fetched before scroll despite being below the fold (unnecessary initial-load bytes)
uk,desktop,/products/underfloor-systems,hub,image,http://uk.infravolt.localhost:3000/_next/image?url=https%3A%2F%2Fpub-f1a143f96bfc47df8ff1ccd1aaea6671.r2.dev%2Fproducts%2Funderfloor%2Fseries%2Fcard%2Funderfloor-cable-trays-category-card.webp&w=640&q=75,true,1,false,1,lazy,,409,306,633,475,200,image/webp,9896,"public, max-age=0, must-revalidate",wMhKqR5WKXnpdbEpfC5SCulR6TLTf_QZlJEMNB8NbeM,2300.5,2787.8000000044703,487.30000000447035,,2508,0,0,NEEDS OPTIMISATION,5,moderate transfer time (487 ms); no effective cache-control for repeat visits; fetched before scroll despite being below the fold (unnecessary initial-load bytes)
uk,desktop,/products/underfloor-systems,hub,image,http://uk.infravolt.localhost:3000/_next/image?url=https%3A%2F%2Fpub-f1a143f96bfc47df8ff1ccd1aaea6671.r2.dev%2Fproducts%2Funderfloor%2Fseries%2Fcard%2Fraised-floor-trunking-category-card.webp&w=640&q=75,true,1,false,1,lazy,,409,306,633,475,200,image/webp,16106,"public, max-age=0, must-revalidate",UHsujoNelzlHummGJHFExmPBJGu8h7hmvurIYhyRsas,2300.60000000149,2764,463.3999999985099,,2508,0,0,NEEDS OPTIMISATION,5,moderate transfer time (463 ms); no effective cache-control for repeat visits; fetched before scroll despite being below the fold (unnecessary initial-load bytes)
uk,desktop,/products/underfloor-systems,hub,image,http://uk.infravolt.localhost:3000/_next/image?url=https%3A%2F%2Fpub-f1a143f96bfc47df8ff1ccd1aaea6671.r2.dev%2Fproducts%2Funderfloor%2Fseries%2Fcard%2Faluminium-trunking-category-card.webp&w=640&q=75,true,1,false,1,lazy,,409,307,633,422,200,image/webp,12386,"public, max-age=0, must-revalidate",VgEU_XES46sZwFyNLu50mBgL8jydGFzIgC1odVRAvBI,2300.8000000044703,2865.7000000029802,564.8999999985099,,2508,0,0,NEEDS OPTIMISATION,5,moderate transfer time (565 ms); no effective cache-control for repeat visits; fetched before scroll despite being below the fold (unnecessary initial-load bytes)
uk,desktop,/products/underfloor-systems,hub,image,http://uk.infravolt.localhost:3000/_next/image?url=https%3A%2F%2Fpub-f1a143f96bfc47df8ff1ccd1aaea6671.r2.dev%2Fproducts%2Funderfloor%2Fseries%2Fcard%2Funderfloor-tray-accessories-category-card.webp&w=640&q=75,true,1,false,1,lazy,,409,306,633,422,200,image/webp,20996,"public, max-age=0, must-revalidate",CYnlOH2tkjZkhswK3JU7jUhalzStelnX5927hS-qUvs,2300.9000000059605,3036.10000000149,735.1999999955297,,2508,0,0,NEEDS OPTIMISATION,5,moderate transfer time (735 ms); no effective cache-control for repeat visits; fetched before scroll despite being below the fold (unnecessary initial-load bytes)
uk,desktop,/products/underfloor-systems,hub,image,http://uk.infravolt.localhost:3000/_next/image?url=https%3A%2F%2Fpub-f1a143f96bfc47df8ff1ccd1aaea6671.r2.dev%2Fproducts%2Funderfloor%2Fapplications%2Funderfloor-application-offices-workspaces.webp&w=640&q=75,true,1,false,1,lazy,,197,147,480,360,200,image/webp,34954,"public, max-age=0, must-revalidate",Js9f-oRPh1EfSEFWB3iQayWEG_wWhPqxVTrEW5xa8nw,2301.2000000029802,3111.2000000029802,810,,2508,0,0,CRITICAL,6,slow transfer (810 ms); no effective cache-control for repeat visits; fetched before scroll despite being below the fold (unnecessary initial-load bytes)
uk,desktop,/products/underfloor-systems,hub,image,http://uk.infravolt.localhost:3000/_next/image?url=https%3A%2F%2Fpub-f1a143f96bfc47df8ff1ccd1aaea6671.r2.dev%2Fproducts%2Funderfloor%2Fapplications%2Funderfloor-application-commercial-buildings.webp&w=640&q=75,true,1,false,1,lazy,,197,148,480,360,200,image/webp,34818,"public, max-age=0, must-revalidate",oOigqWnzEfinpb2ySaWctLF3EjN5xnn274AqcWXvWXo,2301.3000000044703,3130.5,829.1999999955297,,2508,0,0,CRITICAL,6,slow transfer (829 ms); no effective cache-control for repeat visits; fetched before scroll despite being below the fold (unnecessary initial-load bytes)
uk,desktop,/products/underfloor-systems,hub,image,http://uk.infravolt.localhost:3000/_next/image?url=https%3A%2F%2Fpub-f1a143f96bfc47df8ff1ccd1aaea6671.r2.dev%2Fproducts%2Funderfloor%2Fapplications%2Funderfloor-application-meeting-conference-spaces.webp&w=640&q=75,true,1,false,1,lazy,,197,148,480,360,200,image/webp,50212,"public, max-age=0, must-revalidate",OcF4pZ4xJUliLPFZss49MVE2QvbL5n9mteBGG7B3BOE,2301.4000000059605,3433.5,1132.0999999940395,,2508,0,0,CRITICAL,6,slow transfer (1132 ms); no effective cache-control for repeat visits; fetched before scroll despite being below the fold (unnecessary initial-load bytes)
uk,desktop,/products/underfloor-systems,hub,image,http://uk.infravolt.localhost:3000/_next/image?url=https%3A%2F%2Fpub-f1a143f96bfc47df8ff1ccd1aaea6671.r2.dev%2Fproducts%2Funderfloor%2Fapplications%2Funderfloor-application-education-facilities.webp&w=640&q=75,true,1,false,1,lazy,,197,147,480,360,200,image/webp,37112,"public, max-age=0, must-revalidate",SLpdyFEREXkl7NMbuf7KxD5HxMHuBdnzIM0zgRYKElA,2301.5,3237.4000000059605,935.9000000059605,,2508,0,0,CRITICAL,6,slow transfer (936 ms); no effective cache-control for repeat visits; fetched before scroll despite being below the fold (unnecessary initial-load bytes)
uk,desktop,/products/underfloor-systems,hub,image,http://uk.infravolt.localhost:3000/_next/image?url=https%3A%2F%2Fpub-f1a143f96bfc47df8ff1ccd1aaea6671.r2.dev%2Fproducts%2Funderfloor%2Fapplications%2Funderfloor-application-retail-interiors.webp&w=640&q=75,true,1,false,1,lazy,,197,148,480,360,200,image/webp,30794,"public, max-age=0, must-revalidate",LvB2WOHLTfuxIPPbjDAsZZF4TcWJqXYQ7hxkcK6-4yU,2301.7000000029802,3438.4000000059605,1136.7000000029802,,2508,0,0,CRITICAL,6,slow transfer (1137 ms); no effective cache-control for repeat visits; fetched before scroll despite being below the fold (unnecessary initial-load bytes)
uk,desktop,/products/underfloor-systems,hub,image,http://uk.infravolt.localhost:3000/_next/image?url=https%3A%2F%2Fpub-f1a143f96bfc47df8ff1ccd1aaea6671.r2.dev%2Fproducts%2Funderfloor%2Fapplications%2Funderfloor-application-control-flexible-work-areas.webp&w=640&q=75,true,1,false,1,lazy,,197,148,480,360,200,image/webp,52288,"public, max-age=0, must-revalidate",BkI-P2ZHHt4HlNZ3pk3Cdth1EVsoT5hAmpsPWLjPnco,2301.9000000059605,3612.60000000149,1310.6999999955297,,2508,0,0,CRITICAL,6,slow transfer (1311 ms); no effective cache-control for repeat visits; fetched before scroll despite being below the fold (unnecessary initial-load bytes)
uk,desktop,/products/underfloor-systems,hub,image,http://uk.infravolt.localhost:3000/_next/image?url=https%3A%2F%2Fpub-f1a143f96bfc47df8ff1ccd1aaea6671.r2.dev%2Fproducts%2Funderfloor%2Fapplications%2Funderfloor-application-offices-workspaces.webp&w=3840&q=75,true,1,false,0,lazy,,0,0,,,,,,,,,,,,2508,0,0,GOOD,1,no effective cache-control for repeat visits
uk,desktop,/products/underfloor-systems,hub,image,http://uk.infravolt.localhost:3000/_next/image?url=https%3A%2F%2Fpub-f1a143f96bfc47df8ff1ccd1aaea6671.r2.dev%2Fproducts%2Funderfloor%2Fhero%2Funderfloor-cable-trunking-hero-foreground-products.webp&w=750&q=75,true,1,true,1,lazy,,372,250,729,410,200,image/webp,44884,"public, max-age=0, must-revalidate",CylyWzxZb2uDeSjjOZlNjx7Uy0VGwZXIp3Br1ATLKsQ,2301.9000000059605,3406,1104.0999999940395,,2508,0,0,CRITICAL,6,above the fold; slow transfer (1104 ms); no effective cache-control for repeat visits
uk,desktop,/products/underfloor-systems,hub,image,https://pub-f1a143f96bfc47df8ff1ccd1aaea6671.r2.dev/brand/infravolt-wordmark-transparent.webp,true,1,true,1,lazy,,250,56,1040,235,200,image/webp,52456,,"""93441a0dddaf3276056bd01d677cc5c4""",2302,2364.7000000029802,62.70000000298023,,2508,0,0,NEEDS OPTIMISATION,3,above the fold; no effective cache-control for repeat visits
uk,mobile,/products/underfloor-systems,hub,image,https://pub-f1a143f96bfc47df8ff1ccd1aaea6671.r2.dev/brand/infravolt-wordmark-primary.webp,true,1,true,1,eager,,192,43,1040,235,200,image/webp,126044,,"""15ab34f45bad11445e87379fdf35c690""",229,360.80000000447035,131.80000000447035,,660,0,0,NEEDS OPTIMISATION,4,above the fold; mobile viewport; no effective cache-control for repeat visits
uk,mobile,/products/underfloor-systems,hub,image,http://uk.infravolt.localhost:3000/_next/image?url=https%3A%2F%2Fpub-f1a143f96bfc47df8ff1ccd1aaea6671.r2.dev%2Fproducts%2Funderfloor%2Fhero%2Funderfloor-cable-trunking-hero-background.webp&w=640&q=75,true,1,false,0,eager,,390,756,390,166,200,image/webp,14250,"public, max-age=0, must-revalidate",_5TGqkXv6Gkz8MDoMZ2d-bYdViubsP_MDfJ9Zt2pQ30,,,,,660,1,0,NEEDS OPTIMISATION,5,is the page LCP element on at least one run; mobile viewport; no effective cache-control for repeat visits
uk,mobile,/products/underfloor-systems,hub,image,http://uk.infravolt.localhost:3000/_next/image?url=https%3A%2F%2Fpub-f1a143f96bfc47df8ff1ccd1aaea6671.r2.dev%2Fproducts%2Funderfloor%2Fhero%2Funderfloor-cable-trunking-hero-foreground-products.webp&w=384&q=75,true,2,false,0,eager,,322,184.5,350,197,200,image/webp,18466,"public, max-age=0, must-revalidate",Y73VIIW1-bvRs0mBaq-8emMs4TN45qtL66Z23PtxZCQ,,,,,660,0,0,GOOD,2,mobile viewport; no effective cache-control for repeat visits
uk,mobile,/products/underfloor-systems,hub,image,http://uk.infravolt.localhost:3000/_next/image?url=https%3A%2F%2Fpub-f1a143f96bfc47df8ff1ccd1aaea6671.r2.dev%2Fproducts%2Funderfloor%2Fseries%2Fcard%2Funderfloor-junction-boxes-category-card.webp&w=640&q=75,true,1,false,1,lazy,,108,118,390,292,200,image/webp,16400,"public, max-age=0, must-revalidate",xomxBoTqRZc_-ytxHxR-SSdkC-cL_aSNtVGw2J30HXA,630.8000000044703,644.7000000029802,13.899999998509884,,660,0,0,NEEDS OPTIMISATION,4,mobile viewport; no effective cache-control for repeat visits; fetched before scroll despite being below the fold (unnecessary initial-load bytes)
uk,mobile,/products/underfloor-systems,hub,image,http://uk.infravolt.localhost:3000/_next/image?url=https%3A%2F%2Fpub-f1a143f96bfc47df8ff1ccd1aaea6671.r2.dev%2Fproducts%2Funderfloor%2Fseries%2Fcard%2Funderfloor-socket-data-accessories-category-card.webp&w=640&q=75,true,1,false,1,lazy,,108,141,390,292,200,image/webp,12820,"public, max-age=0, must-revalidate",pOlAhhHMTX9XA985eKGpAe8-IdsQid6IrNna18Pd2jw,631,645.8000000044703,14.800000004470348,,660,0,0,NEEDS OPTIMISATION,4,mobile viewport; no effective cache-control for repeat visits; fetched before scroll despite being below the fold (unnecessary initial-load bytes)
uk,mobile,/products/underfloor-systems,hub,image,http://uk.infravolt.localhost:3000/_next/image?url=https%3A%2F%2Fpub-f1a143f96bfc47df8ff1ccd1aaea6671.r2.dev%2Fproducts%2Funderfloor%2Fseries%2Fcard%2Funderfloor-cable-trays-category-card.webp&w=640&q=75,true,1,false,1,lazy,,108,118,390,292,200,image/webp,9896,"public, max-age=0, must-revalidate",wMhKqR5WKXnpdbEpfC5SCulR6TLTf_QZlJEMNB8NbeM,631.1000000014901,646.7000000029802,15.600000001490116,,660,0,0,NEEDS OPTIMISATION,4,mobile viewport; no effective cache-control for repeat visits; fetched before scroll despite being below the fold (unnecessary initial-load bytes)
uk,mobile,/products/underfloor-systems,hub,image,http://uk.infravolt.localhost:3000/_next/image?url=https%3A%2F%2Fpub-f1a143f96bfc47df8ff1ccd1aaea6671.r2.dev%2Fproducts%2Funderfloor%2Fseries%2Fcard%2Fraised-floor-trunking-category-card.webp&w=640&q=75,true,1,false,1,lazy,,108,118,390,292,200,image/webp,16106,"public, max-age=0, must-revalidate",UHsujoNelzlHummGJHFExmPBJGu8h7hmvurIYhyRsas,631.2000000029802,647.6000000014901,16.399999998509884,,660,0,0,NEEDS OPTIMISATION,4,mobile viewport; no effective cache-control for repeat visits; fetched before scroll despite being below the fold (unnecessary initial-load bytes)
uk,mobile,/products/underfloor-systems,hub,image,http://uk.infravolt.localhost:3000/_next/image?url=https%3A%2F%2Fpub-f1a143f96bfc47df8ff1ccd1aaea6671.r2.dev%2Fproducts%2Funderfloor%2Fseries%2Fcard%2Faluminium-trunking-category-card.webp&w=640&q=75,true,1,false,1,lazy,,108,118,390,260,200,image/webp,12386,"public, max-age=0, must-revalidate",VgEU_XES46sZwFyNLu50mBgL8jydGFzIgC1odVRAvBI,631.4000000059605,648.4000000059605,17,,660,0,0,NEEDS OPTIMISATION,4,mobile viewport; no effective cache-control for repeat visits; fetched before scroll despite being below the fold (unnecessary initial-load bytes)
uk,mobile,/products/underfloor-systems,hub,image,http://uk.infravolt.localhost:3000/_next/image?url=https%3A%2F%2Fpub-f1a143f96bfc47df8ff1ccd1aaea6671.r2.dev%2Fproducts%2Funderfloor%2Fseries%2Fcard%2Funderfloor-tray-accessories-category-card.webp&w=640&q=75,true,1,false,1,lazy,,108,118,390,260,200,image/webp,20996,"public, max-age=0, must-revalidate",CYnlOH2tkjZkhswK3JU7jUhalzStelnX5927hS-qUvs,631.4000000059605,649.3000000044703,17.899999998509884,,660,0,0,NEEDS OPTIMISATION,4,mobile viewport; no effective cache-control for repeat visits; fetched before scroll despite being below the fold (unnecessary initial-load bytes)
uk,mobile,/products/underfloor-systems,hub,image,http://uk.infravolt.localhost:3000/_next/image?url=https%3A%2F%2Fpub-f1a143f96bfc47df8ff1ccd1aaea6671.r2.dev%2Fproducts%2Funderfloor%2Fapplications%2Funderfloor-application-offices-workspaces.webp&w=640&q=75,true,2,false,1,lazy,,174,109,390,292,200,image/webp,34954,"public, max-age=0, must-revalidate",Js9f-oRPh1EfSEFWB3iQayWEG_wWhPqxVTrEW5xa8nw,631.4000000059605,653,21.599999994039536,,660,0,0,NEEDS OPTIMISATION,4,mobile viewport; no effective cache-control for repeat visits; fetched before scroll despite being below the fold (unnecessary initial-load bytes)
uk,mobile,/products/underfloor-systems,hub,image,http://uk.infravolt.localhost:3000/_next/image?url=https%3A%2F%2Fpub-f1a143f96bfc47df8ff1ccd1aaea6671.r2.dev%2Fproducts%2Funderfloor%2Fapplications%2Funderfloor-application-commercial-buildings.webp&w=3840&q=75,true,1,false,0,lazy,,0,0,,,,,,,,,,,,660,0,0,GOOD,2,mobile viewport; no effective cache-control for repeat visits
uk,mobile,/products/underfloor-systems,hub,image,http://uk.infravolt.localhost:3000/_next/image?url=https%3A%2F%2Fpub-f1a143f96bfc47df8ff1ccd1aaea6671.r2.dev%2Fproducts%2Funderfloor%2Fapplications%2Funderfloor-application-meeting-conference-spaces.webp&w=3840&q=75,true,1,false,0,lazy,,0,0,,,,,,,,,,,,660,0,0,GOOD,2,mobile viewport; no effective cache-control for repeat visits
uk,mobile,/products/underfloor-systems,hub,image,http://uk.infravolt.localhost:3000/_next/image?url=https%3A%2F%2Fpub-f1a143f96bfc47df8ff1ccd1aaea6671.r2.dev%2Fproducts%2Funderfloor%2Fapplications%2Funderfloor-application-education-facilities.webp&w=3840&q=75,true,1,false,0,lazy,,0,0,,,,,,,,,,,,660,0,0,GOOD,2,mobile viewport; no effective cache-control for repeat visits
uk,mobile,/products/underfloor-systems,hub,image,http://uk.infravolt.localhost:3000/_next/image?url=https%3A%2F%2Fpub-f1a143f96bfc47df8ff1ccd1aaea6671.r2.dev%2Fproducts%2Funderfloor%2Fapplications%2Funderfloor-application-retail-interiors.webp&w=3840&q=75,true,1,false,0,lazy,,0,0,,,,,,,,,,,,660,0,0,GOOD,2,mobile viewport; no effective cache-control for repeat visits
uk,mobile,/products/underfloor-systems,hub,image,http://uk.infravolt.localhost:3000/_next/image?url=https%3A%2F%2Fpub-f1a143f96bfc47df8ff1ccd1aaea6671.r2.dev%2Fproducts%2Funderfloor%2Fapplications%2Funderfloor-application-control-flexible-work-areas.webp&w=3840&q=75,true,1,false,0,lazy,,0,0,,,,,,,,,,,,660,0,0,GOOD,2,mobile viewport; no effective cache-control for repeat visits
uk,mobile,/products/underfloor-systems,hub,image,https://pub-f1a143f96bfc47df8ff1ccd1aaea6671.r2.dev/brand/infravolt-wordmark-transparent.webp,true,1,true,0,lazy,,220,50,1040,235,200,image/webp,52456,,"""93441a0dddaf3276056bd01d677cc5c4""",1921.2000000029802,1995.5,74.29999999701977,,660,0,0,NEEDS OPTIMISATION,4,above the fold; mobile viewport; no effective cache-control for repeat visits
uk,desktop,/products/g-bus,hub,image,https://pub-f1a143f96bfc47df8ff1ccd1aaea6671.r2.dev/brand/infravolt-wordmark-primary.webp,true,1,true,1,eager,,252,57,1040,235,200,image/webp,126044,,"""15ab34f45bad11445e87379fdf35c690""",1172.6000000014901,1279,106.39999999850988,,1656,0,0,NEEDS OPTIMISATION,3,above the fold; no effective cache-control for repeat visits
uk,desktop,/products/g-bus,hub,image,http://uk.infravolt.localhost:3000/_next/image?url=https%3A%2F%2Fpub-f1a143f96bfc47df8ff1ccd1aaea6671.r2.dev%2Fproducts%2Fg-bus%2Fg-bus-automation-showcase.png&w=1080&q=75,true,1,false,0,eager,,704,528,883,497,200,image/webp,49028,"public, max-age=0, must-revalidate",d96UVnVVh-qShzMEC94sI7bLZRSa9RgszNombbFHWlE,,,,,1656,1,0,NEEDS OPTIMISATION,4,is the page LCP element on at least one run; no effective cache-control for repeat visits
uk,desktop,/products/g-bus,hub,image,http://uk.infravolt.localhost:3000/_next/image?url=https%3A%2F%2Fpub-f1a143f96bfc47df8ff1ccd1aaea6671.r2.dev%2Fproducts%2Fg-bus%2Fg-bus-software-interface.webp&w=96&q=75,true,1,false,1,lazy,,86,76,96,60,200,image/webp,1050,"public, max-age=0, must-revalidate",ils4-uurjMxiY9NQlUE4gBUQTQZ-VUFdUQCl8MyPBr0,1611.9000000059605,1754.3000000044703,142.39999999850988,,1656,0,0,NEEDS OPTIMISATION,3,no effective cache-control for repeat visits; fetched before scroll despite being below the fold (unnecessary initial-load bytes)
uk,desktop,/products/g-bus,hub,image,http://uk.infravolt.localhost:3000/_next/image?url=https%3A%2F%2Fpub-f1a143f96bfc47df8ff1ccd1aaea6671.r2.dev%2Fproducts%2Fg-bus%2Fg-bus-automotive-factory-application.webp&w=96&q=75,true,1,false,1,lazy,,82,73,96,61,200,image/webp,1826,"public, max-age=0, must-revalidate",DlkY-SO-pFy2FZwjqTG1eYZ6hZsFtNOubPehkwOa1AI,1611.9000000059605,1815.5,203.59999999403954,,1656,0,0,NEEDS OPTIMISATION,4,no effective cache-control for repeat visits; fetched before scroll despite being below the fold (unnecessary initial-load bytes)
uk,desktop,/products/g-bus,hub,image,http://uk.infravolt.localhost:3000/_next/image?url=https%3A%2F%2Fpub-f1a143f96bfc47df8ff1ccd1aaea6671.r2.dev%2Fproducts%2Fg-bus%2Fg-bus-smart-receiver-cutaway.webp&w=96&q=75,true,1,false,1,lazy,,82,73,96,60,200,image/webp,1024,"public, max-age=0, must-revalidate",7-i2ksaIdV8H3L6--chR7Xyf0cfsq1hWTb_IpAkwCOQ,1612,1972,360,,1656,0,0,NEEDS OPTIMISATION,4,no effective cache-control for repeat visits; fetched before scroll despite being below the fold (unnecessary initial-load bytes)
uk,desktop,/products/g-bus,hub,image,http://uk.infravolt.localhost:3000/_next/image?url=https%3A%2F%2Fpub-f1a143f96bfc47df8ff1ccd1aaea6671.r2.dev%2Fproducts%2Fg-bus%2Fg-bus-factory-floor-safety-lines.webp&w=96&q=75,true,1,false,1,lazy,,82,73,96,60,200,image/webp,2252,"public, max-age=0, must-revalidate",DVWcuQk1HV9zx_8S1B4dB2dWkJaZRVvoKgI2jhTzEKQ,1612.2000000029802,1974.6000000014901,362.3999999985099,,1656,0,0,NEEDS OPTIMISATION,4,no effective cache-control for repeat visits; fetched before scroll despite being below the fold (unnecessary initial-load bytes)
uk,desktop,/products/g-bus,hub,image,http://uk.infravolt.localhost:3000/_next/image?url=https%3A%2F%2Fpub-f1a143f96bfc47df8ff1ccd1aaea6671.r2.dev%2Fproducts%2Fg-bus%2Fg-bus-assembly-line-rail-system.png&w=96&q=75,true,1,false,1,lazy,,82,73,96,54,200,image/webp,1736,"public, max-age=0, must-revalidate",e9xilU44AHS1fXuQ6zJze8Fi-sQJIxwRjEKgB-lLGzM,1612.2000000029802,2022,409.79999999701977,,1656,0,0,NEEDS OPTIMISATION,5,moderate transfer time (410 ms); no effective cache-control for repeat visits; fetched before scroll despite being below the fold (unnecessary initial-load bytes)
uk,desktop,/products/g-bus,hub,image,http://uk.infravolt.localhost:3000/_next/image?url=https%3A%2F%2Fpub-f1a143f96bfc47df8ff1ccd1aaea6671.r2.dev%2Fproducts%2Fg-bus%2Fg-bus-software-interface.webp&w=1080&q=75,true,1,false,0,eager,,637,510,921,576,200,image/webp,38868,"public, max-age=0, must-revalidate",_2dsXHoEffjP0LXqUIgcfHKYA5JHRpCme1PCk1Wq62M,,,,,1656,0,0,GOOD,1,no effective cache-control for repeat visits
uk,desktop,/products/g-bus,hub,image,http://uk.infravolt.localhost:3000/_next/image?url=https%3A%2F%2Fpub-f1a143f96bfc47df8ff1ccd1aaea6671.r2.dev%2Fproducts%2Fg-bus%2Fg-bus-software-interface.webp&w=3840&q=75,true,1,false,0,lazy,,0,0,,,,,,,,,,,,1656,0,0,GOOD,1,no effective cache-control for repeat visits
uk,desktop,/products/g-bus,hub,image,http://uk.infravolt.localhost:3000/_next/image?url=https%3A%2F%2Fpub-f1a143f96bfc47df8ff1ccd1aaea6671.r2.dev%2Fproducts%2Fg-bus%2Fg-bus-receiver-input-module.webp&w=256&q=75,true,2,false,0,lazy,,0,0,,,,,,,,,,,,1656,0,0,GOOD,1,no effective cache-control for repeat visits
uk,desktop,/products/g-bus,hub,image,http://uk.infravolt.localhost:3000/_next/image?url=https%3A%2F%2Fpub-f1a143f96bfc47df8ff1ccd1aaea6671.r2.dev%2Fproducts%2Fg-bus%2Fg-bus-receiver-din-rail-module.webp&w=256&q=75,true,1,false,0,lazy,,0,0,,,,,,,,,,,,1656,0,0,GOOD,1,no effective cache-control for repeat visits
uk,desktop,/products/g-bus,hub,image,http://uk.infravolt.localhost:3000/_next/image?url=https%3A%2F%2Fpub-f1a143f96bfc47df8ff1ccd1aaea6671.r2.dev%2Fproducts%2Fg-bus%2Fg-bus-transmitter-rs485-dim-module.webp&w=256&q=75,true,3,false,0,lazy,,0,0,,,,,,,,,,,,1656,0,0,GOOD,1,no effective cache-control for repeat visits
uk,desktop,/products/g-bus,hub,image,http://uk.infravolt.localhost:3000/_next/image?url=https%3A%2F%2Fpub-f1a143f96bfc47df8ff1ccd1aaea6671.r2.dev%2Fproducts%2Fg-bus%2Fg-bus-transmitter-din-rail-module.webp&w=256&q=75,true,1,false,0,lazy,,0,0,,,,,,,,,,,,1656,0,0,GOOD,1,no effective cache-control for repeat visits
uk,desktop,/products/g-bus,hub,image,http://uk.infravolt.localhost:3000/_next/image?url=https%3A%2F%2Fpub-f1a143f96bfc47df8ff1ccd1aaea6671.r2.dev%2Fproducts%2Fg-bus%2Fg-bus-tft-touch-panel.webp&w=256&q=75,true,1,false,0,lazy,,0,0,,,,,,,,,,,,1656,0,0,GOOD,1,no effective cache-control for repeat visits
uk,desktop,/products/g-bus,hub,image,http://uk.infravolt.localhost:3000/_next/image?url=https%3A%2F%2Fpub-f1a143f96bfc47df8ff1ccd1aaea6671.r2.dev%2Fproducts%2Fg-bus%2Fg-bus-tablet-control-panel.webp&w=256&q=75,true,1,false,0,lazy,,0,0,,,,,,,,,,,,1656,0,0,GOOD,1,no effective cache-control for repeat visits
uk,desktop,/products/g-bus,hub,image,http://uk.infravolt.localhost:3000/_next/image?url=https%3A%2F%2Fpub-f1a143f96bfc47df8ff1ccd1aaea6671.r2.dev%2Fproducts%2Fg-bus%2Fg-bus-powerline-network-adapter.webp&w=256&q=75,true,1,false,0,lazy,,0,0,,,,,,,,,,,,1656,0,0,GOOD,1,no effective cache-control for repeat visits
uk,desktop,/products/g-bus,hub,image,http://uk.infravolt.localhost:3000/_next/image?url=https%3A%2F%2Fpub-f1a143f96bfc47df8ff1ccd1aaea6671.r2.dev%2Fproducts%2Fg-bus%2Fg-bus-powerline-din-rail-network-adapter.webp&w=256&q=75,true,1,false,0,lazy,,0,0,,,,,,,,,,,,1656,0,0,GOOD,1,no effective cache-control for repeat visits
uk,desktop,/products/g-bus,hub,image,http://uk.infravolt.localhost:3000/_next/image?url=https%3A%2F%2Fpub-f1a143f96bfc47df8ff1ccd1aaea6671.r2.dev%2Fproducts%2Fg-bus%2Fg-bus-control-pc.webp&w=256&q=75,true,1,false,0,lazy,,0,0,,,,,,,,,,,,1656,0,0,GOOD,1,no effective cache-control for repeat visits
uk,desktop,/products/g-bus,hub,image,http://uk.infravolt.localhost:3000/_next/image?url=https%3A%2F%2Fpub-f1a143f96bfc47df8ff1ccd1aaea6671.r2.dev%2Fproducts%2Fg-bus%2Fg-bus-daylight-motion-sensor.webp&w=256&q=75,true,2,false,0,lazy,,0,0,,,,,,,,,,,,1656,0,0,GOOD,1,no effective cache-control for repeat visits
uk,desktop,/products/g-bus,hub,image,http://uk.infravolt.localhost:3000/_next/image?url=https%3A%2F%2Fpub-f1a143f96bfc47df8ff1ccd1aaea6671.r2.dev%2Fproducts%2Fg-bus%2Fg-bus-automotive-factory-application.webp&w=384&q=75,true,1,true,1,lazy,,276,184,364,231,200,image/webp,19080,"public, max-age=0, must-revalidate",UnMtp4_bpAhla_EECiEeSwEBRd2eaxdJTKBJ_8QJlx4,1612.3000000044703,1835.3000000044703,223,,1656,0,0,NEEDS OPTIMISATION,4,above the fold; no effective cache-control for repeat visits
uk,desktop,/products/g-bus,hub,image,http://uk.infravolt.localhost:3000/_next/image?url=https%3A%2F%2Fpub-f1a143f96bfc47df8ff1ccd1aaea6671.r2.dev%2Findustries%2Fcards%2Fcommercial-buildings.webp&w=384&q=75,true,1,true,1,lazy,,276,184,364,205,200,image/webp,12674,"public, max-age=0, must-revalidate",5Oe_gpQyxKWgZKVtCl0yQRrKWGUTt4IqI6v_trY6ljI,1612.4000000059605,1959.5,347.09999999403954,,1656,0,0,NEEDS OPTIMISATION,4,above the fold; no effective cache-control for repeat visits
uk,desktop,/products/g-bus,hub,image,http://uk.infravolt.localhost:3000/_next/image?url=https%3A%2F%2Fpub-f1a143f96bfc47df8ff1ccd1aaea6671.r2.dev%2Findustries%2Fcards%2Fdata-centres.webp&w=384&q=75,true,1,true,1,lazy,,276,184,364,205,200,image/webp,12382,"public, max-age=0, must-revalidate",8L3ecwAIXjOlvRU25kHQr7BzTHBCMdoh9-xpEVr-aS8,1612.5,1960.6000000014901,348.1000000014901,,1656,0,0,NEEDS OPTIMISATION,4,above the fold; no effective cache-control for repeat visits
uk,desktop,/products/g-bus,hub,image,http://uk.infravolt.localhost:3000/_next/image?url=https%3A%2F%2Fpub-f1a143f96bfc47df8ff1ccd1aaea6671.r2.dev%2Fproducts%2Fbusbar%2Fapplications%2Fbusbar-application-warehouse.webp&w=384&q=75,true,1,true,1,lazy,,276,184,364,228,200,image/webp,19612,"public, max-age=0, must-revalidate",cYNBiQZ3y5y_ACUMkb0gyEM9WIrevTZrkTm77MY6yfo,1612.5,1976.9000000059605,364.40000000596046,,1656,0,0,NEEDS OPTIMISATION,4,above the fold; no effective cache-control for repeat visits
uk,desktop,/products/g-bus,hub,image,http://uk.infravolt.localhost:3000/_next/image?url=https%3A%2F%2Fpub-f1a143f96bfc47df8ff1ccd1aaea6671.r2.dev%2Findustries%2Fcards%2Finfrastructure-utilities.webp&w=384&q=75,true,1,true,1,lazy,,276,184,364,205,200,image/webp,17122,"public, max-age=0, must-revalidate",reBbgiTYoUpZvQDYTyo_FgrqyprZxGlNa0OiwbCWlsw,1612.8000000044703,2076.10000000149,463.29999999701977,,1656,0,0,NEEDS OPTIMISATION,5,above the fold; moderate transfer time (463 ms); no effective cache-control for repeat visits
uk,desktop,/products/g-bus,hub,image,https://pub-f1a143f96bfc47df8ff1ccd1aaea6671.r2.dev/brand/infravolt-wordmark-transparent.webp,true,1,true,1,lazy,,250,56,1040,235,200,image/webp,52456,,"""93441a0dddaf3276056bd01d677cc5c4""",1612.7000000029802,1663.3000000044703,50.600000001490116,,1656,0,0,NEEDS OPTIMISATION,3,above the fold; no effective cache-control for repeat visits
uk,mobile,/products/g-bus,hub,image,https://pub-f1a143f96bfc47df8ff1ccd1aaea6671.r2.dev/brand/infravolt-wordmark-primary.webp,true,1,true,1,eager,,192,43,1040,235,200,image/webp,126044,,"""15ab34f45bad11445e87379fdf35c690""",212.5,334.6000000014901,122.10000000149012,,624,0,0,NEEDS OPTIMISATION,4,above the fold; mobile viewport; no effective cache-control for repeat visits
uk,mobile,/products/g-bus,hub,image,http://uk.infravolt.localhost:3000/_next/image?url=https%3A%2F%2Fpub-f1a143f96bfc47df8ff1ccd1aaea6671.r2.dev%2Fproducts%2Fg-bus%2Fg-bus-automation-showcase.png&w=640&q=75,true,1,false,0,eager,,350,263,390,219,200,image/webp,21792,"public, max-age=0, must-revalidate",8Jk6lIOB9BjY2Kq-opBrEecpnGwx2i_5lTx7lcgi2wA,,,,,624,1,0,NEEDS OPTIMISATION,5,is the page LCP element on at least one run; mobile viewport; no effective cache-control for repeat visits
uk,mobile,/products/g-bus,hub,image,http://uk.infravolt.localhost:3000/_next/image?url=https%3A%2F%2Fpub-f1a143f96bfc47df8ff1ccd1aaea6671.r2.dev%2Fproducts%2Fg-bus%2Fg-bus-software-interface.webp&w=96&q=75,true,1,false,1,lazy,,51,50,96,60,200,image/webp,1050,"public, max-age=0, must-revalidate",ils4-uurjMxiY9NQlUE4gBUQTQZ-VUFdUQCl8MyPBr0,609.1999999955297,625.1000000014901,15.900000005960464,,624,0,0,NEEDS OPTIMISATION,4,mobile viewport; no effective cache-control for repeat visits; fetched before scroll despite being below the fold (unnecessary initial-load bytes)
uk,mobile,/products/g-bus,hub,image,http://uk.infravolt.localhost:3000/_next/image?url=https%3A%2F%2Fpub-f1a143f96bfc47df8ff1ccd1aaea6671.r2.dev%2Fproducts%2Fg-bus%2Fg-bus-automotive-factory-application.webp&w=96&q=75,true,1,false,1,lazy,,49,48,96,61,200,image/webp,1826,"public, max-age=0, must-revalidate",DlkY-SO-pFy2FZwjqTG1eYZ6hZsFtNOubPehkwOa1AI,609.2999999970198,625.6999999955297,16.399999998509884,,624,0,0,NEEDS OPTIMISATION,4,mobile viewport; no effective cache-control for repeat visits; fetched before scroll despite being below the fold (unnecessary initial-load bytes)
uk,mobile,/products/g-bus,hub,image,http://uk.infravolt.localhost:3000/_next/image?url=https%3A%2F%2Fpub-f1a143f96bfc47df8ff1ccd1aaea6671.r2.dev%2Fproducts%2Fg-bus%2Fg-bus-smart-receiver-cutaway.webp&w=96&q=75,true,1,false,1,lazy,,49,48,96,60,200,image/webp,1024,"public, max-age=0, must-revalidate",7-i2ksaIdV8H3L6--chR7Xyf0cfsq1hWTb_IpAkwCOQ,609.3999999985099,626.5,17.100000001490116,,624,0,0,NEEDS OPTIMISATION,4,mobile viewport; no effective cache-control for repeat visits; fetched before scroll despite being below the fold (unnecessary initial-load bytes)
uk,mobile,/products/g-bus,hub,image,http://uk.infravolt.localhost:3000/_next/image?url=https%3A%2F%2Fpub-f1a143f96bfc47df8ff1ccd1aaea6671.r2.dev%2Fproducts%2Fg-bus%2Fg-bus-factory-floor-safety-lines.webp&w=96&q=75,true,1,false,1,lazy,,49,48,96,60,200,image/webp,2252,"public, max-age=0, must-revalidate",DVWcuQk1HV9zx_8S1B4dB2dWkJaZRVvoKgI2jhTzEKQ,609.5,627.1999999955297,17.69999999552965,,624,0,0,NEEDS OPTIMISATION,4,mobile viewport; no effective cache-control for repeat visits; fetched before scroll despite being below the fold (unnecessary initial-load bytes)
uk,mobile,/products/g-bus,hub,image,http://uk.infravolt.localhost:3000/_next/image?url=https%3A%2F%2Fpub-f1a143f96bfc47df8ff1ccd1aaea6671.r2.dev%2Fproducts%2Fg-bus%2Fg-bus-assembly-line-rail-system.png&w=96&q=75,true,1,false,1,lazy,,49,48,96,54,200,image/webp,1736,"public, max-age=0, must-revalidate",e9xilU44AHS1fXuQ6zJze8Fi-sQJIxwRjEKgB-lLGzM,609.6000000014901,627.6000000014901,18,,624,0,0,NEEDS OPTIMISATION,4,mobile viewport; no effective cache-control for repeat visits; fetched before scroll despite being below the fold (unnecessary initial-load bytes)
uk,mobile,/products/g-bus,hub,image,http://uk.infravolt.localhost:3000/_next/image?url=https%3A%2F%2Fpub-f1a143f96bfc47df8ff1ccd1aaea6671.r2.dev%2Fproducts%2Fg-bus%2Fg-bus-software-interface.webp&w=640&q=75,true,2,false,0,eager,,174,103,390,243,200,image/webp,18558,"public, max-age=0, must-revalidate",xlQPYrxljTF1ikbl4MWWZZ7QSAnmDlRftrPjnKLpyqY,,,,,624,0,0,GOOD,2,mobile viewport; no effective cache-control for repeat visits
uk,mobile,/products/g-bus,hub,image,http://uk.infravolt.localhost:3000/_next/image?url=https%3A%2F%2Fpub-f1a143f96bfc47df8ff1ccd1aaea6671.r2.dev%2Fproducts%2Fg-bus%2Fg-bus-receiver-input-module.webp&w=256&q=75,true,2,false,0,lazy,,0,0,,,,,,,,,,,,624,0,0,GOOD,2,mobile viewport; no effective cache-control for repeat visits
uk,mobile,/products/g-bus,hub,image,http://uk.infravolt.localhost:3000/_next/image?url=https%3A%2F%2Fpub-f1a143f96bfc47df8ff1ccd1aaea6671.r2.dev%2Fproducts%2Fg-bus%2Fg-bus-receiver-din-rail-module.webp&w=256&q=75,true,1,false,0,lazy,,0,0,,,,,,,,,,,,624,0,0,GOOD,2,mobile viewport; no effective cache-control for repeat visits
uk,mobile,/products/g-bus,hub,image,http://uk.infravolt.localhost:3000/_next/image?url=https%3A%2F%2Fpub-f1a143f96bfc47df8ff1ccd1aaea6671.r2.dev%2Fproducts%2Fg-bus%2Fg-bus-transmitter-rs485-dim-module.webp&w=256&q=75,true,3,false,0,lazy,,0,0,,,,,,,,,,,,624,0,0,GOOD,2,mobile viewport; no effective cache-control for repeat visits
uk,mobile,/products/g-bus,hub,image,http://uk.infravolt.localhost:3000/_next/image?url=https%3A%2F%2Fpub-f1a143f96bfc47df8ff1ccd1aaea6671.r2.dev%2Fproducts%2Fg-bus%2Fg-bus-transmitter-din-rail-module.webp&w=256&q=75,true,1,false,0,lazy,,0,0,,,,,,,,,,,,624,0,0,GOOD,2,mobile viewport; no effective cache-control for repeat visits
uk,mobile,/products/g-bus,hub,image,http://uk.infravolt.localhost:3000/_next/image?url=https%3A%2F%2Fpub-f1a143f96bfc47df8ff1ccd1aaea6671.r2.dev%2Fproducts%2Fg-bus%2Fg-bus-tft-touch-panel.webp&w=256&q=75,true,1,false,0,lazy,,0,0,,,,,,,,,,,,624,0,0,GOOD,2,mobile viewport; no effective cache-control for repeat visits
uk,mobile,/products/g-bus,hub,image,http://uk.infravolt.localhost:3000/_next/image?url=https%3A%2F%2Fpub-f1a143f96bfc47df8ff1ccd1aaea6671.r2.dev%2Fproducts%2Fg-bus%2Fg-bus-tablet-control-panel.webp&w=256&q=75,true,1,false,0,lazy,,0,0,,,,,,,,,,,,624,0,0,GOOD,2,mobile viewport; no effective cache-control for repeat visits
uk,mobile,/products/g-bus,hub,image,http://uk.infravolt.localhost:3000/_next/image?url=https%3A%2F%2Fpub-f1a143f96bfc47df8ff1ccd1aaea6671.r2.dev%2Fproducts%2Fg-bus%2Fg-bus-powerline-network-adapter.webp&w=256&q=75,true,1,false,0,lazy,,0,0,,,,,,,,,,,,624,0,0,GOOD,2,mobile viewport; no effective cache-control for repeat visits
uk,mobile,/products/g-bus,hub,image,http://uk.infravolt.localhost:3000/_next/image?url=https%3A%2F%2Fpub-f1a143f96bfc47df8ff1ccd1aaea6671.r2.dev%2Fproducts%2Fg-bus%2Fg-bus-powerline-din-rail-network-adapter.webp&w=256&q=75,true,1,false,0,lazy,,0,0,,,,,,,,,,,,624,0,0,GOOD,2,mobile viewport; no effective cache-control for repeat visits
uk,mobile,/products/g-bus,hub,image,http://uk.infravolt.localhost:3000/_next/image?url=https%3A%2F%2Fpub-f1a143f96bfc47df8ff1ccd1aaea6671.r2.dev%2Fproducts%2Fg-bus%2Fg-bus-control-pc.webp&w=256&q=75,true,1,false,0,lazy,,0,0,,,,,,,,,,,,624,0,0,GOOD,2,mobile viewport; no effective cache-control for repeat visits
uk,mobile,/products/g-bus,hub,image,http://uk.infravolt.localhost:3000/_next/image?url=https%3A%2F%2Fpub-f1a143f96bfc47df8ff1ccd1aaea6671.r2.dev%2Fproducts%2Fg-bus%2Fg-bus-daylight-motion-sensor.webp&w=256&q=75,true,2,false,0,lazy,,0,0,,,,,,,,,,,,624,0,0,GOOD,2,mobile viewport; no effective cache-control for repeat visits
uk,mobile,/products/g-bus,hub,image,http://uk.infravolt.localhost:3000/_next/image?url=https%3A%2F%2Fpub-f1a143f96bfc47df8ff1ccd1aaea6671.r2.dev%2Fproducts%2Fg-bus%2Fg-bus-automotive-factory-application.webp&w=640&q=75,true,1,false,1,lazy,,163,184,390,247,200,image/webp,38832,"public, max-age=0, must-revalidate",hxLg9BnbqDF6NNObRIyo6C7Zj9zOknVQLYE9lihmzuc,609.6000000014901,746,136.39999999850988,,624,0,0,NEEDS OPTIMISATION,4,mobile viewport; no effective cache-control for repeat visits; fetched before scroll despite being below the fold (unnecessary initial-load bytes)
uk,mobile,/products/g-bus,hub,image,http://uk.infravolt.localhost:3000/_next/image?url=https%3A%2F%2Fpub-f1a143f96bfc47df8ff1ccd1aaea6671.r2.dev%2Findustries%2Fcards%2Fcommercial-buildings.webp&w=640&q=75,true,1,false,1,lazy,,163,184,390,219,200,image/webp,31548,"public, max-age=0, must-revalidate",-emiVknWoJZP3_cvsFd5N_WqKcJ63UrZ_jzpY79dRzc,609.6999999955297,632,22.30000000447035,,624,0,0,NEEDS OPTIMISATION,4,mobile viewport; no effective cache-control for repeat visits; fetched before scroll despite being below the fold (unnecessary initial-load bytes)
uk,mobile,/products/g-bus,hub,image,http://uk.infravolt.localhost:3000/_next/image?url=https%3A%2F%2Fpub-f1a143f96bfc47df8ff1ccd1aaea6671.r2.dev%2Findustries%2Fcards%2Fdata-centres.webp&w=640&q=75,true,1,false,0,lazy,,163,184,390,219,200,image/webp,22586,"public, max-age=0, must-revalidate",evpMPr9_S66zeemIR1PEUIXTwYQb_KbpL5ctQ3Mq-qc,1791.5,1800.5,9,,624,0,0,GOOD,2,mobile viewport; no effective cache-control for repeat visits
uk,mobile,/products/g-bus,hub,image,http://uk.infravolt.localhost:3000/_next/image?url=https%3A%2F%2Fpub-f1a143f96bfc47df8ff1ccd1aaea6671.r2.dev%2Fproducts%2Fbusbar%2Fapplications%2Fbusbar-application-warehouse.webp&w=640&q=75,true,1,false,0,lazy,,163,184,390,243,200,image/webp,37220,"public, max-age=0, must-revalidate",gUYFYNCyRhTdU90b2vE2oCH9UWXhvcXrZMVX8WoLgDU,1791.6000000014901,1800.2999999970198,8.699999995529652,,624,0,0,GOOD,2,mobile viewport; no effective cache-control for repeat visits
uk,mobile,/products/g-bus,hub,image,http://uk.infravolt.localhost:3000/_next/image?url=https%3A%2F%2Fpub-f1a143f96bfc47df8ff1ccd1aaea6671.r2.dev%2Findustries%2Fcards%2Finfrastructure-utilities.webp&w=640&q=75,true,1,false,0,lazy,,163,184,390,219,200,image/webp,30642,"public, max-age=0, must-revalidate",szWC-_8ekS-3GIDe4Kda3AnPtnPCswoCPp2Cy8IW-6E,1873.6000000014901,2028.2999999970198,154.69999999552965,,624,0,0,GOOD,2,mobile viewport; no effective cache-control for repeat visits
uk,mobile,/products/g-bus,hub,image,https://pub-f1a143f96bfc47df8ff1ccd1aaea6671.r2.dev/brand/infravolt-wordmark-transparent.webp,true,1,true,0,lazy,,220,50,1040,235,200,image/webp,52456,,"""93441a0dddaf3276056bd01d677cc5c4""",2140.10000000149,2199.2999999970198,59.19999999552965,,624,0,0,NEEDS OPTIMISATION,4,above the fold; mobile viewport; no effective cache-control for repeat visits
uk,desktop,/products/busbar/gl-lighting-busbar,detail,image,https://pub-f1a143f96bfc47df8ff1ccd1aaea6671.r2.dev/brand/infravolt-wordmark-primary.webp,true,1,true,1,eager,,252,57,1040,235,200,image/webp,126044,,"""15ab34f45bad11445e87379fdf35c690""",2949.2999999970198,3049.2000000029802,99.90000000596046,,3952,0,0,NEEDS OPTIMISATION,3,above the fold; no effective cache-control for repeat visits
uk,desktop,/products/busbar/gl-lighting-busbar,detail,image,http://uk.infravolt.localhost:3000/_next/image?url=https%3A%2F%2Fpub-f1a143f96bfc47df8ff1ccd1aaea6671.r2.dev%2Fproducts%2Fbusbar%2Fgl%2Fcard%2Fgl-main-product.webp&w=1080&q=75,true,1,false,0,eager,,1025,755,1056,704,200,image/webp,139764,"public, max-age=0, must-revalidate",y15poVLFh8_rQRsEN9w0wIyxJ-4nTGVY3k_tN47Xwtw,,,,,3952,1,0,NEEDS OPTIMISATION,4,is the page LCP element on at least one run; no effective cache-control for repeat visits
uk,desktop,/products/busbar/gl-lighting-busbar,detail,image,http://uk.infravolt.localhost:3000/_next/image?url=https%3A%2F%2Fpub-f1a143f96bfc47df8ff1ccd1aaea6671.r2.dev%2Fproducts%2Fbusbar%2Fgl%2Fapplications%2Fgl-main-product-01.webp&w=96&q=75,true,1,false,1,lazy,,86,76,96,72,200,image/webp,410,"public, max-age=0, must-revalidate",9oXGT8YRFQadoiJWPYbzHiV0mQdx6aCvkoTy9nrAYJs,3422.10000000149,3555.10000000149,133,,3952,0,0,NEEDS OPTIMISATION,3,no effective cache-control for repeat visits; fetched before scroll despite being below the fold (unnecessary initial-load bytes)
uk,desktop,/products/busbar/gl-lighting-busbar,detail,image,http://uk.infravolt.localhost:3000/_next/image?url=https%3A%2F%2Fpub-f1a143f96bfc47df8ff1ccd1aaea6671.r2.dev%2Fproducts%2Fbusbar%2Fgl%2Fapplications%2Fgl-main-product-02.webp&w=96&q=75,true,1,false,1,lazy,,82,73,96,60,200,image/webp,292,"public, max-age=0, must-revalidate",efoO8y1t9MEEBYW9vPdokOSZ4eT91b0eA0As605iqoY,3422.2000000029802,3645.2000000029802,223,,3952,0,0,NEEDS OPTIMISATION,4,no effective cache-control for repeat visits; fetched before scroll despite being below the fold (unnecessary initial-load bytes)
uk,desktop,/products/busbar/gl-lighting-busbar,detail,image,http://uk.infravolt.localhost:3000/_next/image?url=https%3A%2F%2Fpub-f1a143f96bfc47df8ff1ccd1aaea6671.r2.dev%2Fproducts%2Fbusbar%2Fgl%2Fapplications%2Fgl-industrial-application-01.webp&w=96&q=75,true,1,false,1,lazy,,82,73,96,54,200,image/webp,1702,"public, max-age=0, must-revalidate",490J2GqPH2Jzzy-GjBqWBSz7W3ce6Y4ubzj327kSZMQ,3422.39999999851,4021.2000000029802,598.8000000044703,,3952,0,0,NEEDS OPTIMISATION,5,moderate transfer time (599 ms); no effective cache-control for repeat visits; fetched before scroll despite being below the fold (unnecessary initial-load bytes)
uk,desktop,/products/busbar/gl-lighting-busbar,detail,image,http://uk.infravolt.localhost:3000/_next/image?url=https%3A%2F%2Fpub-f1a143f96bfc47df8ff1ccd1aaea6671.r2.dev%2Fproducts%2Fbusbar%2Fgl%2Fapplications%2Fgl-application-installation-.png&w=96&q=75,true,1,false,1,lazy,,82,73,96,54,200,image/webp,1320,"public, max-age=0, must-revalidate",TuhlSTSBPG-EANaEyzDUhOdDJFpjD--fS2gHJjTQgv8,3422.5,3782.2000000029802,359.70000000298023,,3952,0,0,NEEDS OPTIMISATION,4,no effective cache-control for repeat visits; fetched before scroll despite being below the fold (unnecessary initial-load bytes)
uk,desktop,/products/busbar/gl-lighting-busbar,detail,image,http://uk.infravolt.localhost:3000/_next/image?url=https%3A%2F%2Fpub-f1a143f96bfc47df8ff1ccd1aaea6671.r2.dev%2Fproducts%2Fbusbar%2Fgl%2Fapplications%2Fgl-system-overview-drawing.png&w=96&q=75,true,1,false,1,lazy,,82,73,96,60,200,image/webp,682,"public, max-age=0, must-revalidate",wgbw4tCbW1BFt_TZ4kTqJn3kQ3AL6q52DtQZnXyHMg4,3422.60000000149,3786.39999999851,363.79999999701977,,3952,0,0,NEEDS OPTIMISATION,4,no effective cache-control for repeat visits; fetched before scroll despite being below the fold (unnecessary initial-load bytes)
uk,desktop,/products/busbar/gl-lighting-busbar,detail,image,http://uk.infravolt.localhost:3000/_next/image?url=https%3A%2F%2Fpub-f1a143f96bfc47df8ff1ccd1aaea6671.r2.dev%2Fproducts%2Fbusbar%2Fgl%2Fapplications%2Fgl-main-product-01.webp&w=1080&q=75,true,1,false,0,eager,,633,494,921,691,200,image/webp,17690,"public, max-age=0, must-revalidate",ykXzsJuZWIjNqFYqFKzIxTDhTxidNF8-50QqNuUBzTc,,,,,3952,0,0,GOOD,1,no effective cache-control for repeat visits
uk,desktop,/products/busbar/gl-lighting-busbar,detail,image,http://uk.infravolt.localhost:3000/_next/image?url=https%3A%2F%2Fpub-f1a143f96bfc47df8ff1ccd1aaea6671.r2.dev%2Fproducts%2Fbusbar%2Fgl%2Fapplications%2Fgl-main-product-01.webp&w=3840&q=75,true,1,false,0,lazy,,0,0,,,,,,,,,,,,3952,0,0,GOOD,1,no effective cache-control for repeat visits
uk,desktop,/products/busbar/gl-lighting-busbar,detail,image,http://uk.infravolt.localhost:3000/_next/image?url=https%3A%2F%2Fpub-f1a143f96bfc47df8ff1ccd1aaea6671.r2.dev%2Fproducts%2Fbusbar%2Fgl%2Fcomponents%2Fgl-standard-length-element-pnpe.webp&w=3840&q=75,true,1,false,0,lazy,,0,0,,,,,,,,,,,,3952,0,0,GOOD,1,no effective cache-control for repeat visits
uk,desktop,/products/busbar/gl-lighting-busbar,detail,image,http://uk.infravolt.localhost:3000/_next/image?url=https%3A%2F%2Fpub-f1a143f96bfc47df8ff1ccd1aaea6671.r2.dev%2Fproducts%2Fbusbar%2Fgl%2Fcomponents%2Fgl-feed-unit-left.webp&w=3840&q=75,true,1,false,0,lazy,,0,0,,,,,,,,,,,,3952,0,0,GOOD,1,no effective cache-control for repeat visits
uk,desktop,/products/busbar/gl-lighting-busbar,detail,image,http://uk.infravolt.localhost:3000/_next/image?url=https%3A%2F%2Fpub-f1a143f96bfc47df8ff1ccd1aaea6671.r2.dev%2Fproducts%2Fbusbar%2Fgl%2Fcomponents%2Fgl-feed-unit-right.webp&w=3840&q=75,true,1,false,0,lazy,,0,0,,,,,,,,,,,,3952,0,0,GOOD,1,no effective cache-control for repeat visits
uk,desktop,/products/busbar/gl-lighting-busbar,detail,image,http://uk.infravolt.localhost:3000/_next/image?url=https%3A%2F%2Fpub-f1a143f96bfc47df8ff1ccd1aaea6671.r2.dev%2Fproducts%2Fbusbar%2Fgl%2Fcomponents%2Fgl-centre-feed-unit.webp&w=3840&q=75,true,1,false,0,lazy,,0,0,,,,,,,,,,,,3952,0,0,GOOD,1,no effective cache-control for repeat visits
uk,desktop,/products/busbar/gl-lighting-busbar,detail,image,http://uk.infravolt.localhost:3000/_next/image?url=https%3A%2F%2Fpub-f1a143f96bfc47df8ff1ccd1aaea6671.r2.dev%2Fproducts%2Fbusbar%2Fgl%2Fcomponents%2Fgl-flexible-joint.webp&w=3840&q=75,true,1,false,0,lazy,,0,0,,,,,,,,,,,,3952,0,0,GOOD,1,no effective cache-control for repeat visits
uk,desktop,/products/busbar/gl-lighting-busbar,detail,image,http://uk.infravolt.localhost:3000/_next/image?url=https%3A%2F%2Fpub-f1a143f96bfc47df8ff1ccd1aaea6671.r2.dev%2Fproducts%2Fbusbar%2Fgl%2Fcomponents%2Fgl-lighting-fixture-jack.webp&w=3840&q=75,true,1,false,0,lazy,,0,0,,,,,,,,,,,,3952,0,0,GOOD,1,no effective cache-control for repeat visits
uk,desktop,/products/busbar/gl-lighting-busbar,detail,image,http://uk.infravolt.localhost:3000/_next/image?url=https%3A%2F%2Fpub-f1a143f96bfc47df8ff1ccd1aaea6671.r2.dev%2Fproducts%2Fbusbar%2Fgl%2Fcomponents%2Fgl-glass-fuse-jack.webp&w=3840&q=75,true,1,false,0,lazy,,0,0,,,,,,,,,,,,3952,0,0,GOOD,1,no effective cache-control for repeat visits
uk,desktop,/products/busbar/gl-lighting-busbar,detail,image,http://uk.infravolt.localhost:3000/_next/image?url=https%3A%2F%2Fpub-f1a143f96bfc47df8ff1ccd1aaea6671.r2.dev%2Fproducts%2Fbusbar%2Fgl%2Fcomponents%2Fgl-mcb-tap-off-box.webp&w=3840&q=75,true,1,false,0,lazy,,0,0,,,,,,,,,,,,3952,0,0,GOOD,1,no effective cache-control for repeat visits
uk,desktop,/products/busbar/gl-lighting-busbar,detail,image,http://uk.infravolt.localhost:3000/_next/image?url=https%3A%2F%2Fpub-f1a143f96bfc47df8ff1ccd1aaea6671.r2.dev%2Fproducts%2Fbusbar%2Fgl%2Fcomponents%2Fgl-end-cap.webp&w=3840&q=75,true,1,false,0,lazy,,0,0,,,,,,,,,,,,3952,0,0,GOOD,1,no effective cache-control for repeat visits
uk,desktop,/products/busbar/gl-lighting-busbar,detail,image,http://uk.infravolt.localhost:3000/_next/image?url=https%3A%2F%2Fpub-f1a143f96bfc47df8ff1ccd1aaea6671.r2.dev%2Fproducts%2Fbusbar%2Fgl%2Fcomponents%2Fgl-joint-cover.webp&w=3840&q=75,true,1,false,0,lazy,,0,0,,,,,,,,,,,,3952,0,0,GOOD,1,no effective cache-control for repeat visits
uk,desktop,/products/busbar/gl-lighting-busbar,detail,image,http://uk.infravolt.localhost:3000/_next/image?url=https%3A%2F%2Fpub-f1a143f96bfc47df8ff1ccd1aaea6671.r2.dev%2Fproducts%2Fbusbar%2Fgl%2Fcomponents%2Fgl-fixture-fixing-hanger-ssu2.webp&w=3840&q=75,true,1,false,0,lazy,,0,0,,,,,,,,,,,,3952,0,0,GOOD,1,no effective cache-control for repeat visits
uk,desktop,/products/busbar/gl-lighting-busbar,detail,image,http://uk.infravolt.localhost:3000/_next/image?url=https%3A%2F%2Fpub-f1a143f96bfc47df8ff1ccd1aaea6671.r2.dev%2Fproducts%2Fbusbar%2Fgl%2Fcomponents%2Fgl-busbar-fixing-hanger-ssu3.webp&w=3840&q=75,true,1,false,0,lazy,,0,0,,,,,,,,,,,,3952,0,0,GOOD,1,no effective cache-control for repeat visits
uk,desktop,/products/busbar/gl-lighting-busbar,detail,image,https://pub-f1a143f96bfc47df8ff1ccd1aaea6671.r2.dev/icons/products/busbar/g-bus/icon-check-circle.svg,true,1,false,1,lazy,,18,18,150,150,200,image/svg+xml,257,,"""200434b04ce6fbe88d35b5b996630b29""",3422.7000000029802,3487.89999999851,65.19999999552965,,3952,0,0,NEEDS OPTIMISATION,3,no effective cache-control for repeat visits; fetched before scroll despite being below the fold (unnecessary initial-load bytes)
uk,desktop,/products/busbar/gl-lighting-busbar,detail,image,https://pub-f1a143f96bfc47df8ff1ccd1aaea6671.r2.dev/icons/products/busbar/g-bus/icon-powerline-communication.svg,true,1,false,1,lazy,,28,28,150,150,200,image/svg+xml,292,,"""f298fbaeb4ec0bfa9917ebe7657a7b2b""",3422.7000000029802,3501.2000000029802,78.5,,3952,0,0,NEEDS OPTIMISATION,3,no effective cache-control for repeat visits; fetched before scroll despite being below the fold (unnecessary initial-load bytes)
uk,desktop,/products/busbar/gl-lighting-busbar,detail,image,https://pub-f1a143f96bfc47df8ff1ccd1aaea6671.r2.dev/icons/products/busbar/g-bus/icon-remote-monitoring.svg,true,1,false,1,lazy,,28,28,150,150,200,image/svg+xml,407,,"""429a9b6c8430f5137db63eeab50b0ce3""",3422.89999999851,3501.39999999851,78.5,,3952,0,0,NEEDS OPTIMISATION,3,no effective cache-control for repeat visits; fetched before scroll despite being below the fold (unnecessary initial-load bytes)
uk,desktop,/products/busbar/gl-lighting-busbar,detail,image,https://pub-f1a143f96bfc47df8ff1ccd1aaea6671.r2.dev/icons/products/busbar/g-bus/icon-measurement-scheduling.svg,true,1,false,1,lazy,,28,28,150,150,200,image/svg+xml,342,,"""b75103e3aac536b64ddc1196a8aaf0a6""",3422.89999999851,3527.10000000149,104.20000000298023,,3952,0,0,NEEDS OPTIMISATION,3,no effective cache-control for repeat visits; fetched before scroll despite being below the fold (unnecessary initial-load bytes)
uk,desktop,/products/busbar/gl-lighting-busbar,detail,image,http://uk.infravolt.localhost:3000/_next/image?url=https%3A%2F%2Fpub-f1a143f96bfc47df8ff1ccd1aaea6671.r2.dev%2Fproducts%2Fg-bus%2Fg-bus-smart-rail-dashboard.webp&w=1080&q=75,true,1,false,1,lazy,,704,528,883,497,200,image/webp,41728,"public, max-age=0, must-revalidate",RfNATgrBtVpR5KOzRX8tr6qiS7DyNH4fKo7DgOvJUKI,3423,3561.7999999970198,138.79999999701977,,3952,0,0,NEEDS OPTIMISATION,3,no effective cache-control for repeat visits; fetched before scroll despite being below the fold (unnecessary initial-load bytes)
uk,desktop,/products/busbar/gl-lighting-busbar,detail,image,http://uk.infravolt.localhost:3000/_next/image?url=https%3A%2F%2Fpub-f1a143f96bfc47df8ff1ccd1aaea6671.r2.dev%2Fproducts%2Fbusbar%2Fapplications%2Fbusbar-application-retail.webp&w=640&q=75,true,2,true,1,lazy,,139.5,93,595,372,200,image/webp,35524,"public, max-age=0, must-revalidate",jnbazPg1JXVQjRC8UzO-gGMpdLfKpRH9gDkuKPplFow,3423.10000000149,3574.39999999851,151.29999999701977,,3952,0,0,NEEDS OPTIMISATION,3,above the fold; no effective cache-control for repeat visits
uk,desktop,/products/busbar/gl-lighting-busbar,detail,image,http://uk.infravolt.localhost:3000/_next/image?url=https%3A%2F%2Fpub-f1a143f96bfc47df8ff1ccd1aaea6671.r2.dev%2Fproducts%2Fbusbar%2Fapplications%2Fbusbar-application-warehouse.webp&w=640&q=75,true,1,true,1,lazy,,279,186,595,372,200,image/webp,37220,"public, max-age=0, must-revalidate",gUYFYNCyRhTdU90b2vE2oCH9UWXhvcXrZMVX8WoLgDU,3423.2999999970198,3591.89999999851,168.60000000149012,,3952,0,0,NEEDS OPTIMISATION,3,above the fold; no effective cache-control for repeat visits
uk,desktop,/products/busbar/gl-lighting-busbar,detail,image,http://uk.infravolt.localhost:3000/_next/image?url=https%3A%2F%2Fpub-f1a143f96bfc47df8ff1ccd1aaea6671.r2.dev%2Findustries%2Fcards%2Fcommercial-buildings.webp&w=640&q=75,true,1,true,1,lazy,,279,186,595,334,200,image/webp,31548,"public, max-age=0, must-revalidate",-emiVknWoJZP3_cvsFd5N_WqKcJ63UrZ_jzpY79dRzc,3423.2999999970198,3607,183.70000000298023,,3952,0,0,NEEDS OPTIMISATION,3,above the fold; no effective cache-control for repeat visits
uk,desktop,/products/busbar/gl-lighting-busbar,detail,image,http://uk.infravolt.localhost:3000/_next/image?url=https%3A%2F%2Fpub-f1a143f96bfc47df8ff1ccd1aaea6671.r2.dev%2Findustries%2Fcards%2Findustrial-facilities.webp&w=640&q=75,true,1,true,1,lazy,,279,186,595,334,200,image/webp,32964,"public, max-age=0, must-revalidate",SpFrGv3ZH5bNokRX22SZsJnWwwErEOzF90RU5OnrKks,3423.39999999851,3747.89999999851,324.5,,3952,0,0,NEEDS OPTIMISATION,4,above the fold; no effective cache-control for repeat visits
uk,desktop,/products/busbar/gl-lighting-busbar,detail,image,http://uk.infravolt.localhost:3000/_next/image?url=https%3A%2F%2Fpub-f1a143f96bfc47df8ff1ccd1aaea6671.r2.dev%2Findustries%2Fcards%2Feducation-public-sector.webp&w=640&q=75,true,1,true,1,lazy,,279,186,595,334,200,image/webp,51550,"public, max-age=0, must-revalidate",MtZpk3bffLbo1a_M_dRsBgy8h9I39pKgpaSv3h3-h6Y,3423.5,3665,241.5,,3952,0,0,NEEDS OPTIMISATION,4,above the fold; no effective cache-control for repeat visits
uk,desktop,/products/busbar/gl-lighting-busbar,detail,image,https://pub-f1a143f96bfc47df8ff1ccd1aaea6671.r2.dev/brand/infravolt-wordmark-transparent.webp,true,1,true,1,lazy,,250,56,1040,235,200,image/webp,52456,,"""93441a0dddaf3276056bd01d677cc5c4""",3423.5,3500.10000000149,76.60000000149012,,3952,0,0,NEEDS OPTIMISATION,3,above the fold; no effective cache-control for repeat visits
uk,mobile,/products/busbar/gl-lighting-busbar,detail,image,https://pub-f1a143f96bfc47df8ff1ccd1aaea6671.r2.dev/brand/infravolt-wordmark-primary.webp,true,1,true,1,eager,,192,43,1040,235,200,image/webp,126044,,"""15ab34f45bad11445e87379fdf35c690""",182,329.70000000298023,147.70000000298023,,596,0,0,NEEDS OPTIMISATION,4,above the fold; mobile viewport; no effective cache-control for repeat visits
uk,mobile,/products/busbar/gl-lighting-busbar,detail,image,http://uk.infravolt.localhost:3000/_next/image?url=https%3A%2F%2Fpub-f1a143f96bfc47df8ff1ccd1aaea6671.r2.dev%2Fproducts%2Fbusbar%2Fgl%2Fcard%2Fgl-main-product.webp&w=640&q=75,true,1,false,0,eager,,379,229,390,260,200,image/webp,47966,"public, max-age=0, must-revalidate",kgays6AS1eyIkhN18VoaIrj7vf-56E_MqIcxowfV0wY,,,,,596,0,0,GOOD,2,mobile viewport; no effective cache-control for repeat visits
uk,mobile,/products/busbar/gl-lighting-busbar,detail,image,http://uk.infravolt.localhost:3000/_next/image?url=https%3A%2F%2Fpub-f1a143f96bfc47df8ff1ccd1aaea6671.r2.dev%2Fproducts%2Fbusbar%2Fgl%2Fapplications%2Fgl-main-product-01.webp&w=640&q=75,true,3,false,0,lazy,,51,50,390,292,200,image/webp,7262,"public, max-age=0, must-revalidate",bqTh2-Q4l0HMVlblb-ysyVLyDnzF5u0aPZDN2-ZM3g4,,,,,596,0,0,GOOD,2,mobile viewport; no effective cache-control for repeat visits
uk,mobile,/products/busbar/gl-lighting-busbar,detail,image,http://uk.infravolt.localhost:3000/_next/image?url=https%3A%2F%2Fpub-f1a143f96bfc47df8ff1ccd1aaea6671.r2.dev%2Fproducts%2Fbusbar%2Fgl%2Fapplications%2Fgl-main-product-02.webp&w=96&q=75,true,1,false,1,lazy,,49,48,96,60,200,image/webp,292,"public, max-age=0, must-revalidate",efoO8y1t9MEEBYW9vPdokOSZ4eT91b0eA0As605iqoY,585.2000000029802,604.7999999970198,19.599999994039536,,596,0,0,NEEDS OPTIMISATION,4,mobile viewport; no effective cache-control for repeat visits; fetched before scroll despite being below the fold (unnecessary initial-load bytes)
uk,mobile,/products/busbar/gl-lighting-busbar,detail,image,http://uk.infravolt.localhost:3000/_next/image?url=https%3A%2F%2Fpub-f1a143f96bfc47df8ff1ccd1aaea6671.r2.dev%2Fproducts%2Fbusbar%2Fgl%2Fapplications%2Fgl-industrial-application-01.webp&w=96&q=75,true,1,false,1,lazy,,49,48,96,54,200,image/webp,1702,"public, max-age=0, must-revalidate",490J2GqPH2Jzzy-GjBqWBSz7W3ce6Y4ubzj327kSZMQ,585.3999999985099,605.3999999985099,20,,596,0,0,NEEDS OPTIMISATION,4,mobile viewport; no effective cache-control for repeat visits; fetched before scroll despite being below the fold (unnecessary initial-load bytes)
uk,mobile,/products/busbar/gl-lighting-busbar,detail,image,http://uk.infravolt.localhost:3000/_next/image?url=https%3A%2F%2Fpub-f1a143f96bfc47df8ff1ccd1aaea6671.r2.dev%2Fproducts%2Fbusbar%2Fgl%2Fapplications%2Fgl-application-installation-.png&w=96&q=75,true,1,false,1,lazy,,49,48,96,54,200,image/webp,1320,"public, max-age=0, must-revalidate",TuhlSTSBPG-EANaEyzDUhOdDJFpjD--fS2gHJjTQgv8,585.3999999985099,607,21.600000001490116,,596,0,0,NEEDS OPTIMISATION,4,mobile viewport; no effective cache-control for repeat visits; fetched before scroll despite being below the fold (unnecessary initial-load bytes)
uk,mobile,/products/busbar/gl-lighting-busbar,detail,image,http://uk.infravolt.localhost:3000/_next/image?url=https%3A%2F%2Fpub-f1a143f96bfc47df8ff1ccd1aaea6671.r2.dev%2Fproducts%2Fbusbar%2Fgl%2Fapplications%2Fgl-system-overview-drawing.png&w=96&q=75,true,1,false,1,lazy,,49,48,96,60,200,image/webp,682,"public, max-age=0, must-revalidate",wgbw4tCbW1BFt_TZ4kTqJn3kQ3AL6q52DtQZnXyHMg4,585.3999999985099,607.8999999985099,22.5,,596,0,0,NEEDS OPTIMISATION,4,mobile viewport; no effective cache-control for repeat visits; fetched before scroll despite being below the fold (unnecessary initial-load bytes)
uk,mobile,/products/busbar/gl-lighting-busbar,detail,image,http://uk.infravolt.localhost:3000/_next/image?url=https%3A%2F%2Fpub-f1a143f96bfc47df8ff1ccd1aaea6671.r2.dev%2Fproducts%2Fbusbar%2Fgl%2Fcomponents%2Fgl-standard-length-element-pnpe.webp&w=3840&q=75,true,1,false,0,lazy,,0,0,,,,,,,,,,,,596,0,0,GOOD,2,mobile viewport; no effective cache-control for repeat visits
uk,mobile,/products/busbar/gl-lighting-busbar,detail,image,http://uk.infravolt.localhost:3000/_next/image?url=https%3A%2F%2Fpub-f1a143f96bfc47df8ff1ccd1aaea6671.r2.dev%2Fproducts%2Fbusbar%2Fgl%2Fcomponents%2Fgl-feed-unit-left.webp&w=3840&q=75,true,1,false,0,lazy,,0,0,,,,,,,,,,,,596,0,0,GOOD,2,mobile viewport; no effective cache-control for repeat visits
uk,mobile,/products/busbar/gl-lighting-busbar,detail,image,http://uk.infravolt.localhost:3000/_next/image?url=https%3A%2F%2Fpub-f1a143f96bfc47df8ff1ccd1aaea6671.r2.dev%2Fproducts%2Fbusbar%2Fgl%2Fcomponents%2Fgl-feed-unit-right.webp&w=3840&q=75,true,1,false,0,lazy,,0,0,,,,,,,,,,,,596,0,0,GOOD,2,mobile viewport; no effective cache-control for repeat visits
uk,mobile,/products/busbar/gl-lighting-busbar,detail,image,http://uk.infravolt.localhost:3000/_next/image?url=https%3A%2F%2Fpub-f1a143f96bfc47df8ff1ccd1aaea6671.r2.dev%2Fproducts%2Fbusbar%2Fgl%2Fcomponents%2Fgl-centre-feed-unit.webp&w=3840&q=75,true,1,false,0,lazy,,0,0,,,,,,,,,,,,596,0,0,GOOD,2,mobile viewport; no effective cache-control for repeat visits
uk,mobile,/products/busbar/gl-lighting-busbar,detail,image,http://uk.infravolt.localhost:3000/_next/image?url=https%3A%2F%2Fpub-f1a143f96bfc47df8ff1ccd1aaea6671.r2.dev%2Fproducts%2Fbusbar%2Fgl%2Fcomponents%2Fgl-flexible-joint.webp&w=3840&q=75,true,1,false,0,lazy,,0,0,,,,,,,,,,,,596,0,0,GOOD,2,mobile viewport; no effective cache-control for repeat visits
uk,mobile,/products/busbar/gl-lighting-busbar,detail,image,http://uk.infravolt.localhost:3000/_next/image?url=https%3A%2F%2Fpub-f1a143f96bfc47df8ff1ccd1aaea6671.r2.dev%2Fproducts%2Fbusbar%2Fgl%2Fcomponents%2Fgl-lighting-fixture-jack.webp&w=3840&q=75,true,1,false,0,lazy,,0,0,,,,,,,,,,,,596,0,0,GOOD,2,mobile viewport; no effective cache-control for repeat visits
uk,mobile,/products/busbar/gl-lighting-busbar,detail,image,http://uk.infravolt.localhost:3000/_next/image?url=https%3A%2F%2Fpub-f1a143f96bfc47df8ff1ccd1aaea6671.r2.dev%2Fproducts%2Fbusbar%2Fgl%2Fcomponents%2Fgl-glass-fuse-jack.webp&w=3840&q=75,true,1,false,0,lazy,,0,0,,,,,,,,,,,,596,0,0,GOOD,2,mobile viewport; no effective cache-control for repeat visits
uk,mobile,/products/busbar/gl-lighting-busbar,detail,image,http://uk.infravolt.localhost:3000/_next/image?url=https%3A%2F%2Fpub-f1a143f96bfc47df8ff1ccd1aaea6671.r2.dev%2Fproducts%2Fbusbar%2Fgl%2Fcomponents%2Fgl-mcb-tap-off-box.webp&w=3840&q=75,true,1,false,0,lazy,,0,0,,,,,,,,,,,,596,0,0,GOOD,2,mobile viewport; no effective cache-control for repeat visits
uk,mobile,/products/busbar/gl-lighting-busbar,detail,image,http://uk.infravolt.localhost:3000/_next/image?url=https%3A%2F%2Fpub-f1a143f96bfc47df8ff1ccd1aaea6671.r2.dev%2Fproducts%2Fbusbar%2Fgl%2Fcomponents%2Fgl-end-cap.webp&w=3840&q=75,true,1,false,0,lazy,,0,0,,,,,,,,,,,,596,0,0,GOOD,2,mobile viewport; no effective cache-control for repeat visits
uk,mobile,/products/busbar/gl-lighting-busbar,detail,image,http://uk.infravolt.localhost:3000/_next/image?url=https%3A%2F%2Fpub-f1a143f96bfc47df8ff1ccd1aaea6671.r2.dev%2Fproducts%2Fbusbar%2Fgl%2Fcomponents%2Fgl-joint-cover.webp&w=3840&q=75,true,1,false,0,lazy,,0,0,,,,,,,,,,,,596,0,0,GOOD,2,mobile viewport; no effective cache-control for repeat visits
uk,mobile,/products/busbar/gl-lighting-busbar,detail,image,http://uk.infravolt.localhost:3000/_next/image?url=https%3A%2F%2Fpub-f1a143f96bfc47df8ff1ccd1aaea6671.r2.dev%2Fproducts%2Fbusbar%2Fgl%2Fcomponents%2Fgl-fixture-fixing-hanger-ssu2.webp&w=3840&q=75,true,1,false,0,lazy,,0,0,,,,,,,,,,,,596,0,0,GOOD,2,mobile viewport; no effective cache-control for repeat visits
uk,mobile,/products/busbar/gl-lighting-busbar,detail,image,http://uk.infravolt.localhost:3000/_next/image?url=https%3A%2F%2Fpub-f1a143f96bfc47df8ff1ccd1aaea6671.r2.dev%2Fproducts%2Fbusbar%2Fgl%2Fcomponents%2Fgl-busbar-fixing-hanger-ssu3.webp&w=3840&q=75,true,1,false,0,lazy,,0,0,,,,,,,,,,,,596,0,0,GOOD,2,mobile viewport; no effective cache-control for repeat visits
uk,mobile,/products/busbar/gl-lighting-busbar,detail,image,https://pub-f1a143f96bfc47df8ff1ccd1aaea6671.r2.dev/icons/products/busbar/g-bus/icon-check-circle.svg,true,1,false,1,lazy,,18,18,150,150,200,image/svg+xml,257,,"""200434b04ce6fbe88d35b5b996630b29""",585.5,641.7999999970198,56.29999999701977,,596,0,0,NEEDS OPTIMISATION,4,mobile viewport; no effective cache-control for repeat visits; fetched before scroll despite being below the fold (unnecessary initial-load bytes)
uk,mobile,/products/busbar/gl-lighting-busbar,detail,image,https://pub-f1a143f96bfc47df8ff1ccd1aaea6671.r2.dev/icons/products/busbar/g-bus/icon-powerline-communication.svg,true,1,false,1,lazy,,19,19,150,150,200,image/svg+xml,292,,"""f298fbaeb4ec0bfa9917ebe7657a7b2b""",585.5,671.6000000014901,86.10000000149012,,596,0,0,NEEDS OPTIMISATION,4,mobile viewport; no effective cache-control for repeat visits; fetched before scroll despite being below the fold (unnecessary initial-load bytes)
uk,mobile,/products/busbar/gl-lighting-busbar,detail,image,https://pub-f1a143f96bfc47df8ff1ccd1aaea6671.r2.dev/icons/products/busbar/g-bus/icon-remote-monitoring.svg,true,1,false,1,lazy,,19,19,150,150,200,image/svg+xml,407,,"""429a9b6c8430f5137db63eeab50b0ce3""",585.6000000014901,667.7000000029802,82.10000000149012,,596,0,0,NEEDS OPTIMISATION,4,mobile viewport; no effective cache-control for repeat visits; fetched before scroll despite being below the fold (unnecessary initial-load bytes)
uk,mobile,/products/busbar/gl-lighting-busbar,detail,image,https://pub-f1a143f96bfc47df8ff1ccd1aaea6671.r2.dev/icons/products/busbar/g-bus/icon-measurement-scheduling.svg,true,1,false,1,lazy,,19,19,150,150,200,image/svg+xml,342,,"""b75103e3aac536b64ddc1196a8aaf0a6""",585.7000000029802,694.2999999970198,108.59999999403954,,596,0,0,NEEDS OPTIMISATION,4,mobile viewport; no effective cache-control for repeat visits; fetched before scroll despite being below the fold (unnecessary initial-load bytes)
uk,mobile,/products/busbar/gl-lighting-busbar,detail,image,http://uk.infravolt.localhost:3000/_next/image?url=https%3A%2F%2Fpub-f1a143f96bfc47df8ff1ccd1aaea6671.r2.dev%2Fproducts%2Fg-bus%2Fg-bus-smart-rail-dashboard.webp&w=640&q=75,true,1,false,1,lazy,,358,195,390,219,200,image/webp,18036,"public, max-age=0, must-revalidate",u_6GVq46j7yYt3KwGuZLC4DpwG0B34jQ4Y-iv9sUztM,585.7999999970198,766.6000000014901,180.80000000447035,,596,0,0,NEEDS OPTIMISATION,4,mobile viewport; no effective cache-control for repeat visits; fetched before scroll despite being below the fold (unnecessary initial-load bytes)
uk,mobile,/products/busbar/gl-lighting-busbar,detail,image,http://uk.infravolt.localhost:3000/_next/image?url=https%3A%2F%2Fpub-f1a143f96bfc47df8ff1ccd1aaea6671.r2.dev%2Fproducts%2Fbusbar%2Fapplications%2Fbusbar-application-retail.webp&w=3840&q=75,true,1,false,0,lazy,,0,0,,,,,,,,,,,,596,0,0,GOOD,2,mobile viewport; no effective cache-control for repeat visits
uk,mobile,/products/busbar/gl-lighting-busbar,detail,image,http://uk.infravolt.localhost:3000/_next/image?url=https%3A%2F%2Fpub-f1a143f96bfc47df8ff1ccd1aaea6671.r2.dev%2Fproducts%2Fbusbar%2Fapplications%2Fbusbar-application-warehouse.webp&w=3840&q=75,true,1,false,0,lazy,,0,0,,,,,,,,,,,,596,0,0,GOOD,2,mobile viewport; no effective cache-control for repeat visits
uk,mobile,/products/busbar/gl-lighting-busbar,detail,image,http://uk.infravolt.localhost:3000/_next/image?url=https%3A%2F%2Fpub-f1a143f96bfc47df8ff1ccd1aaea6671.r2.dev%2Findustries%2Fcards%2Fcommercial-buildings.webp&w=3840&q=75,true,1,false,0,lazy,,0,0,,,,,,,,,,,,596,0,0,GOOD,2,mobile viewport; no effective cache-control for repeat visits
uk,mobile,/products/busbar/gl-lighting-busbar,detail,image,http://uk.infravolt.localhost:3000/_next/image?url=https%3A%2F%2Fpub-f1a143f96bfc47df8ff1ccd1aaea6671.r2.dev%2Findustries%2Fcards%2Findustrial-facilities.webp&w=3840&q=75,true,1,false,0,lazy,,0,0,,,,,,,,,,,,596,0,0,GOOD,2,mobile viewport; no effective cache-control for repeat visits
uk,mobile,/products/busbar/gl-lighting-busbar,detail,image,http://uk.infravolt.localhost:3000/_next/image?url=https%3A%2F%2Fpub-f1a143f96bfc47df8ff1ccd1aaea6671.r2.dev%2Findustries%2Fcards%2Feducation-public-sector.webp&w=3840&q=75,true,1,false,0,lazy,,0,0,,,,,,,,,,,,596,0,0,GOOD,2,mobile viewport; no effective cache-control for repeat visits
uk,mobile,/products/busbar/gl-lighting-busbar,detail,image,http://uk.infravolt.localhost:3000/_next/image?url=https%3A%2F%2Fpub-f1a143f96bfc47df8ff1ccd1aaea6671.r2.dev%2Fproducts%2Fbusbar%2Fapplications%2Fbusbar-application-retail.webp&w=640&q=75,true,1,false,1,lazy,,360,225,390,243,200,image/webp,35524,"public, max-age=0, must-revalidate",jnbazPg1JXVQjRC8UzO-gGMpdLfKpRH9gDkuKPplFow,585.7999999970198,608.2999999970198,22.5,,596,0,0,NEEDS OPTIMISATION,4,mobile viewport; no effective cache-control for repeat visits; fetched before scroll despite being below the fold (unnecessary initial-load bytes)
uk,mobile,/products/busbar/gl-lighting-busbar,detail,image,https://pub-f1a143f96bfc47df8ff1ccd1aaea6671.r2.dev/brand/infravolt-wordmark-transparent.webp,true,1,true,1,lazy,,220,50,1040,235,200,image/webp,52456,,"""93441a0dddaf3276056bd01d677cc5c4""",585.7999999970198,679,93.20000000298023,,596,0,0,NEEDS OPTIMISATION,4,above the fold; mobile viewport; no effective cache-control for repeat visits
uk,desktop,/products/cable-support-systems/cable-ladder-c-profile-rung,detail,image,https://pub-f1a143f96bfc47df8ff1ccd1aaea6671.r2.dev/brand/infravolt-wordmark-primary.webp,true,1,true,1,eager,,252,57,1040,235,200,image/webp,126044,,"""15ab34f45bad11445e87379fdf35c690""",3164.0999999940395,3262,97.90000000596046,,4136,0,0,NEEDS OPTIMISATION,3,above the fold; no effective cache-control for repeat visits
uk,desktop,/products/cable-support-systems/cable-ladder-c-profile-rung,detail,image,http://uk.infravolt.localhost:3000/_next/image?url=https%3A%2F%2Fpub-f1a143f96bfc47df8ff1ccd1aaea6671.r2.dev%2Fproducts%2Fcable-management%2Fcable-ladders%2Ffamily%2Fcable-ladder-c-profile-rung-transparent-card.png&w=1080&q=75,true,1,false,0,eager,,634,423,844,844,200,image/webp,157176,"public, max-age=0, must-revalidate",8LythxEgO42h928SlrqpaEPpM13Cf-c_an0SwzhPg7I,,,,,4136,1,0,NEEDS OPTIMISATION,5,is the page LCP element on at least one run; no effective cache-control for repeat visits
uk,desktop,/products/cable-support-systems/cable-ladder-c-profile-rung,detail,image,https://pub-f1a143f96bfc47df8ff1ccd1aaea6671.r2.dev/brand/infravolt-wordmark-transparent.webp,true,1,true,1,lazy,,250,56,1040,235,200,image/webp,52456,,"""93441a0dddaf3276056bd01d677cc5c4""",3367.7999999970198,3456.0999999940395,88.29999999701977,,4136,0,0,NEEDS OPTIMISATION,3,above the fold; no effective cache-control for repeat visits
uk,mobile,/products/cable-support-systems/cable-ladder-c-profile-rung,detail,image,https://pub-f1a143f96bfc47df8ff1ccd1aaea6671.r2.dev/brand/infravolt-wordmark-primary.webp,true,1,true,1,eager,,192,43,1040,235,200,image/webp,126044,,"""15ab34f45bad11445e87379fdf35c690""",494.59999999403954,623.5,128.90000000596046,,848,0,0,NEEDS OPTIMISATION,4,above the fold; mobile viewport; no effective cache-control for repeat visits
uk,mobile,/products/cable-support-systems/cable-ladder-c-profile-rung,detail,image,http://uk.infravolt.localhost:3000/_next/image?url=https%3A%2F%2Fpub-f1a143f96bfc47df8ff1ccd1aaea6671.r2.dev%2Fproducts%2Fcable-management%2Fcable-ladders%2Ffamily%2Fcable-ladder-c-profile-rung-transparent-card.png&w=384&q=75,true,1,false,0,eager,,351,263,350,350,200,image/webp,29612,"public, max-age=0, must-revalidate",Zn4oo-oJAdF3n9Isog5L6NHMX7BaGr1USbbX-T_S47I,,,,,848,1,0,NEEDS OPTIMISATION,5,is the page LCP element on at least one run; mobile viewport; no effective cache-control for repeat visits
uk,mobile,/products/cable-support-systems/cable-ladder-c-profile-rung,detail,image,https://pub-f1a143f96bfc47df8ff1ccd1aaea6671.r2.dev/brand/infravolt-wordmark-transparent.webp,true,1,true,0,lazy,,220,50,1040,235,200,image/webp,52456,,"""93441a0dddaf3276056bd01d677cc5c4""",2410.5999999940395,2482.7999999970198,72.20000000298023,,848,0,0,NEEDS OPTIMISATION,4,above the fold; mobile viewport; no effective cache-control for repeat visits
uk,desktop,/products/earthing-and-lightning-protection/lightning-protection,detail,image,https://pub-f1a143f96bfc47df8ff1ccd1aaea6671.r2.dev/brand/infravolt-wordmark-primary.webp,true,1,true,1,eager,,252,57,1040,235,200,image/webp,126044,,"""15ab34f45bad11445e87379fdf35c690""",4677.10000000149,4778.5,101.39999999850988,,5168,0,0,NEEDS OPTIMISATION,3,above the fold; no effective cache-control for repeat visits
uk,desktop,/products/earthing-and-lightning-protection/lightning-protection,detail,image,http://uk.infravolt.localhost:3000/_next/image?url=https%3A%2F%2Fpub-f1a143f96bfc47df8ff1ccd1aaea6671.r2.dev%2Fproducts%2Fearthing-lightning%2Flightning-protection%2Fcard%2Fgty-700-copper-multiple-point-hero.webp&w=828&q=75,true,1,false,0,eager,,766,574,806,537,200,image/webp,31880,"public, max-age=0, must-revalidate",9WRHDdyTgHj32sSAAlm6LjhmmkAF9G5jaT2HeDmsWqc,,,,,5168,0,0,GOOD,1,no effective cache-control for repeat visits
uk,desktop,/products/earthing-and-lightning-protection/lightning-protection,detail,image,http://uk.infravolt.localhost:3000/_next/image?url=https%3A%2F%2Fpub-f1a143f96bfc47df8ff1ccd1aaea6671.r2.dev%2Fproducts%2Fearthing-lightning%2Flightning-protection%2Ffamily%2Factive-lightning-rod-mounting-material.webp&w=640&q=75,true,1,false,1,lazy,,301,190,422,281,200,image/webp,4460,"public, max-age=0, must-revalidate",d5cgO8nUPjR_MUawATK2jSTkN3UJ6bA--e4YVE2jvcU,5126.10000000149,5249.79999999702,123.69999999552965,,5168,0,0,NEEDS OPTIMISATION,3,no effective cache-control for repeat visits; fetched before scroll despite being below the fold (unnecessary initial-load bytes)
uk,desktop,/products/earthing-and-lightning-protection/lightning-protection,detail,image,http://uk.infravolt.localhost:3000/_next/image?url=https%3A%2F%2Fpub-f1a143f96bfc47df8ff1ccd1aaea6671.r2.dev%2Fproducts%2Fearthing-lightning%2Flightning-protection%2Ffamily%2Flightning-arrester.webp&w=640&q=75,true,1,false,1,lazy,,301,190,422,281,200,image/webp,3152,"public, max-age=0, must-revalidate",zWof7jMhLZsBvCWzPX1w5qsTCkAZhcs3oroc_286cdg,5126.19999999553,5340,213.80000000447035,,5168,0,0,NEEDS OPTIMISATION,4,no effective cache-control for repeat visits; fetched before scroll despite being below the fold (unnecessary initial-load bytes)
uk,desktop,/products/earthing-and-lightning-protection/lightning-protection,detail,image,http://uk.infravolt.localhost:3000/_next/image?url=https%3A%2F%2Fpub-f1a143f96bfc47df8ff1ccd1aaea6671.r2.dev%2Fproducts%2Fearthing-lightning%2Flightning-protection%2Ffamily%2Flightning-arrester-base.webp&w=640&q=75,true,1,false,1,lazy,,301,190,422,281,200,image/webp,15682,"public, max-age=0, must-revalidate",zt7Sgu77LjMyaOV5RcOLQZeXPeajKJ2NL_IypYcaHxA,5126.29999999702,5395.29999999702,269,,5168,0,0,NEEDS OPTIMISATION,4,no effective cache-control for repeat visits; fetched before scroll despite being below the fold (unnecessary initial-load bytes)
uk,desktop,/products/earthing-and-lightning-protection/lightning-protection,detail,image,http://uk.infravolt.localhost:3000/_next/image?url=https%3A%2F%2Fpub-f1a143f96bfc47df8ff1ccd1aaea6671.r2.dev%2Fproducts%2Fearthing-lightning%2Flightning-protection%2Ffamily%2Fdown-conductor-clamps-fixing-elements.webp&w=640&q=75,true,1,false,1,lazy,,301,190,422,281,200,image/webp,9810,"public, max-age=0, must-revalidate",y_apbvBI2cBBaZ8dgRZeRCqSXA_2ArS-iMT_CR72xrM,5126.39999999851,5304.5,178.10000000149012,,5168,0,0,NEEDS OPTIMISATION,3,no effective cache-control for repeat visits; fetched before scroll despite being below the fold (unnecessary initial-load bytes)
uk,desktop,/products/earthing-and-lightning-protection/lightning-protection,detail,image,http://uk.infravolt.localhost:3000/_next/image?url=https%3A%2F%2Fpub-f1a143f96bfc47df8ff1ccd1aaea6671.r2.dev%2Fproducts%2Fearthing-lightning%2Flightning-protection%2Ffamily%2Factive-lightning-rod-mounting-material.webp&w=64&q=75,true,1,false,1,lazy,,46,46,55,37,200,image/webp,312,"public, max-age=0, must-revalidate",MrMxc12jETTC6YW9RhWEKRqEyHuo26O__C1PYc-0ROg,5126.5,5276.29999999702,149.79999999701977,,5168,0,0,NEEDS OPTIMISATION,3,no effective cache-control for repeat visits; fetched before scroll despite being below the fold (unnecessary initial-load bytes)
uk,desktop,/products/earthing-and-lightning-protection/lightning-protection,detail,image,http://uk.infravolt.localhost:3000/_next/image?url=https%3A%2F%2Fpub-f1a143f96bfc47df8ff1ccd1aaea6671.r2.dev%2Fproducts%2Fearthing-lightning%2Flightning-protection%2Ffamily%2Flightning-arrester.webp&w=64&q=75,true,1,true,1,lazy,,46,46,55,37,200,image/webp,216,"public, max-age=0, must-revalidate",rZMvXn7MBYSu2BnGxshVuAgcNdBJ2VbFHN4KGyXPtak,5126.60000000149,5239.19999999553,112.59999999403954,,5168,0,0,NEEDS OPTIMISATION,3,above the fold; no effective cache-control for repeat visits
uk,desktop,/products/earthing-and-lightning-protection/lightning-protection,detail,image,http://uk.infravolt.localhost:3000/_next/image?url=https%3A%2F%2Fpub-f1a143f96bfc47df8ff1ccd1aaea6671.r2.dev%2Fproducts%2Fearthing-lightning%2Flightning-protection%2Ffamily%2Flightning-arrester-base.webp&w=64&q=75,true,1,true,1,lazy,,46,46,55,37,200,image/webp,602,"public, max-age=0, must-revalidate",OOaghF5n1YDTdRWbwFKJDP056CI0r5ZCSXL3IAGjCwo,5126.69999999553,5315.79999999702,189.10000000149012,,5168,0,0,NEEDS OPTIMISATION,3,above the fold; no effective cache-control for repeat visits
uk,desktop,/products/earthing-and-lightning-protection/lightning-protection,detail,image,http://uk.infravolt.localhost:3000/_next/image?url=https%3A%2F%2Fpub-f1a143f96bfc47df8ff1ccd1aaea6671.r2.dev%2Fproducts%2Fearthing-lightning%2Flightning-protection%2Ffamily%2Fdown-conductor-clamps-fixing-elements.webp&w=64&q=75,true,1,true,1,lazy,,46,46,55,37,200,image/webp,434,"public, max-age=0, must-revalidate",5UiDXnTpnazMv9PFtud13fAz2PZvXrxA2qnIrfp6-p4,5126.79999999702,5333.29999999702,206.5,,5168,0,0,NEEDS OPTIMISATION,4,above the fold; no effective cache-control for repeat visits
uk,desktop,/products/earthing-and-lightning-protection/lightning-protection,detail,image,http://uk.infravolt.localhost:3000/_next/image?url=https%3A%2F%2Fpub-f1a143f96bfc47df8ff1ccd1aaea6671.r2.dev%2Fbrand%2Finfravolt-wordmark-primary.webp&w=256&q=75,true,1,true,1,lazy,,152,34,256,58,200,image/webp,2474,"public, max-age=0, must-revalidate",Ucsv1x0HdI0L1LqO1xNf_h8mUlGsHAviRGR7m7Ls_6g,5126.89999999851,5302.60000000149,175.70000000298023,,5168,0,0,NEEDS OPTIMISATION,3,above the fold; no effective cache-control for repeat visits
uk,desktop,/products/earthing-and-lightning-protection/lightning-protection,detail,image,https://pub-f1a143f96bfc47df8ff1ccd1aaea6671.r2.dev/brand/infravolt-wordmark-transparent.webp,true,1,true,1,lazy,,250,56,1040,235,200,image/webp,52456,,"""93441a0dddaf3276056bd01d677cc5c4""",5126.89999999851,5184.60000000149,57.70000000298023,,5168,0,0,NEEDS OPTIMISATION,3,above the fold; no effective cache-control for repeat visits
uk,mobile,/products/earthing-and-lightning-protection/lightning-protection,detail,image,https://pub-f1a143f96bfc47df8ff1ccd1aaea6671.r2.dev/brand/infravolt-wordmark-primary.webp,true,1,true,1,eager,,192,43,1040,235,200,image/webp,126044,,"""15ab34f45bad11445e87379fdf35c690""",212.30000000447035,301.80000000447035,89.5,,636,0,0,NEEDS OPTIMISATION,4,above the fold; mobile viewport; no effective cache-control for repeat visits
uk,mobile,/products/earthing-and-lightning-protection/lightning-protection,detail,image,http://uk.infravolt.localhost:3000/_next/image?url=https%3A%2F%2Fpub-f1a143f96bfc47df8ff1ccd1aaea6671.r2.dev%2Fproducts%2Fearthing-lightning%2Flightning-protection%2Fcard%2Fgty-700-copper-multiple-point-hero.webp&w=640&q=75,true,1,false,0,eager,,350,263,390,260,200,image/webp,20484,"public, max-age=0, must-revalidate",VFVxTFmfAu1GC_JEeiLtWwm266GLIZZn4vHTmiFSsSI,,,,,636,0,0,GOOD,2,mobile viewport; no effective cache-control for repeat visits
uk,mobile,/products/earthing-and-lightning-protection/lightning-protection,detail,image,http://uk.infravolt.localhost:3000/_next/image?url=https%3A%2F%2Fpub-f1a143f96bfc47df8ff1ccd1aaea6671.r2.dev%2Fproducts%2Fearthing-lightning%2Flightning-protection%2Ffamily%2Factive-lightning-rod-mounting-material.webp&w=384&q=75,true,1,false,1,lazy,,100,128,350,233,200,image/webp,2310,"public, max-age=0, must-revalidate",EH1TNKFxrDAO1EHetUcjLDDYL0fxtpDy-kMZwxPlGKA,612,713.8999999985099,101.89999999850988,,636,0,0,NEEDS OPTIMISATION,4,mobile viewport; no effective cache-control for repeat visits; fetched before scroll despite being below the fold (unnecessary initial-load bytes)
uk,mobile,/products/earthing-and-lightning-protection/lightning-protection,detail,image,http://uk.infravolt.localhost:3000/_next/image?url=https%3A%2F%2Fpub-f1a143f96bfc47df8ff1ccd1aaea6671.r2.dev%2Fproducts%2Fearthing-lightning%2Flightning-protection%2Ffamily%2Flightning-arrester.webp&w=384&q=75,true,1,false,1,lazy,,100,128,350,233,200,image/webp,1526,"public, max-age=0, must-revalidate",4m9DHy9Oi7kZlitK9wp4BCFuQCFHVwDQ0pPAB-35Iy8,612.1000000014901,709.2000000029802,97.10000000149012,,636,0,0,NEEDS OPTIMISATION,4,mobile viewport; no effective cache-control for repeat visits; fetched before scroll despite being below the fold (unnecessary initial-load bytes)
uk,mobile,/products/earthing-and-lightning-protection/lightning-protection,detail,image,http://uk.infravolt.localhost:3000/_next/image?url=https%3A%2F%2Fpub-f1a143f96bfc47df8ff1ccd1aaea6671.r2.dev%2Fproducts%2Fearthing-lightning%2Flightning-protection%2Ffamily%2Flightning-arrester-base.webp&w=384&q=75,true,1,false,1,lazy,,100,128,350,233,200,image/webp,7326,"public, max-age=0, must-revalidate",CfIlQzNKGoZakFxBcWFBRgoAxEZIQDyUSPLyp2QSqRc,612.1000000014901,722.1000000014901,110,,636,0,0,NEEDS OPTIMISATION,4,mobile viewport; no effective cache-control for repeat visits; fetched before scroll despite being below the fold (unnecessary initial-load bytes)
uk,mobile,/products/earthing-and-lightning-protection/lightning-protection,detail,image,http://uk.infravolt.localhost:3000/_next/image?url=https%3A%2F%2Fpub-f1a143f96bfc47df8ff1ccd1aaea6671.r2.dev%2Fproducts%2Fearthing-lightning%2Flightning-protection%2Ffamily%2Fdown-conductor-clamps-fixing-elements.webp&w=384&q=75,true,1,false,1,lazy,,100,128,350,233,200,image/webp,4832,"public, max-age=0, must-revalidate",Fg5VWxuxzxQRKzVR2bhZUfhLY2ld-OI7dw5pD71MCl8,612.3000000044703,707.3999999985099,95.09999999403954,,636,0,0,NEEDS OPTIMISATION,4,mobile viewport; no effective cache-control for repeat visits; fetched before scroll despite being below the fold (unnecessary initial-load bytes)
uk,mobile,/products/earthing-and-lightning-protection/lightning-protection,detail,image,http://uk.infravolt.localhost:3000/_next/image?url=https%3A%2F%2Fpub-f1a143f96bfc47df8ff1ccd1aaea6671.r2.dev%2Fproducts%2Fearthing-lightning%2Flightning-protection%2Ffamily%2Factive-lightning-rod-mounting-material.webp&w=64&q=75,true,1,false,1,lazy,,46,46,55,37,200,image/webp,312,"public, max-age=0, must-revalidate",MrMxc12jETTC6YW9RhWEKRqEyHuo26O__C1PYc-0ROg,612.3999999985099,626.1000000014901,13.700000002980232,,636,0,0,NEEDS OPTIMISATION,4,mobile viewport; no effective cache-control for repeat visits; fetched before scroll despite being below the fold (unnecessary initial-load bytes)
uk,mobile,/products/earthing-and-lightning-protection/lightning-protection,detail,image,http://uk.infravolt.localhost:3000/_next/image?url=https%3A%2F%2Fpub-f1a143f96bfc47df8ff1ccd1aaea6671.r2.dev%2Fproducts%2Fearthing-lightning%2Flightning-protection%2Ffamily%2Flightning-arrester.webp&w=64&q=75,true,1,false,1,lazy,,46,46,55,37,200,image/webp,216,"public, max-age=0, must-revalidate",rZMvXn7MBYSu2BnGxshVuAgcNdBJ2VbFHN4KGyXPtak,612.5,626.7000000029802,14.200000002980232,,636,0,0,NEEDS OPTIMISATION,4,mobile viewport; no effective cache-control for repeat visits; fetched before scroll despite being below the fold (unnecessary initial-load bytes)
uk,mobile,/products/earthing-and-lightning-protection/lightning-protection,detail,image,http://uk.infravolt.localhost:3000/_next/image?url=https%3A%2F%2Fpub-f1a143f96bfc47df8ff1ccd1aaea6671.r2.dev%2Fproducts%2Fearthing-lightning%2Flightning-protection%2Ffamily%2Flightning-arrester-base.webp&w=64&q=75,true,1,false,1,lazy,,46,46,55,37,200,image/webp,602,"public, max-age=0, must-revalidate",OOaghF5n1YDTdRWbwFKJDP056CI0r5ZCSXL3IAGjCwo,612.5,631.3000000044703,18.80000000447035,,636,0,0,NEEDS OPTIMISATION,4,mobile viewport; no effective cache-control for repeat visits; fetched before scroll despite being below the fold (unnecessary initial-load bytes)
uk,mobile,/products/earthing-and-lightning-protection/lightning-protection,detail,image,http://uk.infravolt.localhost:3000/_next/image?url=https%3A%2F%2Fpub-f1a143f96bfc47df8ff1ccd1aaea6671.r2.dev%2Fproducts%2Fearthing-lightning%2Flightning-protection%2Ffamily%2Fdown-conductor-clamps-fixing-elements.webp&w=64&q=75,true,1,false,1,lazy,,46,46,55,37,200,image/webp,434,"public, max-age=0, must-revalidate",5UiDXnTpnazMv9PFtud13fAz2PZvXrxA2qnIrfp6-p4,612.6000000014901,631.8999999985099,19.299999997019768,,636,0,0,NEEDS OPTIMISATION,4,mobile viewport; no effective cache-control for repeat visits; fetched before scroll despite being below the fold (unnecessary initial-load bytes)
uk,mobile,/products/earthing-and-lightning-protection/lightning-protection,detail,image,http://uk.infravolt.localhost:3000/_next/image?url=https%3A%2F%2Fpub-f1a143f96bfc47df8ff1ccd1aaea6671.r2.dev%2Fbrand%2Finfravolt-wordmark-primary.webp&w=256&q=75,true,1,false,1,lazy,,152,34,256,58,200,image/webp,2474,"public, max-age=0, must-revalidate",Ucsv1x0HdI0L1LqO1xNf_h8mUlGsHAviRGR7m7Ls_6g,612.7000000029802,635.3999999985099,22.69999999552965,,636,0,0,NEEDS OPTIMISATION,4,mobile viewport; no effective cache-control for repeat visits; fetched before scroll despite being below the fold (unnecessary initial-load bytes)
uk,mobile,/products/earthing-and-lightning-protection/lightning-protection,detail,image,https://pub-f1a143f96bfc47df8ff1ccd1aaea6671.r2.dev/brand/infravolt-wordmark-transparent.webp,true,1,true,1,lazy,,220,50,1040,235,200,image/webp,52456,,"""93441a0dddaf3276056bd01d677cc5c4""",612.7000000029802,693,80.29999999701977,,636,0,0,NEEDS OPTIMISATION,4,above the fold; mobile viewport; no effective cache-control for repeat visits
uk,desktop,/products/underfloor-systems/underfloor-junction-boxes,detail,image,https://pub-f1a143f96bfc47df8ff1ccd1aaea6671.r2.dev/brand/infravolt-wordmark-primary.webp,true,1,true,1,eager,,252,57,1040,235,200,image/webp,126044,,"""15ab34f45bad11445e87379fdf35c690""",1750.5,1842.2000000029802,91.70000000298023,,2308,0,0,NEEDS OPTIMISATION,3,above the fold; no effective cache-control for repeat visits
uk,desktop,/products/underfloor-systems/underfloor-junction-boxes,detail,image,http://uk.infravolt.localhost:3000/_next/image?url=https%3A%2F%2Fpub-f1a143f96bfc47df8ff1ccd1aaea6671.r2.dev%2Fproducts%2Funderfloor%2Fseries%2Fbackground%2Funderfloor-junction-boxes-hero-background.webp&w=1920&q=75,true,1,false,0,eager,,1920,467,1672,941,200,image/webp,92228,"public, max-age=0, must-revalidate",Zb7csMoeMSG0EE2j4tiASRIhw76qdN8M9HyrGgCrQ3w,,,,,2308,1,0,NEEDS OPTIMISATION,4,is the page LCP element on at least one run; no effective cache-control for repeat visits
uk,desktop,/products/underfloor-systems/underfloor-junction-boxes,detail,image,http://uk.infravolt.localhost:3000/_next/image?url=https%3A%2F%2Fpub-f1a143f96bfc47df8ff1ccd1aaea6671.r2.dev%2Fproducts%2Funderfloor%2Fseries%2Fforeground%2Funderfloor-junction-boxes-hero-foreground-products.webp&w=1080&q=75,true,1,false,0,eager,,684,320,883,497,200,image/webp,80264,"public, max-age=0, must-revalidate",urKrhx1HFj7hnvAWRymNsgilVDFOu8uckBR-bHNmqKw,,,,,2308,0,0,GOOD,1,no effective cache-control for repeat visits
uk,desktop,/products/underfloor-systems/underfloor-junction-boxes,detail,image,http://uk.infravolt.localhost:3000/_next/image?url=https%3A%2F%2Fpub-f1a143f96bfc47df8ff1ccd1aaea6671.r2.dev%2Fproducts%2Funderfloor%2Fseries%2Fcard%2Funderfloor-socket-data-accessories-category-card.webp&w=64&q=75,true,1,false,1,lazy,,52,52,51,38,200,image/webp,692,"public, max-age=0, must-revalidate",eOStLPA3-TaXBD61jOnVN_cid5ALIiFXeEivOPHPhqw,2131.2000000029802,2287.8000000044703,156.60000000149012,,2308,0,0,NEEDS OPTIMISATION,3,no effective cache-control for repeat visits; fetched before scroll despite being below the fold (unnecessary initial-load bytes)
uk,desktop,/products/underfloor-systems/underfloor-junction-boxes,detail,image,http://uk.infravolt.localhost:3000/_next/image?url=https%3A%2F%2Fpub-f1a143f96bfc47df8ff1ccd1aaea6671.r2.dev%2Fproducts%2Funderfloor%2Fseries%2Fcard%2Funderfloor-cable-trays-category-card.webp&w=64&q=75,true,1,false,1,lazy,,52,52,51,38,200,image/webp,556,"public, max-age=0, must-revalidate",VdphYR_dgRSiEpXnypU2y3DI5CFdvfRXRi2aDBtCGU8,2131.4000000059605,2307.5,176.09999999403954,,2308,0,0,NEEDS OPTIMISATION,3,no effective cache-control for repeat visits; fetched before scroll despite being below the fold (unnecessary initial-load bytes)
uk,desktop,/products/underfloor-systems/underfloor-junction-boxes,detail,image,http://uk.infravolt.localhost:3000/_next/image?url=https%3A%2F%2Fpub-f1a143f96bfc47df8ff1ccd1aaea6671.r2.dev%2Fproducts%2Funderfloor%2Fseries%2Fcard%2Fraised-floor-trunking-category-card.webp&w=64&q=75,true,1,false,1,lazy,,52,52,51,38,200,image/webp,482,"public, max-age=0, must-revalidate",ud3lXHYbDlFiXhysAwH5FJ9Ky-DDzF_Es7ZBZcusas8,2131.4000000059605,2481.3000000044703,349.8999999985099,,2308,0,0,NEEDS OPTIMISATION,4,no effective cache-control for repeat visits; fetched before scroll despite being below the fold (unnecessary initial-load bytes)
uk,desktop,/products/underfloor-systems/underfloor-junction-boxes,detail,image,http://uk.infravolt.localhost:3000/_next/image?url=https%3A%2F%2Fpub-f1a143f96bfc47df8ff1ccd1aaea6671.r2.dev%2Fproducts%2Funderfloor%2Fseries%2Fcard%2Faluminium-trunking-category-card.webp&w=64&q=75,true,1,false,1,lazy,,52,52,51,34,200,image/webp,570,"public, max-age=0, must-revalidate",dRaGIv4_JAH2BBQhgwsILPRQDpVHkyU56CXY_4jG1F0,2131.5,2488.4000000059605,356.90000000596046,,2308,0,0,NEEDS OPTIMISATION,4,no effective cache-control for repeat visits; fetched before scroll despite being below the fold (unnecessary initial-load bytes)
uk,desktop,/products/underfloor-systems/underfloor-junction-boxes,detail,image,http://uk.infravolt.localhost:3000/_next/image?url=https%3A%2F%2Fpub-f1a143f96bfc47df8ff1ccd1aaea6671.r2.dev%2Fproducts%2Funderfloor%2Fseries%2Fcard%2Funderfloor-tray-accessories-category-card.webp&w=64&q=75,true,1,true,1,lazy,,52,52,51,34,200,image/webp,568,"public, max-age=0, must-revalidate",o0Ab-2UYk4A9NXDjOcI6PAKtDkzVxWa6Nd39VciVo_Q,2131.60000000149,2446.2000000029802,314.6000000014901,,2308,0,0,NEEDS OPTIMISATION,4,above the fold; no effective cache-control for repeat visits
uk,desktop,/products/underfloor-systems/underfloor-junction-boxes,detail,image,http://uk.infravolt.localhost:3000/_next/image?url=https%3A%2F%2Fpub-f1a143f96bfc47df8ff1ccd1aaea6671.r2.dev%2Fproducts%2Funderfloor%2Fseries%2Fforeground%2Funderfloor-junction-boxes-hero-foreground-products.webp&w=750&q=75,true,1,true,1,lazy,,372,250,729,410,200,image/webp,46622,"public, max-age=0, must-revalidate",tORqejH0EBtsNUGulLQed9MpVI4rKJ6Wp38hmK4Ugv4,2131.60000000149,2600.9000000059605,469.30000000447035,,2308,0,0,NEEDS OPTIMISATION,5,above the fold; moderate transfer time (469 ms); no effective cache-control for repeat visits
uk,desktop,/products/underfloor-systems/underfloor-junction-boxes,detail,image,https://pub-f1a143f96bfc47df8ff1ccd1aaea6671.r2.dev/brand/infravolt-wordmark-transparent.webp,true,1,true,1,lazy,,250,56,1040,235,200,image/webp,52456,,"""93441a0dddaf3276056bd01d677cc5c4""",2131.7000000029802,2176.3000000044703,44.600000001490116,,2308,0,0,NEEDS OPTIMISATION,3,above the fold; no effective cache-control for repeat visits
uk,mobile,/products/underfloor-systems/underfloor-junction-boxes,detail,image,https://pub-f1a143f96bfc47df8ff1ccd1aaea6671.r2.dev/brand/infravolt-wordmark-primary.webp,true,1,true,1,eager,,192,43,1040,235,200,image/webp,126044,,"""15ab34f45bad11445e87379fdf35c690""",132.60000000149012,271.3999999985099,138.79999999701977,,544,0,0,NEEDS OPTIMISATION,4,above the fold; mobile viewport; no effective cache-control for repeat visits
uk,mobile,/products/underfloor-systems/underfloor-junction-boxes,detail,image,http://uk.infravolt.localhost:3000/_next/image?url=https%3A%2F%2Fpub-f1a143f96bfc47df8ff1ccd1aaea6671.r2.dev%2Fproducts%2Funderfloor%2Fseries%2Fbackground%2Funderfloor-junction-boxes-hero-background.webp&w=640&q=75,true,1,false,0,eager,,390,727,390,219,200,image/webp,19864,"public, max-age=0, must-revalidate",ivAvXXcRAF2j6M1gFzE5eH-_51SxlQl15M_Bq6HLtnk,,,,,544,1,0,NEEDS OPTIMISATION,5,is the page LCP element on at least one run; mobile viewport; no effective cache-control for repeat visits
uk,mobile,/products/underfloor-systems/underfloor-junction-boxes,detail,image,http://uk.infravolt.localhost:3000/_next/image?url=https%3A%2F%2Fpub-f1a143f96bfc47df8ff1ccd1aaea6671.r2.dev%2Fproducts%2Funderfloor%2Fseries%2Fforeground%2Funderfloor-junction-boxes-hero-foreground-products.webp&w=384&q=75,true,2,false,0,eager,,322,184.5,350,197,200,image/webp,19562,"public, max-age=0, must-revalidate",TSqgKm9ovwK64a8s-FBwAZgY136XwujRhh0tTH5yQTU,,,,,544,0,0,GOOD,2,mobile viewport; no effective cache-control for repeat visits
uk,mobile,/products/underfloor-systems/underfloor-junction-boxes,detail,image,http://uk.infravolt.localhost:3000/_next/image?url=https%3A%2F%2Fpub-f1a143f96bfc47df8ff1ccd1aaea6671.r2.dev%2Fproducts%2Funderfloor%2Fseries%2Fcard%2Funderfloor-socket-data-accessories-category-card.webp&w=64&q=75,true,1,false,1,lazy,,52,52,51,38,200,image/webp,692,"public, max-age=0, must-revalidate",eOStLPA3-TaXBD61jOnVN_cid5ALIiFXeEivOPHPhqw,520,533.7000000029802,13.700000002980232,,544,0,0,NEEDS OPTIMISATION,4,mobile viewport; no effective cache-control for repeat visits; fetched before scroll despite being below the fold (unnecessary initial-load bytes)
uk,mobile,/products/underfloor-systems/underfloor-junction-boxes,detail,image,http://uk.infravolt.localhost:3000/_next/image?url=https%3A%2F%2Fpub-f1a143f96bfc47df8ff1ccd1aaea6671.r2.dev%2Fproducts%2Funderfloor%2Fseries%2Fcard%2Funderfloor-cable-trays-category-card.webp&w=64&q=75,true,1,false,1,lazy,,52,52,51,38,200,image/webp,556,"public, max-age=0, must-revalidate",VdphYR_dgRSiEpXnypU2y3DI5CFdvfRXRi2aDBtCGU8,520.2000000029802,534.8000000044703,14.600000001490116,,544,0,0,NEEDS OPTIMISATION,4,mobile viewport; no effective cache-control for repeat visits; fetched before scroll despite being below the fold (unnecessary initial-load bytes)
uk,mobile,/products/underfloor-systems/underfloor-junction-boxes,detail,image,http://uk.infravolt.localhost:3000/_next/image?url=https%3A%2F%2Fpub-f1a143f96bfc47df8ff1ccd1aaea6671.r2.dev%2Fproducts%2Funderfloor%2Fseries%2Fcard%2Fraised-floor-trunking-category-card.webp&w=64&q=75,true,1,false,1,lazy,,52,52,51,38,200,image/webp,482,"public, max-age=0, must-revalidate",ud3lXHYbDlFiXhysAwH5FJ9Ky-DDzF_Es7ZBZcusas8,520.3000000044703,535.5,15.199999995529652,,544,0,0,NEEDS OPTIMISATION,4,mobile viewport; no effective cache-control for repeat visits; fetched before scroll despite being below the fold (unnecessary initial-load bytes)
uk,mobile,/products/underfloor-systems/underfloor-junction-boxes,detail,image,http://uk.infravolt.localhost:3000/_next/image?url=https%3A%2F%2Fpub-f1a143f96bfc47df8ff1ccd1aaea6671.r2.dev%2Fproducts%2Funderfloor%2Fseries%2Fcard%2Faluminium-trunking-category-card.webp&w=64&q=75,true,1,false,1,lazy,,52,52,51,34,200,image/webp,570,"public, max-age=0, must-revalidate",dRaGIv4_JAH2BBQhgwsILPRQDpVHkyU56CXY_4jG1F0,520.3999999985099,536.1000000014901,15.700000002980232,,544,0,0,NEEDS OPTIMISATION,4,mobile viewport; no effective cache-control for repeat visits; fetched before scroll despite being below the fold (unnecessary initial-load bytes)
uk,mobile,/products/underfloor-systems/underfloor-junction-boxes,detail,image,http://uk.infravolt.localhost:3000/_next/image?url=https%3A%2F%2Fpub-f1a143f96bfc47df8ff1ccd1aaea6671.r2.dev%2Fproducts%2Funderfloor%2Fseries%2Fcard%2Funderfloor-tray-accessories-category-card.webp&w=64&q=75,true,1,false,1,lazy,,52,52,51,34,200,image/webp,568,"public, max-age=0, must-revalidate",o0Ab-2UYk4A9NXDjOcI6PAKtDkzVxWa6Nd39VciVo_Q,520.3999999985099,536.8999999985099,16.5,,544,0,0,NEEDS OPTIMISATION,4,mobile viewport; no effective cache-control for repeat visits; fetched before scroll despite being below the fold (unnecessary initial-load bytes)
uk,mobile,/products/underfloor-systems/underfloor-junction-boxes,detail,image,https://pub-f1a143f96bfc47df8ff1ccd1aaea6671.r2.dev/brand/infravolt-wordmark-transparent.webp,true,1,true,1,lazy,,220,50,1040,235,200,image/webp,52456,,"""93441a0dddaf3276056bd01d677cc5c4""",520.6000000014901,568.3000000044703,47.70000000298023,,544,0,0,NEEDS OPTIMISATION,4,above the fold; mobile viewport; no effective cache-control for repeat visits
uk,desktop,/products/led-systems/industrial-high-bay-lighting/ger-led-high-ceiling,detail,image,https://pub-f1a143f96bfc47df8ff1ccd1aaea6671.r2.dev/brand/infravolt-wordmark-primary.webp,true,1,true,1,eager,,252,57,1040,235,200,image/webp,126044,,"""15ab34f45bad11445e87379fdf35c690""",4018.10000000149,4106.70000000298,88.60000000149012,,4720,0,0,NEEDS OPTIMISATION,3,above the fold; no effective cache-control for repeat visits
uk,desktop,/products/led-systems/industrial-high-bay-lighting/ger-led-high-ceiling,detail,image,http://uk.infravolt.localhost:3000/_next/image?url=https%3A%2F%2Fpub-f1a143f96bfc47df8ff1ccd1aaea6671.r2.dev%2Fproducts%2Fled-lighting%2Fseries%2Fger-led-high-ceiling%2Fger-led-high-ceiling-hero-background.webp&w=1920&q=75,true,1,false,0,eager,,1920,551,1916,821,200,image/webp,43548,"public, max-age=0, must-revalidate",vg1-jXluUkyOWk5O53j8Fuy4YQK_rI49BJr5xkvrfGQ,,,,,4720,1,0,NEEDS OPTIMISATION,4,is the page LCP element on at least one run; no effective cache-control for repeat visits
uk,desktop,/products/led-systems/industrial-high-bay-lighting/ger-led-high-ceiling,detail,image,http://uk.infravolt.localhost:3000/_next/image?url=https%3A%2F%2Fpub-f1a143f96bfc47df8ff1ccd1aaea6671.r2.dev%2Fproducts%2Fled-lighting%2Fseries%2Fger-led-high-ceiling%2Fger-led-high-ceiling-hero-foreground.webp&w=1080&q=75,true,1,false,0,eager,,960,551,921,756,200,image/webp,25740,"public, max-age=0, must-revalidate",KWgHvzMV6FLytuZomx99yzNjqKIKgUfb9jC5tGKG0Z0,,,,,4720,0,0,GOOD,1,no effective cache-control for repeat visits
uk,desktop,/products/led-systems/industrial-high-bay-lighting/ger-led-high-ceiling,detail,image,http://uk.infravolt.localhost:3000/_next/image?url=https%3A%2F%2Fpub-f1a143f96bfc47df8ff1ccd1aaea6671.r2.dev%2Fproducts%2Fled-lighting%2Fseries%2Fger-led-high-ceiling%2Fger-led-high-ceiling-recessed-photometric-20.webp&w=1080&q=75,true,1,false,1,lazy,,584,438,864,864,200,image/webp,37356,"public, max-age=0, must-revalidate",DZQKlbAw-pqjf5PE6i-4CyhpLAzDx039xjxAhVrGbpg,4668.39999999851,5097.30000000447,428.90000000596046,,4720,0,0,NEEDS OPTIMISATION,5,moderate transfer time (429 ms); no effective cache-control for repeat visits; fetched before scroll despite being below the fold (unnecessary initial-load bytes)
uk,desktop,/products/led-systems/industrial-high-bay-lighting/ger-led-high-ceiling,detail,image,http://uk.infravolt.localhost:3000/_next/image?url=https%3A%2F%2Fpub-f1a143f96bfc47df8ff1ccd1aaea6671.r2.dev%2Fproducts%2Fled-lighting%2Fseries%2Fger-led-high-ceiling%2Fger-led-high-ceiling-recessed-drawing.webp&w=1080&q=75,true,1,false,1,lazy,,584,438,864,864,200,image/webp,17840,"public, max-age=0, must-revalidate",o5JsB_RsU6npyGDD6Zrm44m7KTS18x7rxMUOs2OLdNE,4668.60000000149,5326.89999999851,658.2999999970198,,4720,0,0,NEEDS OPTIMISATION,5,moderate transfer time (658 ms); no effective cache-control for repeat visits; fetched before scroll despite being below the fold (unnecessary initial-load bytes)
uk,desktop,/products/led-systems/industrial-high-bay-lighting/ger-led-high-ceiling,detail,image,http://uk.infravolt.localhost:3000/_next/image?url=https%3A%2F%2Fpub-f1a143f96bfc47df8ff1ccd1aaea6671.r2.dev%2Fproducts%2Fled-lighting%2Fseries%2Fger-led-high-ceiling%2Fger-led-high-ceiling-application-factories.webp&w=640&q=75,true,1,false,1,lazy,,411,308,480,488,200,image/webp,40632,"public, max-age=0, must-revalidate",fsRxI90_DD4mKtuivRznlTcVBCFFC_exyNtdf-S5bfQ,4668.70000000298,4963.39999999851,294.69999999552965,,4720,0,0,NEEDS OPTIMISATION,4,no effective cache-control for repeat visits; fetched before scroll despite being below the fold (unnecessary initial-load bytes)
uk,desktop,/products/led-systems/industrial-high-bay-lighting/ger-led-high-ceiling,detail,image,http://uk.infravolt.localhost:3000/_next/image?url=https%3A%2F%2Fpub-f1a143f96bfc47df8ff1ccd1aaea6671.r2.dev%2Fproducts%2Fled-lighting%2Fseries%2Fger-led-high-ceiling%2Fger-led-high-ceiling-application-warehouses.webp&w=640&q=75,true,1,false,1,lazy,,411,308,480,488,200,image/webp,59274,"public, max-age=0, must-revalidate",2tey-PDq1yTsxli21_N-3um4SL0rTNxZJu6Q_sjDM-Y,4668.80000000447,5182.60000000149,513.7999999970198,,4720,0,0,NEEDS OPTIMISATION,5,moderate transfer time (514 ms); no effective cache-control for repeat visits; fetched before scroll despite being below the fold (unnecessary initial-load bytes)
uk,desktop,/products/led-systems/industrial-high-bay-lighting/ger-led-high-ceiling,detail,image,http://uk.infravolt.localhost:3000/_next/image?url=https%3A%2F%2Fpub-f1a143f96bfc47df8ff1ccd1aaea6671.r2.dev%2Fproducts%2Fled-lighting%2Fseries%2Fger-led-high-ceiling%2Fger-led-high-ceiling-application-high-ceiling-applications.webp&w=640&q=75,true,1,false,1,lazy,,411,309,480,480,200,image/webp,46170,"public, max-age=0, must-revalidate",RAzGAf9q78USiF8t2MOA6sg8cd5Z12mW8bd_3ZIEcPw,4668.89999999851,5042.30000000447,373.40000000596046,,4720,0,0,NEEDS OPTIMISATION,4,no effective cache-control for repeat visits; fetched before scroll despite being below the fold (unnecessary initial-load bytes)
uk,desktop,/products/led-systems/industrial-high-bay-lighting/ger-led-high-ceiling,detail,image,http://uk.infravolt.localhost:3000/_next/image?url=https%3A%2F%2Fpub-f1a143f96bfc47df8ff1ccd1aaea6671.r2.dev%2Fproducts%2Fled-lighting%2Fseries%2Fger-led-high-ceiling%2Fger-led-high-ceiling-application-factories.webp&w=3840&q=75,true,1,false,0,lazy,,0,0,,,,,,,,,,,,4720,0,0,GOOD,1,no effective cache-control for repeat visits
uk,desktop,/products/led-systems/industrial-high-bay-lighting/ger-led-high-ceiling,detail,image,https://pub-f1a143f96bfc47df8ff1ccd1aaea6671.r2.dev/brand/infravolt-wordmark-transparent.webp,true,1,true,0,lazy,,250,56,1040,235,200,image/webp,52456,,"""93441a0dddaf3276056bd01d677cc5c4""",6078.80000000447,6124.80000000447,46,,4720,0,0,NEEDS OPTIMISATION,3,above the fold; no effective cache-control for repeat visits
uk,mobile,/products/led-systems/industrial-high-bay-lighting/ger-led-high-ceiling,detail,image,https://pub-f1a143f96bfc47df8ff1ccd1aaea6671.r2.dev/brand/infravolt-wordmark-primary.webp,true,1,true,1,eager,,192,43,1040,235,200,image/webp,126044,,"""15ab34f45bad11445e87379fdf35c690""",1432.7999999970198,1542.7999999970198,110,,1824,0,0,NEEDS OPTIMISATION,4,above the fold; mobile viewport; no effective cache-control for repeat visits
uk,mobile,/products/led-systems/industrial-high-bay-lighting/ger-led-high-ceiling,detail,image,http://uk.infravolt.localhost:3000/_next/image?url=https%3A%2F%2Fpub-f1a143f96bfc47df8ff1ccd1aaea6671.r2.dev%2Fproducts%2Fled-lighting%2Fseries%2Fger-led-high-ceiling%2Fger-led-high-ceiling-hero-background.webp&w=640&q=75,true,1,false,0,eager,,390,720,390,166,200,image/webp,8878,"public, max-age=0, must-revalidate",nmYJuSlJjrg4-EIx_ycJvBBZAdp6IcJ694hI2Amtt5g,,,,,1824,1,0,NEEDS OPTIMISATION,5,is the page LCP element on at least one run; mobile viewport; no effective cache-control for repeat visits
uk,mobile,/products/led-systems/industrial-high-bay-lighting/ger-led-high-ceiling,detail,image,http://uk.infravolt.localhost:3000/_next/image?url=https%3A%2F%2Fpub-f1a143f96bfc47df8ff1ccd1aaea6671.r2.dev%2Fproducts%2Fled-lighting%2Fseries%2Fger-led-high-ceiling%2Fger-led-high-ceiling-hero-foreground.webp&w=384&q=75,true,1,false,0,eager,,390,176,350,287,200,image/webp,7224,"public, max-age=0, must-revalidate",lu18azmnMVQX9NKup-lEAaTGwEkwKqDrc3P5AfvEJoQ,,,,,1824,0,0,GOOD,2,mobile viewport; no effective cache-control for repeat visits
uk,mobile,/products/led-systems/industrial-high-bay-lighting/ger-led-high-ceiling,detail,image,http://uk.infravolt.localhost:3000/_next/image?url=https%3A%2F%2Fpub-f1a143f96bfc47df8ff1ccd1aaea6671.r2.dev%2Fproducts%2Fled-lighting%2Fseries%2Fger-led-high-ceiling%2Fger-led-high-ceiling-recessed-photometric-20.webp&w=640&q=75,true,1,false,1,lazy,,308,231,390,390,200,image/webp,21736,"public, max-age=0, must-revalidate",mMgzC7U8p9_DriDVCnwZsqr74XIY79xXh8GEXVxLAeQ,1598.1000000014901,1876,277.8999999985099,,1824,0,0,NEEDS OPTIMISATION,5,mobile viewport; no effective cache-control for repeat visits; fetched before scroll despite being below the fold (unnecessary initial-load bytes)
uk,mobile,/products/led-systems/industrial-high-bay-lighting/ger-led-high-ceiling,detail,image,http://uk.infravolt.localhost:3000/_next/image?url=https%3A%2F%2Fpub-f1a143f96bfc47df8ff1ccd1aaea6671.r2.dev%2Fproducts%2Fled-lighting%2Fseries%2Fger-led-high-ceiling%2Fger-led-high-ceiling-recessed-drawing.webp&w=640&q=75,true,1,false,1,lazy,,308,231,390,390,200,image/webp,9808,"public, max-age=0, must-revalidate",eDLeWN1iPQMzEg-ynsKf1xzboQKkSFKYioHCVCwRDBk,1598.2999999970198,1838,239.70000000298023,,1824,0,0,NEEDS OPTIMISATION,5,mobile viewport; no effective cache-control for repeat visits; fetched before scroll despite being below the fold (unnecessary initial-load bytes)
uk,mobile,/products/led-systems/industrial-high-bay-lighting/ger-led-high-ceiling,detail,image,http://uk.infravolt.localhost:3000/_next/image?url=https%3A%2F%2Fpub-f1a143f96bfc47df8ff1ccd1aaea6671.r2.dev%2Fproducts%2Fled-lighting%2Fseries%2Fger-led-high-ceiling%2Fger-led-high-ceiling-application-factories.webp&w=640&q=75,true,2,false,1,lazy,,174,130.5,390,396,200,image/webp,40632,"public, max-age=0, must-revalidate",fsRxI90_DD4mKtuivRznlTcVBCFFC_exyNtdf-S5bfQ,1598.3999999985099,1666.6000000014901,68.20000000298023,,1824,0,0,NEEDS OPTIMISATION,4,mobile viewport; no effective cache-control for repeat visits; fetched before scroll despite being below the fold (unnecessary initial-load bytes)
uk,mobile,/products/led-systems/industrial-high-bay-lighting/ger-led-high-ceiling,detail,image,http://uk.infravolt.localhost:3000/_next/image?url=https%3A%2F%2Fpub-f1a143f96bfc47df8ff1ccd1aaea6671.r2.dev%2Fproducts%2Fled-lighting%2Fseries%2Fger-led-high-ceiling%2Fger-led-high-ceiling-application-warehouses.webp&w=3840&q=75,true,1,false,0,lazy,,0,0,,,,,,,,,,,,1824,0,0,GOOD,2,mobile viewport; no effective cache-control for repeat visits
uk,mobile,/products/led-systems/industrial-high-bay-lighting/ger-led-high-ceiling,detail,image,http://uk.infravolt.localhost:3000/_next/image?url=https%3A%2F%2Fpub-f1a143f96bfc47df8ff1ccd1aaea6671.r2.dev%2Fproducts%2Fled-lighting%2Fseries%2Fger-led-high-ceiling%2Fger-led-high-ceiling-application-high-ceiling-applications.webp&w=3840&q=75,true,1,false,0,lazy,,0,0,,,,,,,,,,,,1824,0,0,GOOD,2,mobile viewport; no effective cache-control for repeat visits
uk,mobile,/products/led-systems/industrial-high-bay-lighting/ger-led-high-ceiling,detail,image,https://pub-f1a143f96bfc47df8ff1ccd1aaea6671.r2.dev/brand/infravolt-wordmark-transparent.webp,true,1,true,0,lazy,,220,50,1040,235,200,image/webp,52456,,"""93441a0dddaf3276056bd01d677cc5c4""",3511.2999999970198,3561.2999999970198,50,,1824,0,0,NEEDS OPTIMISATION,4,above the fold; mobile viewport; no effective cache-control for repeat visits
